track_id,dot_match_1,dot_score_1,dot_match_2,dot_score_2,dot_match_3,dot_score_3,cov_match_1,cov_score_1,cov_match_2,cov_score_2,cov_match_3,cov_score_3,overlap,corr_match_1,corr_score_1,corr_match_2,corr_score_2,corr_match_3,corr_score_3,overlap_cov_corr,cos_match_1,cos_score_1,cos_match_2,cos_score_2,cos_match_3,cos_score_3,overlap_dot_cos,dot_cov_overlap,dot_corr_overlap,dot_cos_overlap,cov_corr_overlap,cov_cos_overlap,corr_cos_overlap,dot_match_1_idf,dot_score_1_idf,dot_match_2_idf,dot_score_2_idf,dot_match_3_idf,dot_score_3_idf,cov_match_1_idf,cov_score_1_idf,cov_match_2_idf,cov_score_2_idf,cov_match_3_idf,cov_score_3_idf,corr_match_1_idf,corr_score_1_idf,corr_match_2_idf,corr_score_2_idf,corr_match_3_idf,corr_score_3_idf,cos_match_1_idf,cos_score_1_idf,cos_match_2_idf,cos_score_2_idf,cos_match_3_idf,cos_score_3_idf
TRVYEUW128F148C08D,TRFUJVJ128F426F2A2,3570.0,TRWSYHO128F4282346,2865.0,TRVDAHO128F92F231E,2436.0,TRFUJVJ128F426F2A2,4.1381999999999985,TRWSYHO128F4282346,3.3693093750000007,TRVDAHO128F92F231E,2.95577343750001,3,TRQBTYN128F92EA704,586.9574648315047,TRCRGKS128F92C57A8,581.747090084037,TRYMECK128F428253F,550.981534211165,0,TRQBTYN128F92EA704,0.73913808345401,TRCRGKS128F92C57A8,0.7316274421252662,TRYMECK128F428253F,0.694669413787504,0,3,0,0,0,0,3,TRPURWU12903CA4A31,108.95266031131071,TRPLWSA128F92D555C,101.61049527314846,TRHRYAK128F1477540,100.58760870915184,TRPURWU12903CA4A31,0.11461210209096916,TRHRYAK128F1477540,0.10633677655567472,TREUPHA128F4278F34,0.10132398329466484,TRNQIOS12903CCF5E4,267.06144401070634,TRRGAEJ12903CA37B6,227.25943600034955,TREUPHA128F4278F34,211.4718487515462,TRNQIOS12903CCF5E4,0.35382379729512425,TRRGAEJ12903CA37B6,0.3051595525279233,TREUPHA128F4278F34,0.30170735811526317
TRCXKPC128F92FD04C,TRDPGXU128F9339C2A,3132.0,TRFUJVJ128F426F2A2,3012.0,TROIJDA128F9341E70,2988.0,TROIJDA128F9341E70,3.50526874999999,TRDPGXU128F9339C2A,3.461068749999997,TRCHZXW128E079288A,3.3624312500000086,2,TRDHQHB128F421FE15,525.4962565410785,TRZSMVL128F4289D4C,512.9015607412003,TRTPMBB128F42934F8,490.77922876061376,0,TRDHQHB128F421FE15,0.6692922727596603,TRZSMVL128F4289D4C,0.6557604034160445,TRTPMBB128F42934F8,0.6349611011001333,0,2,0,0,0,0,3,TRFUJVJ128F426F2A2,246.4825821114706,TRDPGXU128F9339C2A,215.6073461275193,TRQDUMO128F92E3896,200.28127094944304,TRHQAPS128F42A51F4,0.1492023238177047,TROYKQM128F428CCED,0.14315915967005904,TRQYLYP12903CC26F6,0.13265033983240843,TRQYLYP12903CC26F6,213.52678100804317,TRHQAPS128F42A51F4,209.26480104521815,TRWMHCZ128F42AE295,203.8675861311338,TRHQAPS128F42A51F4,0.3421506732540317,TRQYLYP12903CC26F6,0.3294082791932041,TRWMHCZ128F42AE295,0.3182902209314574
TRMMALW128F92FD049,TRFUJVJ128F426F2A2,4597.0,TRDPGXU128F9339C2A,3722.0,TRWSYHO128F4282346,3671.0,TRFUJVJ128F426F2A2,5.327649999999998,TRWSYHO128F4282346,4.315181249999995,TRDPGXU128F9339C2A,4.302434374999995,3,TRVVIWJ128F42697BA,533.5458969885228,TRRJXRE128F93141F6,531.8408031602947,TRPYPOE128F4248543,529.595925093523,0,TRVVIWJ128F42697BA,0.6782620363865318,TRRJXRE128F93141F6,0.6750246601106777,TRPYPOE128F4248543,0.6703596100206974,0,3,0,0,0,0,3,TRFUJVJ128F426F2A2,178.61903824220047,TREADOS128E078EC1F,162.43307034762321,TRDPGXU128F9339C2A,155.14230418241527,TREADOS128E078EC1F,0.15170194478140175,TRFUJVJ128F426F2A2,0.11663526023192171,TRBCPZS128F145ECC1,0.11527108174189943,TRDPECV128F425D06C,211.8548817360232,TRIXRYP128F149B87C,197.25999818696368,TRZJPEO128F42437AE,195.31844343091586,TRDPECV128F425D06C,0.2977239544664077,TREADOS128E078EC1F,0.2921640239717054,TRKCUZQ128F9337624,0.2764968207302844
TRJWAJC128F9327C4F,TRFUJVJ128F426F2A2,5557.0,TRDPGXU128F9339C2A,4567.0,TREBGAA128E078FC52,4088.0,TRFUJVJ128F426F2A2,6.364350000000005,TRDPGXU128F9339C2A,5.2221203124999995,TREBGAA128E078FC52,4.896135937499989,3,TRUNGLI128F425AD28,526.336711329471,TRAVJGH128F14ADDB7,511.81598330757424,TRKSSMT128E07948E7,504.54691060482907,0,TRUNGLI128F425AD28,0.667718031491555,TRAVJGH128F14ADDB7,0.6534939234987447,TRKSSMT128E07948E7,0.6430239888722205,0,3,0,0,0,0,3,TREEWEF128F145F673,207.07762687006067,TRBKQJB128F934EEF7,197.7806105619291,TRDPGXU128F9339C2A,196.09871987916364,TREEWEF128F145F673,0.16452041588604785,TRUWZJQ128F145E9F7,0.15888242172574543,TRBKQJB128F934EEF7,0.15483271271013072,TRCETEN128F42AD6D0,241.13382850897838,TROOXHY128F42645A4,235.8441489576259,TREIBLK128F148642C,234.51652226210797,TRCETEN128F42AD6D0,0.3460019266546868,TROOXHY128F42645A4,0.339255625264981,TREKDZI128F146A972,0.33139706999048885
TRPEBTH128F9327C4D,TRFUJVJ128F426F2A2,6673.0,TRDPGXU128F9339C2A,5569.0,TRWSYHO128F4282346,5237.0,TRFUJVJ128F426F2A2,7.593749999999982,TRDPGXU128F9339C2A,6.33613281250002,TRWSYHO128F4282346,6.057734375000003,3,TROXHLM128F4266510,594.4089980604557,TRAFLMU128F4274A4D,594.2678725975584,TRDPGXU128F9339C2A,593.3477381533554,1,TRDPGXU128F9339C2A,0.758552189169887,TROXHLM128F4266510,0.756381455883275,TRAFLMU128F4274A4D,0.7561220426091677,1,3,1,1,1,1,3,TRFUJVJ128F426F2A2,386.3706230177961,TRQAWKR128F425EEC3,294.5114529659673,TRQDUMO128F92E3896,281.1417357740439,TRQAWKR128F425EEC3,0.24848130900515789,TRFUJVJ128F426F2A2,0.24490281548845658,TRQDUMO128F92E3896,0.1876139693615449,TRTUCHE128F425B7CC,226.23048056903124,TRGVOYR128F9336E5A,216.0579644476979,TRQMXGX128F4264EF5,210.85765391082137,TRGVOYR128F9336E5A,0.3525846495709143,TRFUJVJ128F426F2A2,0.34303409050352635,TRTUCHE128F425B7CC,0.3382566839745338
TRNWHUD128F932E304,TRFUJVJ128F426F2A2,8789.0,TRWSYHO128F4282346,7434.0,TRDPGXU128F9339C2A,7016.0,TRFUJVJ128F426F2A2,10.091550000000014,TRWSYHO128F4282346,8.707784374999983,TREBGAA128E078FC52,8.426173437499976,2,TRKEINR128F4258B98,642.169650281175,TRZCHKB128F92CB740,639.0765145784445,TROXHLM128F4266510,633.2932301679673,0,TRKEINR128F4258B98,0.8100800277820065,TRZCHKB128F92CB740,0.8097786208426687,TROXHLM128F4266510,0.8019385595698869,0,2,0,0,0,0,3,TRFUJVJ128F426F2A2,318.78860760677674,TRDPGXU128F9339C2A,315.6372022753729,TRIPIMD128F92D3E12,271.10241459181435,TRIPIMD128F92D3E12,0.25692178294872775,TRUPCGD128F4282340,0.18862640117406967,TRZSQNU128F1461A9A,0.1876126910101873,TRIPIMD128F92D3E12,256.724780341686,TRZSQNU128F1461A9A,238.17277325593614,TRKTFAD12903CB80A0,234.98967498577858,TRIPIMD128F92D3E12,0.3835272957023939,TRZSQNU128F1461A9A,0.36091538382648186,TRKTFAD12903CB80A0,0.3492689868880622
TRFGGSX128F427A723,TRFUJVJ128F426F2A2,2328.0,TRDPGXU128F9339C2A,2215.0,TRCHZXW128E079288A,1918.0,TRFUJVJ128F426F2A2,2.6109999999999984,TRDPGXU128F9339C2A,2.5187031250000014,TRCHZXW128E079288A,2.2087968749999995,3,TRGLGNR128F1487A6F,563.0599903756383,TRZPHVT128F4298109,555.9287351985855,TRMDSAH12903CAF58C,549.1327585939339,0,TRGLGNR128F1487A6F,0.7156599537949512,TRZPHVT128F4298109,0.7093541132995728,TRMDSAH12903CAF58C,0.7006955849653108,0,3,0,0,0,0,3,TRCHZXW128E079288A,149.5988690591318,TRQAWKR128F425EEC3,137.7536234919156,TRBXUMD12903CBB64D,131.27990257475395,TRQAWKR128F425EEC3,0.10884926475401309,TROSMJT128F42917CB,0.1043157626134864,TRMSICB128F428A40A,0.100036294938482,TRBQTNZ128F42B09DF,189.1344962210362,TROSMJT128F42917CB,181.50341785769817,TRFNFSL128F146E882,180.1408592998412,TRBQTNZ128F42B09DF,0.28387782377696485,TRFNFSL128F146E882,0.28297808242677785,TROSMJT128F42917CB,0.27730858603431674
TRPTCMZ128F9340B09,TRFUJVJ128F426F2A2,1913.0,TRWSYHO128F4282346,1790.0,TRQAWKR128F425EEC3,1585.0,TRFUJVJ128F426F2A2,2.1888499999999995,TRWSYHO128F4282346,2.1052250000000017,TRQAWKR128F425EEC3,1.807725000000003,3,TRVJCBD128F4268421,515.6890953917834,TRGPUVY128F9313AD9,489.2812368063389,TRSTDLM128EF3431B6,483.59740537791475,0,TRVJCBD128F4268421,0.6552596777324119,TRGPUVY128F9313AD9,0.6187185674368255,TRSTDLM128EF3431B6,0.6164341452711488,0,3,0,0,0,0,3,TRFUJVJ128F426F2A2,151.9749950372209,TRCJUCQ12903CEB017,119.41702431327542,TRYCBLK12903CE6A0E,105.885959212277,TRCJUCQ12903CEB017,0.12201836386939748,TRFUJVJ128F426F2A2,0.10812559561140937,TRRYCLJ128F42A56FF,0.10140553429518727,TRONMKQ128F4266B98,320.97645598761983,TRGKRLH128F425788B,266.3202567948925,TRRDVVU12903CD20F1,232.38975842248684,TRONMKQ128F4266B98,0.41092873200223495,TRGKRLH128F425788B,0.3453251607258264,TRRDVVU12903CD20F1,0.32280468340119545
TRVKLGW12903CB4523,TRFUJVJ128F426F2A2,1486.0,TRDPGXU128F9339C2A,1480.0,TROIJDA128F9341E70,1471.0,TROIJDA128F9341E70,1.7725562500000054,TRDPGXU128F9339C2A,1.7192062499999985,TRVJCDB128F4263466,1.711325000000007,2,TRGZDBB128F4270A4C,622.9129821269831,TRFSQXF128F9311B25,601.5510884572382,TRSXWSL128F933DFE5,597.7615194685375,0,TRGZDBB128F4270A4C,0.7834660807446496,TRFSQXF128F9311B25,0.7553117160686514,TRSXWSL128F933DFE5,0.7532525144739896,0,2,0,0,0,0,3,TRFLWJZ128F425C9E4,69.94024940338288,TRCHZXW128E079288A,69.23213744542862,TRDPGXU128F9339C2A,66.17074759325435,TRUORRB128F42433B8,0.06661892742848656,TRRMQYQ128F42765E7,0.061751378794401776,TRFLWJZ128F425C9E4,0.05984029047435122,TRRMQYQ128F42765E7,267.61492920101966,TRHLIDH128F426150F,243.56446884927854,TRAGQSM128F1468ECD,210.99034320825908,TRRMQYQ128F42765E7,0.35608490895083494,TRHLIDH128F426150F,0.32122032787994115,TRZYEUM128F422BD98,0.2887049104200338
TRFBNZN128F9340B0E,TRFUJVJ128F426F2A2,2681.0,TRWSYHO128F4282346,1936.0,TRQAWKR128F425EEC3,1542.0,TRFUJVJ128F426F2A2,2.9533499999999986,TRWSYHO128F4282346,2.159959375000001,TRGLNKG128F9307689,1.6401984375000007,2,TRHWJQG128F92FD821,378.7163173620338,TRHRXAE128F92C1CDE,377.53426215655116,TRWUEMB128F148CCAC,376.3795778294104,0,TRHRXAE128F92C1CDE,0.4971205446381256,TRHWJQG128F92FD821,0.4888152706435525,TRWUEMB128F148CCAC,0.4878990560684231,0,2,0,0,0,0,3,TRQMAUL12903CE91AC,301.63555337323805,TRRUKSD128F9322FEF,269.3721923276803,TRFMKJY128F92E89F1,243.82556760932928,TRQMAUL12903CE91AC,0.31520325407290994,TRRUKSD128F9322FEF,0.3107156256303426,TRQGFHN128F428643E,0.2705879348073562,TROKNFL128F4290534,368.2799580904993,TRRUKSD128F9322FEF,351.2543782623709,TRCQZCM128F425FD8C,332.42829517139194,TROKNFL128F4290534,0.4779317461993666,TRRUKSD128F9322FEF,0.4585728531941818,TRCQZCM128F425FD8C,0.4407217351770495
TRBYDKJ12903CA9D33,TRVJCDB128F4263466,1868.0,TRFUJVJ128F426F2A2,1536.0,TRKLJAG128F42B31CF,1227.0,TRVJCDB128F4263466,2.2830062500000023,TRFUJVJ128F426F2A2,1.7842999999999978,TRKLJAG128F42B31CF,1.4922656249999917,3,TRVJCDB128F4263466,673.0263941048538,TRUQRFW128F145877E,579.9994707446838,TRGXDVA128F9350A48,550.0926846953854,1,TRVJCDB128F4263466,0.8441646524652541,TRUQRFW128F145877E,0.7291485984915439,TRGXDVA128F9350A48,0.6922102848214412,1,3,1,1,1,1,3,TRPBVCZ128EF3624B7,92.00491687882672,TRQAWKR128F425EEC3,84.50928500481145,TRUGJBZ128F92FD845,68.74978008302547,TRPBVCZ128EF3624B7,0.09108134007887847,TRQAWKR128F425EEC3,0.0800232651239584,TRUGJBZ128F92FD845,0.0785825877669209,TRUGJBZ128F92FD845,304.6223624243774,TRZSQNU128F1461A9A,221.73929948542502,TRRREHG128F9319163,217.35071448401717,TRUGJBZ128F92FD845,0.40154929704540376,TRPBVCZ128EF3624B7,0.3091774593488237,TRZSQNU128F1461A9A,0.30754823060929
TRWJKJK128F9338FEF,TRFUJVJ128F426F2A2,8737.0,TRWSYHO128F4282346,8094.0,TREBGAA128E078FC52,6661.0,TRFUJVJ128F426F2A2,10.159949999999998,TRWSYHO128F4282346,9.619965624999997,TREBGAA128E078FC52,8.046451562499984,3,TRMJBIJ128F93391B9,602.8977083463657,TRVWMAR128F425A2DA,595.5052642723498,TRJJTPI128F4276759,585.1613815280909,0,TRMJBIJ128F93391B9,0.7627562450752137,TRVWMAR128F425A2DA,0.7517032510777701,TRJJTPI128F4276759,0.7407423330399565,0,3,0,0,0,0,3,TRDPGXU128F9339C2A,311.76387959080284,TRFUJVJ128F426F2A2,310.47891521588923,TRHDXOY128F42B3BE9,268.31197110334307,TRALKUS128F42384AC,0.2499368724790805,TRHDXOY128F42B3BE9,0.2395647307457908,TRPUEFZ128F146269E,0.2395647307457908,TRJYWWT128F428B91F,224.17887192489815,TRALKUS128F42384AC,215.85469704591875,TRWYGFY128F1495A92,202.92394497799964,TRALKUS128F42384AC,0.324248368434438,TRJYWWT128F428B91F,0.31815655403347143,TRXRJZZ128F42BC247,0.29877986430275405
TRUULBP12903CA9D23,TRFUJVJ128F426F2A2,1215.0,TRQAWKR128F425EEC3,1196.0,TRDPGXU128F9339C2A,1055.0,TRQAWKR128F425EEC3,1.3273906250000025,TRFUJVJ128F426F2A2,1.3232500000000005,TRWSYHO128F4282346,1.1684843749999987,2,TRPCYSR128EF35F745,435.280711295833,TRXZNNF12903CA6F9B,432.2627410718021,TRBGUJV128E078FE5D,425.8188628492266,0,TRPCYSR128EF35F745,0.5617462530236114,TRXZNNF12903CA6F9B,0.5577415118492398,TRBGUJV128E078FE5D,0.5532563735196885,0,2,0,0,0,0,3,TRQAWKR128F425EEC3,125.32897303728876,TRVOSYJ128F426A939,91.37112785293054,TRDPGXU128F9339C2A,88.456962733862,TRQAWKR128F425EEC3,0.11921441984482165,TRVOSYJ128F426A939,0.09252650468789365,TRBGUJV128E078FE5D,0.08297047413604959,TRBGUJV128E078FE5D,236.95042283263848,TRIBBGP128F14903BE,236.025586344032,TRNKNQY12903CFF808,233.9074241399594,TRBGUJV128E078FE5D,0.3385618035136831,TRZNHJN128F4293FC2,0.33404400665249234,TRIBBGP128F14903BE,0.3323801756476486
TRYYJHJ128F9340B19,TRFUJVJ128F426F2A2,1853.0,TRDPGXU128F9339C2A,1496.0,TRGLNKG128F9307689,1283.0,TRFUJVJ128F426F2A2,2.1069499999999985,TRDPGXU128F9339C2A,1.6949671874999972,TRGLNKG128F9307689,1.4756390625000002,3,TRDBLNP128F93427D7,536.8706914997306,TRPMDDK12903D0D320,521.2693929366661,TRBJSDA128F42413CC,520.8466907664304,0,TRDBLNP128F93427D7,0.6855150363674519,TRBJSDA128F42413CC,0.6679150172978023,TRQMION128E078F6F6,0.6672072895572354,0,3,0,0,0,0,2,TRFUJVJ128F426F2A2,145.31602378060185,TRNVKOI128E0799173,138.6706013132764,TRHKJVR128F42857EA,110.3146965060428,TRNVKOI128E0799173,0.11572469970867745,TRYPHVM128F42437C0,0.10892772274129259,TRFUJVJ128F426F2A2,0.09193945767832831,TRGQGZP128F424D8B7,263.851290707041,TRYPHVM128F42437C0,239.44529441560235,TRNVKOI128E0799173,196.69743490967744,TRGQGZP128F424D8B7,0.3607213994761934,TRYPHVM128F42437C0,0.33869978276733104,TRNVKOI128E0799173,0.3170216853353793
TRHHJCL12903CB44B7,TRFUJVJ128F426F2A2,2371.0,TRWSYHO128F4282346,2137.0,TRQAWKR128F425EEC3,1713.0,TRFUJVJ128F426F2A2,2.71305,TRWSYHO128F4282346,2.507409375000002,TRQAWKR128F425EEC3,1.9263156250000026,3,TRKKXHG128F421A24C,489.38085920107136,TRDRMPD12903CD03B2,486.280713429083,TRSIDED12903CC71E0,480.90601095538125,0,TRKKXHG128F421A24C,0.6276589313861644,TRDRMPD12903CD03B2,0.621784412849926,TRSIDED12903CC71E0,0.6164340419701512,0,3,0,0,0,0,3,TRQAWKR128F425EEC3,169.6755062350144,TROVSGS128F4274CEE,147.28314409005907,TRFIUTM128F426343C,132.10855843173542,TRQAWKR128F425EEC3,0.16513477384968794,TROVSGS128F4274CEE,0.1302623872695623,TRYRGJV128F42690CC,0.12646691957837392,TRYRGJV128F42690CC,307.39006610789005,TRBSKJC12903CF3C64,257.39105542659007,TRDBFQH128E07933C2,238.76201725883547,TRYRGJV128F42690CC,0.4127939008864305,TRBSKJC12903CF3C64,0.3494767766393314,TRDBFQH128E07933C2,0.33571161625250073
TRWZXDS128F427A71B,TRKLJAG128F42B31CF,2429.0,TRCHZXW128E079288A,2295.0,TREBGAA128E078FC52,2292.0,TRKLJAG128F42B31CF,2.9687500000000004,TREBGAA128E078FC52,2.7838499999999966,TRCHZXW128E079288A,2.7293999999999965,3,TRVFUON128F92E2B10,558.2460156542936,TRCPSEE128F934BC20,552.0631856604452,TRJHQUI128F9355211,546.4156669969799,0,TRVFUON128F92E2B10,0.7023112300132486,TRCPSEE128F934BC20,0.6898684822115774,TRJHQUI128F9355211,0.6884824576413187,0,3,0,0,0,0,3,TRBCSDW128F424D686,114.37569097531079,TRHGZOJ128F14A2ED0,105.97978663579781,TROFGBC128E0783A2B,103.65163091631204,TRBCSDW128F424D686,0.1272472584366823,TRGPQHR128F425769C,0.11133532886712566,TRCGAVX12903CFBC61,0.10322267895786902,TRAIBCE128F428F082,301.73359406700905,TRRGAEJ12903CA37B6,282.073654578665,TREKKYO12903CB0F4A,256.11662085682457,TRAIBCE128F428F082,0.3867543745297671,TRRGAEJ12903CA37B6,0.37032913562248565,TREKKYO12903CB0F4A,0.3451403260481923
TRZDLWE12903CB44DE,TRWSYHO128F4282346,2415.0,TRFUJVJ128F426F2A2,2268.0,TREBGAA128E078FC52,2044.0,TRWSYHO128F4282346,2.8879781249999983,TRFUJVJ128F426F2A2,2.6348999999999996,TREBGAA128E078FC52,2.481457812499997,3,TRPALTN128F42614D4,589.8957892137985,TRKNZBD12903CD4DCD,587.924602396607,TRYDNTB128F9331278,582.2284767389076,0,TRPALTN128F42614D4,0.7445770452629388,TRKNZBD12903CD4DCD,0.7422477473632884,TRYDNTB128F9331278,0.7358409409036905,0,3,0,0,0,0,3,TRQAWKR128F425EEC3,115.49243408686776,TRRJQIQ128F429A974,110.75874164326609,TRSLSWO128E0786285,102.2992338048218,TRQAWKR128F425EEC3,0.10957563192626381,TRCPATC128F9318EE7,0.09946365203630181,TRRJQIQ128F429A974,0.09746774545696914,TRCPATC128F9318EE7,256.5868948298534,TRHDFNW12903CCD371,250.85772219393928,TRXJKEZ128F4279E33,230.8091123394425,TRCPATC128F9318EE7,0.35028464465302417,TRHDFNW12903CCD371,0.33299181842709674,TRWYRGB128F426783D,0.31295832015709324
TRNZQVO128F427A71E,TRFUJVJ128F426F2A2,1825.0,TRDPGXU128F9339C2A,1532.0,TRWSYHO128F4282346,1506.0,TRFUJVJ128F426F2A2,2.012149999999998,TRWSYHO128F4282346,1.7066343750000001,TRDPGXU128F9339C2A,1.6899578124999954,3,TRITIFV128F4294213,499.3851854162206,TRPUCJZ12903D12FDD,496.0352611149827,TRUWJOP128F42420DC,486.74683870905835,0,TRITIFV128F4294213,0.6401766373602283,TRPUCJZ12903D12FDD,0.6287694619975158,TRUWJOP128F42420DC,0.6225176217771732,0,3,0,0,0,0,3,TRTLIKK128E07862DA,133.94897306491728,TRFUJVJ128F426F2A2,121.85371818425682,TRCJUCQ12903CEB017,120.89324008646055,TRCJUCQ12903CEB017,0.11104087345237212,TRBNOOH128F426F02E,0.10704847758801046,TRXONNE128F145A821,0.1061483785710019,TRWREZO128F1458FAC,218.59427154730224,TRSNCVV128F42BAA34,217.49519341659567,TRXONNE128F145A821,216.79083469051832,TRXONNE128F145A821,0.3104165524557226,TRMZDUY128EF3444ED,0.3053264652465491,TRITIFV128F4294213,0.30069774358957896
TRAECHJ12903CC36DA,TRDPGXU128F9339C2A,2459.0,TRPBLTG128F933924A,2248.0,TRCHZXW128E079288A,2121.0,TRDPGXU128F9339C2A,2.7602296875000008,TRPBLTG128F933924A,2.702012500000012,TRCHZXW128E079288A,2.414645312499998,3,TRNGIXM128F148D3E6,580.6649014002274,TRPVEXL128F42732C5,533.5808029134334,TRALZXZ128F92E26EF,529.0160752111929,0,TRNGIXM128F148D3E6,0.7358411173733655,TRPVEXL128F42732C5,0.6751375721634584,TRALZXZ128F92E26EF,0.6748369848356612,0,3,0,0,0,0,3,TRYCBLK12903CE6A0E,183.64447542779783,TRDPGXU128F9339C2A,182.49977402684848,TRFUJVJ128F426F2A2,178.80420375329845,TRYCBLK12903CE6A0E,0.14467115953393914,TRKSIHT128F4298137,0.13597127909265055,TRVDTEO128F14956CF,0.12751046744499456,TRJFZZH128F92D2026,250.3009796623266,TRPTSIB128F425EA4D,236.88221089985785,TRBGCTC12903D0C1E2,233.43453206201846,TRJFZZH128F92D2026,0.33575818723326717,TRPTSIB128F425EA4D,0.3312260688596559,TRBGCTC12903D0C1E2,0.32761495410447483
TRRVSIN128F9338FD5,TRFFSMS128F428BC88,1584.0,TRLUGVB128F428E704,1418.0,TRYAWRN128F42792CB,1222.0,TRFFSMS128F428BC88,1.9072656249999937,TRLUGVB128F428E704,1.7282468750000035,TRYAWRN128F42792CB,1.4527750000000017,3,TROPHLE128F14546AE,694.7692966214706,TRVPQXR128F9333711,451.94175258051746,TRQPNOU128F429488E,426.969243544822,0,TROPHLE128F14546AE,0.8699962032182403,TRVPQXR128F9333711,0.5712988047253571,TRQPNOU128F429488E,0.5381112296108773,0,3,0,0,0,0,3,TROPHLE128F14546AE,209.6796133760853,TRUADOK12903CCDB56,119.62478716033553,TRANAPL128F42BA7D6,113.74174409470577,TROPHLE128F14546AE,0.2515485911504685,TRUADOK12903CCDB56,0.13514622286955844,TRPKFPV128F1467D67,0.12423955088176535,TROPHLE128F14546AE,524.6077124144526,TRWSWDF128F92ECDDA,276.83196645762126,TRPKFPV128F1467D67,261.21525650818023,TROPHLE128F14546AE,0.6646743300372232,TRWSWDF128F92ECDDA,0.36214574970551544,TRPKFPV128F1467D67,0.34947955496185706
TRYMMVG128F9340B1B,TRFUJVJ128F426F2A2,655.0,TRDPGXU128F9339C2A,542.0,TRFLWJZ128F425C9E4,529.0,TRFUJVJ128F426F2A2,0.6462500000000009,TRFLWJZ128F425C9E4,0.571601562500001,TRDPGXU128F9339C2A,0.5332421875000013,3,TRAQYXB128F92EC315,376.08863896274863,TRPCRIV12903CD6882,356.3625386394005,TRGJECL128F146752C,345.42955750163145,0,TRAQYXB128F92EC315,0.48924194357973777,TRPCRIV12903CD6882,0.4641938517020844,TRGJECL128F146752C,0.4567400573695089,0,3,0,0,0,0,3,TRWBSOS128F426A1CC,123.60052885098702,TREJHSZ128F148C11B,117.55843660857778,TRDPGXU128F9339C2A,116.83260286105872,TRWBSOS128F426A1CC,0.13017111258793487,TRKFHUS12903CE01E9,0.12559169428361647,TRVPHEE128F14B1263,0.1239440747636651,TRKFHUS12903CE01E9,274.3720286549651,TRVPHEE128F14B1263,262.94617667912934,TRLVYZC128F9326932,248.80857541269168,TRKFHUS12903CE01E9,0.36147734078795424,TRVPHEE128F14B1263,0.3541920714938153,TRWBSOS128F426A1CC,0.344489045378207
TRKSEEY12903CCD312,TRXJTJZ128F4295464,902.0,TRYCBLK12903CE6A0E,889.0,TRFUJVJ128F426F2A2,799.0,TRXJTJZ128F4295464,1.0378781250000018,TRYCBLK12903CE6A0E,0.9519015625000001,TRDPGXU128F9339C2A,0.7598609374999996,2,TRZFCJS128E0784D05,429.16417357856375,TRXJTJZ128F4295464,418.10878269676385,TROBUHQ128F149D98B,390.56218638394444,1,TRZFCJS128E0784D05,0.5586788128389328,TRXJTJZ128F4295464,0.5431163452312806,TROBUHQ128F149D98B,0.5124992210182767,1,2,1,1,1,1,3,TRDPGXU128F9339C2A,216.57804614439533,TRYCBLK12903CE6A0E,180.21644772384553,TRFUJVJ128F426F2A2,172.8889613210213,TRYCBLK12903CE6A0E,0.1498266023443555,TRDPGXU128F9339C2A,0.14656140543230722,TRXJTJZ128F4295464,0.12740479301169663,TRMVGUP128E0792615,224.60102305066,TROBUHQ128F149D98B,221.0540789918531,TRZOEFZ12903CAF410,208.86018155867765,TROBUHQ128F149D98B,0.3215858754059264,TRNMNVL128F42BCCD1,0.30384065086483375,TRMVGUP128E0792615,0.3016933514840455
TRFOGQC12903CA9D2E,TRFUJVJ128F426F2A2,2219.0,TRWSYHO128F4282346,1494.0,TRGLNKG128F9307689,1236.0,TRFUJVJ128F426F2A2,2.5552500000000005,TRWSYHO128F4282346,1.7247031249999996,TRUGLTC128F4227B93,1.4300156250000007,2,TRDJYOH128F429B2F8,490.64936486638186,TRYXYFR128E078C6B5,490.15915909289413,TRFUJVJ128F426F2A2,488.22329198457703,1,TRYXYFR128E078C6B5,0.6299231171848717,TRFUJVJ128F426F2A2,0.6291489352766583,TRDJYOH128F429B2F8,0.6268797913336144,1,2,1,1,1,1,3,TRFUJVJ128F426F2A2,107.75685593204494,TRDPGXU128F9339C2A,97.97994526950497,TRKWXOA128F424A78F,90.6085081613586,TRKWXOA128F424A78F,0.10382799570427441,TRZDBBB12903CE7208,0.10039065477861234,TRZRCGB128F146F82B,0.09230370341084868,TRZDBBB12903CE7208,305.76742515923405,TRKWXOA128F424A78F,299.52458437984455,TRSCRSV128F92F3D0B,264.68355034606975,TRZDBBB12903CE7208,0.40740267927254575,TRKWXOA128F424A78F,0.39458570458723463,TRSCRSV128F92F3D0B,0.35593119667528456
TREVCQU12903CCD318,TRFUJVJ128F426F2A2,2558.0,TRDPGXU128F9339C2A,2148.0,TREBGAA128E078FC52,1884.0,TRFUJVJ128F426F2A2,2.8455999999999992,TRDPGXU128F9339C2A,2.3907140624999994,TREBGAA128E078FC52,2.2256671875000054,3,TRKDVQI128F4271B77,526.2065948070033,TRLAEHY128F4262611,491.29441866199664,TRVMHRC128F9308C9A,481.292569974763,0,TRKDVQI128F4271B77,0.670605161857436,TRLAEHY128F4262611,0.6307612191887608,TRVMHRC128F9308C9A,0.6219959378222331,0,3,0,0,0,0,3,TRFUJVJ128F426F2A2,221.2329692253774,TRDPGXU128F9339C2A,184.20043579657573,TRVVRNW128EF362423,173.63880725733367,TRVVRNW128EF362423,0.16606562271052105,TRFUJVJ128F426F2A2,0.13496112378739536,TRQAWKR128F425EEC3,0.11592741731589225,TRVVRNW128EF362423,217.3234592501297,TRSIJOP128F9314929,208.15068931660375,TREROBC12903CFFC50,201.82353997358268,TRVVRNW128EF362423,0.32736101450688254,TRSIJOP128F9314929,0.3222286435427447,TRUDTXB128F423C537,0.29429713963293014
TRFLJNE12903CB44F1,TRFUJVJ128F426F2A2,2209.0,TRWSYHO128F4282346,1781.0,TREBGAA128E078FC52,1457.0,TRFUJVJ128F426F2A2,2.494449999999999,TRWSYHO128F4282346,2.0518875000000008,TREBGAA128E078FC52,1.723193750000002,3,TRVLVOT128F1460C61,452.2097807660271,TRBEWAM128F145CA91,451.9149683599181,TRGESLP12903CE31C8,448.19476982760426,0,TRBEWAM128F145CA91,0.5795693115308373,TRVLVOT128F1460C61,0.5781506783083159,TRGESLP12903CE31C8,0.5774632974445119,0,3,0,0,0,0,3,TRDPGXU128F9339C2A,117.88441118364432,TRFUJVJ128F426F2A2,116.2962770185542,TROIJDA128F9341E70,98.74623614769385,TROIJDA128F9341E70,0.0879431986141337,TROGOFF128F42827CE,0.08570183067777642,TRRYCLJ128F42A56FF,0.0781117982396708,TRSRAVI128F42636EE,246.22331089959397,TRAFWEV128F428D391,207.87678412958627,TRXGLHP128F92E5AFD,207.75749534419253,TRSRAVI128F42636EE,0.3348353249530741,TRJWTIG128F427E648,0.2912415674337765,TRRKTYG128F428939A,0.2884330337169986
TRQNNKX12903CB44CA,TREBGAA128E078FC52,2215.0,TRFUJVJ128F426F2A2,2205.0,TRWSYHO128F4282346,2108.0,TREBGAA128E078FC52,2.6444890625000075,TRFUJVJ128F426F2A2,2.4181499999999994,TRWSYHO128F4282346,2.4140406250000024,3,TRTNMJU128F4299B34,527.8130589850724,TRLVIKC12903CF81B9,494.62379422892315,TRCKORX128F1480B65,493.1887346873955,0,TRTNMJU128F4299B34,0.6698115401794407,TRLVIKC12903CF81B9,0.6271956421817664,TRLTTDC128E079380E,0.6264826776685397,0,3,0,0,0,0,2,TRZARUP128F9348146,193.30564433264738,TRHDXOY128F42B3BE9,189.28379570452975,TRPUEFZ128F146269E,189.28379570452975,TRPUEFZ128F146269E,0.18549709919728477,TRHDXOY128F42B3BE9,0.18549709919728477,TRZARUP128F9348146,0.18307837501261123,TRDRHRG128F428BBDB,320.0461293517117,TRYLINA128F1459E1C,282.5053901589315,TRGEMSN128E07944A8,273.66235010960963,TRDRHRG128F428BBDB,0.4311475064344073,TRYLINA128F1459E1C,0.3818669976174173,TRGEMSN128E07944A8,0.36837951516042927
TRKNKGC128F42A746A,TRFUJVJ128F426F2A2,7547.0,TRWSYHO128F4282346,6158.0,TRGLNKG128F9307689,5473.0,TRFUJVJ128F426F2A2,8.718449999999997,TRWSYHO128F4282346,7.230028124999999,TREBGAA128E078FC52,6.409607812499993,2,TRPBTSJ128F42A3168,562.4140837659133,TRHMLCK128F93085F2,558.2239850107193,TRBEWAM128F145CA91,554.9914824438237,0,TRPBTSJ128F42A3168,0.713714348878679,TRHMLCK128F93085F2,0.7060401258180394,TRBEWAM128F145CA91,0.7038096574177413,0,2,0,0,0,0,3,TRDPGXU128F9339C2A,206.36385099392734,TRDUSIG12903CA5FCB,192.4842799510692,TRQWDRK128F4241A32,191.31120359443818,TRHQIZI128F42A0297,0.1930740807338744,TRFDNZW12903CE7C71,0.14578485567774924,TRBNOOH128F426F02E,0.1437337508176174,TRHQIZI128F42A0297,246.46462096757344,TRSEKGC12903CAB349,240.35864514569974,TRELNET128F429FC16,214.74675224897834,TRHQIZI128F42A0297,0.3406363422886934,TRSEKGC12903CAB349,0.3262360448926654,TRKBMKY128F4267E1B,0.3095332777093186
TRWEHQE128F935A2D6,TRDPGXU128F9339C2A,2251.0,TRFUJVJ128F426F2A2,2160.0,TRYCBLK12903CE6A0E,2066.0,TRDPGXU128F9339C2A,2.452143750000002,TRYCBLK12903CE6A0E,2.3307562500000016,TRCHZXW128E079288A,2.279606249999999,2,TRBDCAH128EF362D31,486.98489001787965,TRVJFHH12903CA2811,483.04003546056686,TRAPEZB128F92FEFBC,482.4632611838707,0,TRBDCAH128EF362D31,0.6271014613120457,TRAPEZB128F92FEFBC,0.6211101328495388,TRVJFHH12903CA2811,0.6205870537019557,0,2,0,0,0,0,3,TRDPGXU128F9339C2A,221.39316875832864,TRPUUSG128E07953B7,179.6494375605286,TRJNANQ128F92D08C3,172.72057926336814,TRSWHDW128F14947CF,0.18338197725940908,TRJNANQ128F92D08C3,0.17113045165035057,TRPUUSG128E07953B7,0.15787459387435343,TRSWHDW128F14947CF,320.8325974488233,TRDTMEB128F92EFA68,275.05145626513547,TRIYNIM128F145F8FA,267.0692850349472,TRSWHDW128F14947CF,0.4316836006551532,TRDTMEB128F92EFA68,0.3798647058354821,TRIYNIM128F145F8FA,0.3717320833065939
TRPMJOK128F92F317A,TRFUJVJ128F426F2A2,2103.0,TRDPGXU128F9339C2A,1440.0,TRWSYHO128F4282346,1435.0,TRFUJVJ128F426F2A2,2.3803500000000013,TRWSYHO128F4282346,1.6314125000000015,TREBGAA128E078FC52,1.5974562500000022,2,TRRDSTH12903CF37F7,442.1008505205416,TRFSOAL128F931B19F,434.7757898439323,TRYVYKU128F426F26F,423.65278003228013,0,TRRDSTH12903CF37F7,0.5696912691762414,TRFSOAL128F931B19F,0.5577570277273353,TRYVYKU128F426F26F,0.5491798622456296,0,2,0,0,0,0,3,TRHJRZH128F428BC86,138.57148134751674,TRWNLAK128C7196461,128.00857569441874,TRTLIKK128E07862DA,124.8100515847761,TRHJRZH128F428BC86,0.14673371763276774,TRJAPND128F42507C5,0.12109540967254302,TRPXKXB12903CB440A,0.112765723705681,TRHJRZH128F428BC86,240.34667981505262,TRJAPND128F42507C5,239.35808776417338,TRCANIV128F428062F,223.12113415755763,TRHJRZH128F428BC86,0.3357026124527507,TRJAPND128F42507C5,0.3323088721027486,TRCANIV128F428062F,0.3040397804141395
TRGXECP12903CDDC43,TRFUJVJ128F426F2A2,3227.0,TRWSYHO128F4282346,2963.0,TREBGAA128E078FC52,2841.0,TRFUJVJ128F426F2A2,3.7393499999999995,TRWSYHO128F4282346,3.511350000000007,TREBGAA128E078FC52,3.443050000000004,3,TRWBWCV12903CF1327,599.2334969746194,TRNODEK128E07861DD,598.4609903571842,TRLTTDC128E079380E,591.8006697877065,0,TRNODEK128E07861DD,0.7561962839199741,TRWBWCV12903CF1327,0.756067027843703,TRLTTDC128E079380E,0.747349575969435,0,3,0,0,0,0,3,TRFUJVJ128F426F2A2,150.9591179839856,TRALKUS128F42384AC,148.8373280875691,TRDPGXU128F9339C2A,116.07342223157131,TRALKUS128F42384AC,0.14983888150738708,TRMDJHR128F92F84FC,0.11945237993391014,TREXHBK128F9312A37,0.10793076943290501,TRALKUS128F42384AC,228.8082538991587,TRMDJHR128F92F84FC,218.12597223630775,TREXHBK128F9312A37,210.20720060354822,TRALKUS128F42384AC,0.329169849090275,TRMDJHR128F92F84FC,0.3111146676583439,TREXHBK128F9312A37,0.3039388107958252
TREQYGT128E07859FA,TRFUJVJ128F426F2A2,4601.0,TRWSYHO128F4282346,3701.0,TREBGAA128E078FC52,3608.0,TRFUJVJ128F426F2A2,5.2429499999999996,TREBGAA128E078FC52,4.323185937499996,TRWSYHO128F4282346,4.2940593750000025,3,TRZFWHP12903D13D18,560.111412110383,TRIJWAB128F148AA50,553.2601315827809,TRAEPAC12903CE5DC8,549.8992718921287,0,TRZFWHP12903D13D18,0.7093228630758824,TRIJWAB128F148AA50,0.700632809590511,TRAEPAC12903CE5DC8,0.6958892324018713,0,3,0,0,0,0,3,TRFUJVJ128F426F2A2,188.72763441896328,TRDPGXU128F9339C2A,165.68065722584467,TRXKZZM128F9336E7C,161.6104201861799,TRXKZZM128F9336E7C,0.17548054636669824,TRELUOS128F421EE24,0.14414003992191424,TRGGPDR128F42A56FC,0.12408038093991296,TRXKZZM128F9336E7C,288.36118354721856,TRUPYXJ128F9319774,263.41084569070176,TRIYNIM128F145F8FA,250.354182311039,TRXKZZM128F9336E7C,0.39344785018069933,TRUPYXJ128F9319774,0.3618780086241202,TRIYNIM128F145F8FA,0.3470702918465385
TROFEVE12903CD8AAA,TRFUJVJ128F426F2A2,2268.0,TRDPGXU128F9339C2A,2092.0,TRCHZXW128E079288A,1772.0,TRFUJVJ128F426F2A2,2.513000000000004,TRDPGXU128F9339C2A,2.3457187499999987,TRCHZXW128E079288A,2.0117812499999976,3,TRWWLCH128F9307E59,511.0285989947781,TRSLGXM12903CE5B9C,499.47665701588164,TRNEDXS128EF347095,496.34921536643,0,TRWWLCH128F9307E59,0.6520805604100922,TRSLGXM12903CE5B9C,0.6374657574594913,TRNEDXS128EF347095,0.6311391808738567,0,3,0,0,0,0,3,TRFMKJY128F92E89F1,211.96369010441828,TRONPIZ128F1454219,198.2383897484197,TRQMAUL12903CE91AC,190.85303739883008,TRONPIZ128F1454219,0.2178613246680483,TRFMKJY128F92E89F1,0.20083896606355275,TRFDCNQ128F1459669,0.1967538453088295,TRONPIZ128F1454219,294.0767645887337,TRCCBDW128F92CD25E,291.0849850364589,TRAAHBS128F429F76A,263.868661069873,TRONPIZ128F1454219,0.39798701658819746,TRCCBDW128F92CD25E,0.3828997838040731,TRAAHBS128F429F76A,0.357378210530358
TRCFPJF128F428A872,TRFUJVJ128F426F2A2,7889.0,TRWSYHO128F4282346,7104.0,TREBGAA128E078FC52,6291.0,TRFUJVJ128F426F2A2,9.362150000000003,TRWSYHO128F4282346,8.553821874999985,TREBGAA128E078FC52,7.680317187499992,3,TRLVWXW128F4253365,685.8022098441189,TRNZPAS128F148D3EB,663.5837395550809,TRECXRG128F426AF2B,637.6431075324809,0,TRLVWXW128F4253365,0.8602212578815764,TRNZPAS128F148D3EB,0.8335277879280489,TRECXRG128F426AF2B,0.8014557433217919,0,3,0,0,0,0,3,TRFUJVJ128F426F2A2,150.22731499091103,TROJBZR128F92F315E,130.73627575323727,TRPUUSG128E07953B7,125.88843649885,TROJBZR128F92F315E,0.13714189443966265,TRLVWXW128F4253365,0.13659212659660805,TRMVGKO128E078552F,0.1210763905351603,TRLVWXW128F4253365,556.8369348112922,TRSGNZB128F424ECCA,276.50924217094666,TRMVGKO128E078552F,264.39443827680145,TRLVWXW128F4253365,0.7093138579497328,TRSGNZB128F424ECCA,0.38218123753604194,TRMVGKO128E078552F,0.36757191179765425
TRBFTHL128C7196B42,TRFUJVJ128F426F2A2,1609.0,TRWSYHO128F4282346,1603.0,TRGLNKG128F9307689,1567.0,TRWSYHO128F4282346,1.8774874999999982,TRGLNKG128F9307689,1.8404937499999996,TRFUJVJ128F426F2A2,1.8180499999999995,3,TRXZNNF12903CA6F9B,559.1784882578477,TRJXBDJ128F4292591,552.0563026755909,TRSAKRH128F4247F79,549.5844359101719,0,TRXZNNF12903CA6F9B,0.7090147186016058,TRJXBDJ128F4292591,0.7016972764662263,TRSAKRH128F4247F79,0.6981418553632347,0,3,0,0,0,0,3,TRGLNKG128F9307689,152.51649691909785,TROJYOU12903CBD2A8,101.44192931450264,TROGOFF128F42827CE,92.88704938162866,TRGLNKG128F9307689,0.13865630325943057,TROJYOU12903CBD2A8,0.09975956996135522,TRZKBFF128EF357167,0.09848417697044581,TRQLICG12903CBFAFD,310.5997110814899,TRPQUWE128F42B1B53,305.8344088383752,TRIYZBJ128F933D72E,292.81869283738234,TRQLICG12903CBFAFD,0.4076260866728643,TRPQUWE128F42B1B53,0.4053314550560442,TRIYZBJ128F933D72E,0.3896993340669455
TRFEGGQ128E07898AA,TRFUJVJ128F426F2A2,2237.0,TREAUAV128EF33FE50,1879.0,TRWSYHO128F4282346,1744.0,TRFUJVJ128F426F2A2,2.515649999999998,TREAUAV128EF33FE50,2.2835562499999975,TRWSYHO128F4282346,1.996618749999999,3,TRKKSER128F4241C16,588.2163276261967,TRPNSHU128F428049F,585.0625852415805,TRUOWXS128F4232239,580.6637882686864,0,TRKKSER128F4241C16,0.7408304133687239,TRPNSHU128F428049F,0.7350005406724144,TRUOWXS128F4232239,0.7317444599241864,0,3,0,0,0,0,3,TRRMFXK128F14841FD,152.32534121660063,TRQGLNM128F42618C6,138.06478868617634,TRSZNIY128F14A437E,132.01513515969464,TRRMFXK128F14841FD,0.15390309409344557,TRSZNIY128F14A437E,0.14115422548491863,TRPUKOY128F42AC976,0.1323459591652182,TRZTQEP128E0792526,323.46953888554214,TRPUKOY128F42AC976,314.33147725300006,TRQUJCP128F4238206,302.1586404446773,TRPUKOY128F42AC976,0.4224368904492077,TRZTQEP128E0792526,0.4136833020132849,TRQUJCP128F4238206,0.4042703634707603
TRDDDDX128E0793212,TRFUJVJ128F426F2A2,1647.0,TRWSYHO128F4282346,1532.0,TRGLNKG128F9307689,1249.0,TRFUJVJ128F426F2A2,1.8701500000000002,TRWSYHO128F4282346,1.7917437500000002,TRGLNKG128F9307689,1.4458093750000003,3,TRYOFCJ128F425A6B6,493.6006168086027,TRBEWAM128F145CA91,490.6117321069683,TRXNKTE128F427F992,486.900180405788,0,TRYOFCJ128F425A6B6,0.626346080342961,TRBEWAM128F145CA91,0.623717588308047,TRXNKTE128F427F992,0.6182644199064222,0,3,0,0,0,0,3,TROYGTB128F14564F4,96.33294195918275,TRZHKXV128F428A22A,84.89185849967309,TRCHZXW128E079288A,81.96100040334666,TROYGTB128F14564F4,0.10347242747207812,TRZHKXV128F428A22A,0.09594566564808733,TRSRTSN128F14564F6,0.0870788064929076,TRZHKXV128F428A22A,299.85702254745945,TRSRTSN128F14564F6,281.63582237842064,TROYGTB128F14564F4,262.22612358606267,TRZHKXV128F428A22A,0.39845904902159585,TRSRTSN128F14564F6,0.38161751897302926,TROYGTB128F14564F4,0.3599418499251933
TRWBAGY128F93034BF,TRFUJVJ128F426F2A2,1431.0,TRGLNKG128F9307689,1312.0,TRDPGXU128F9339C2A,1285.0,TRFUJVJ128F426F2A2,1.5679499999999984,TRGLNKG128F9307689,1.5048500000000025,TRWSYHO128F4282346,1.4544499999999965,2,TROIRUX128F92FC956,704.0183436682964,TRVVIWJ128F42697BA,490.55294714775346,TRLKEFU128F422C555,483.80628298286103,0,TROIRUX128F92FC956,0.885745926261553,TRVVIWJ128F42697BA,0.6330220103140114,TRLKEFU128F422C555,0.6217482026427427,0,2,0,0,0,0,3,TROIRUX128F92FC956,195.34258570626298,TRDPGXU128F9339C2A,134.73643097070268,TRFUJVJ128F426F2A2,119.33567925290178,TROIRUX128F92FC956,0.23012151328717098,TRDFOXO128F42BBDCD,0.0969402190164721,TRBEBJO128C719646B,0.096327994199353,TROIRUX128F92FC956,656.7424947476175,TRZANQO128F934855D,245.91085622939082,TRBYNEC12903CC0319,206.1172819452417,TROIRUX128F92FC956,0.8294753528199511,TRZANQO128F934855D,0.33963777372007503,TRHTURO128F92C2751,0.28419799410805086
TRLWIBC128E0792E2C,TRFUJVJ128F426F2A2,2719.0,TRDPGXU128F9339C2A,2110.0,TRUGLTC128F4227B93,1773.0,TRFUJVJ128F426F2A2,3.0353500000000047,TRDPGXU128F9339C2A,2.3335968749999942,TRUGLTC128F4227B93,2.0478812500000054,3,TRZRBOX128EF3435A7,461.51422682492733,TRTKXNY12903CB661C,460.4198865974499,TRQFRJG128F4260199,449.55368219426424,0,TRTKXNY12903CB661C,0.5968675616148561,TRZRBOX128EF3435A7,0.5930414797492458,TRQFRJG128F4260199,0.5812763812852317,0,3,0,0,0,0,3,TRDPGXU128F9339C2A,177.3253408017631,TROOJPJ128F14A2A86,135.4114122843105,TRVDTEO128F14956CF,126.98308675170357,TRLIJMV128F42692AA,0.11043860155850124,TRMZSRG128F428BE3F,0.10871221592822787,TRNXEME128F42AF458,0.10408799437475587,TRACBZQ128F425A848,223.7196738630304,TRXPACY128F429D14E,213.78301351339306,TRUFPXE128F92F206B,211.65405969536624,TRACBZQ128F425A848,0.3173628368895968,TRXPACY128F429D14E,0.30087662406600496,TRUFPXE128F92F206B,0.2952230874794379
TRAZQIG128F146372E,TRFUJVJ128F426F2A2,2423.0,TRDPGXU128F9339C2A,2285.0,TRCHZXW128E079288A,1863.0,TRFUJVJ128F426F2A2,2.66765,TRDPGXU128F9339C2A,2.554270312499999,TRCHZXW128E079288A,2.100854687499999,3,TRLURQM128F1484267,519.9366625293408,TRLSHDW128E078A58A,510.0961438616357,TRZLNPM128F42B3BF5,509.9320634392681,0,TRLURQM128F1484267,0.6664681902367555,TRZLNPM128F42B3BF5,0.656911610446021,TRLSHDW128E078A58A,0.653763644614063,0,3,0,0,0,0,3,TRDPGXU128F9339C2A,176.58578830888158,TRFUJVJ128F426F2A2,167.98133773368298,TRHSMEG128F42BC646,161.7411780743346,TRHSMEG128F42BC646,0.1350441746343526,TRAHZIL12903CF1DC2,0.1282807178342311,TREMIDG128F92E5580,0.11815752423135724,TRBPVOG128F427FF29,229.57541120880492,TRSEOHB128F14673A3,194.69990642824885,TRLYGWA128F429B2B9,186.2769079051875,TRBPVOG128F427FF29,0.31500095678640405,TRLYGWA128F429B2B9,0.2763772706992261,TRSEOHB128F14673A3,0.2760864804031255
TRQUJCP128F4238206,TRFUJVJ128F426F2A2,1804.0,TRDPGXU128F9339C2A,1711.0,TRWSYHO128F4282346,1577.0,TRFUJVJ128F426F2A2,2.001999999999997,TRDPGXU128F9339C2A,1.9271718750000022,TREBGAA128E078FC52,1.848265625000006,2,TRPMDDK12903D0D320,756.7414993244598,TRYYRLU12903D082FF,549.0151198456307,TRHJXVO128F9308F9F,547.0966097126477,0,TRPMDDK12903D0D320,0.9482073883144873,TRYYRLU12903D082FF,0.7003492917357614,TRZCHKB128F92CB740,0.6961442495270542,0,2,0,0,0,0,2,TRPMDDK12903D0D320,160.17813471173756,TRIPIMD128F92D3E12,110.67423059962273,TRFUJVJ128F426F2A2,106.07046847951305,TRPMDDK12903D0D320,0.18903846824893233,TRIPIMD128F92D3E12,0.10871498930463551,TRCGAVX12903CFBC61,0.10744703263565125,TRPMDDK12903D0D320,733.0175002117592,TRFJIIB128F145E7A7,332.6391035652949,TRFEGGQ128E07898AA,302.1586404446799,TRPMDDK12903D0D320,0.9205114386740806,TRFJIIB128F145E7A7,0.4434468588678242,TRFEGGQ128E07898AA,0.4042703634707603
TRIDJMD128E078B984,TRFUJVJ128F426F2A2,4289.0,TRWSYHO128F4282346,2974.0,TRQAWKR128F425EEC3,2837.0,TRFUJVJ128F426F2A2,5.025449999999999,TRWSYHO128F4282346,3.4980437500000026,TRQAWKR128F425EEC3,3.258356249999998,3,TRHLQOF12903CDF360,623.2466384703758,TREXDDS128F4277776,581.4912978659204,TRPJPVB128F930A092,580.8476244250701,0,TRHLQOF12903CDF360,0.7865780716762889,TREXDDS128F4277776,0.7373932721322488,TRPJPVB128F930A092,0.7342440698752284,0,3,0,0,0,0,3,TRFUJVJ128F426F2A2,119.4537647237082,TRDUSIG12903CA5FCB,112.46379417760906,TRDPGXU128F9339C2A,110.19498330600292,TRVHPUD128F145FE04,0.10200822676283318,TRVKWGK128F92E3BC2,0.09664007923526313,TRQMYAZ128F146672E,0.09151617358585701,TRVHPUD128F145FE04,250.4305332949864,TRITESU128F425F778,239.49504779208263,TRRXBIJ128F933F11D,237.48873651133405,TRVHPUD128F145FE04,0.36127858567168114,TRRXBIJ128F933F11D,0.33789735804776594,TRITESU128F425F778,0.33456942975035703
TRYRCXF128F424183D,TRFUJVJ128F426F2A2,2325.0,TRDPGXU128F9339C2A,2240.0,TRCHZXW128E079288A,1876.0,TRFUJVJ128F426F2A2,2.607249999999999,TRDPGXU128F9339C2A,2.549953125,TRCHZXW128E079288A,2.1562968749999993,3,TRFWXOJ12903CED198,795.5629173651824,TROOJPJ128F14A2A86,589.7538639051254,TRQCXUL128E078A9D6,578.4048120104401,0,TRFWXOJ12903CED198,0.9947246396459665,TROOJPJ128F14A2A86,0.7508391938954497,TRQCXUL128E078A9D6,0.7387241738395302,0,3,0,0,0,0,3,TRDPGXU128F9339C2A,216.2677907865719,TRFWXOJ12903CED198,196.05663187288664,TRFUJVJ128F426F2A2,179.91127711739477,TRFWXOJ12903CED198,0.22596229956475522,TRDPGXU128F9339C2A,0.1410256376069361,TRBWAGY128F4279771,0.11869342636935087,TRFWXOJ12903CED198,793.9975225324929,TRBWAGY128F4279771,236.64811168336243,TROIANT128F428B7DB,233.0803220109807,TRFWXOJ12903CED198,0.993074251246281,TRBWAGY128F4279771,0.36231175218884376,TROIANT128F428B7DB,0.3477847176137585
TRDQLTF128E0787809,TRFUJVJ128F426F2A2,4866.0,TRWSYHO128F4282346,4115.0,TREBGAA128E078FC52,3892.0,TRFUJVJ128F426F2A2,5.659300000000001,TRWSYHO128F4282346,4.8671749999999925,TREBGAA128E078FC52,4.7094625000000185,3,TRGDGKP128F42A34A7,799.2668485785549,TRDPNYI12903D0517A,648.7964455330615,TRKLJAG128F42B31CF,638.2096930915657,0,TRGDGKP128F42A34A7,0.9991177766257915,TRDPNYI12903D0517A,0.8176179338967285,TRFSJRW128F4292A99,0.8027262142956695,0,3,0,0,0,0,2,TRGDGKP128F42A34A7,283.2617644540798,TRDPGXU128F9339C2A,227.82807632109308,TRFUJVJ128F426F2A2,226.00654715112321,TRGDGKP128F42A34A7,0.3232612025784563,TRVVRNW128EF362423,0.13385585129664668,TRDUSIG12903CA5FCB,0.1329742901633038,TRGDGKP128F42A34A7,795.179779304445,TRVWNMB128F425A368,228.4488176042401,TRZRBOX128EF3435A7,213.541761866074,TRGDGKP128F42A34A7,0.9944948253315913,TRVWNMB128F425A368,0.338546173388738,TRRPJNC128F1472162,0.3311355816254642
TRUAAEQ128F423C52D,TRZZQIP128F92EFEAD,1407.0,TRDOJIR128F42840C0,1321.0,TRKKUWM128F92E4E1C,1148.0,TRZZQIP128F92EFEAD,1.7031515625000013,TRDOJIR128F42840C0,1.6012250000000006,TRKKUWM128F92E4E1C,1.4025109375000033,3,TRKKUWM128F92E4E1C,600.984703331184,TRGNRZC128F146D620,590.9348646208663,TRETSHC128F4232E14,590.7245129992574,1,TRKKUWM128F92E4E1C,0.75529830179037,TRGNRZC128F146D620,0.7421281052485834,TRETSHC128F4232E14,0.7413877951825896,1,3,1,1,1,1,3,TRKKUWM128F92E4E1C,502.3446325274821,TRRVXQX128F429A0C4,425.0526736911639,TRZRTPI12903D0954A,403.03308082046465,TRKKUWM128F92E4E1C,0.6074235874427777,TRRVXQX128F429A0C4,0.5083827314932409,TRZRTPI12903D0954A,0.48459508958826936,TROXBKT128F9316690,603.0262372591336,TRKDIWP128F92F19AA,584.789245475987,TRZITCI128F426837D,579.6368967966794,TROXBKT128F9316690,0.7586782853418743,TRKDIWP128F92F19AA,0.7360809436011486,TRZITCI128F426837D,0.7301924554454451
TRYGDNA128E078780C,TRSABJR128F429C84B,923.0,TRMLZFP128F932290C,917.0,TRIAELA128F149EEE6,906.0,TRSABJR128F429C84B,1.103387500000002,TRMLZFP128F932290C,1.0995000000000017,TRIAELA128F149EEE6,1.0704499999999992,3,TRNERSA128F92E5B78,612.9206990891513,TRTFZCQ128F1492159,594.7963169549042,TRQPAUT128F148AFF8,568.7667465094949,0,TRNERSA128F92E5B78,0.7702577482588894,TRTFZCQ128F1492159,0.7484485448986042,TRQPAUT128F148AFF8,0.7160180143380986,0,3,0,0,0,0,3,TRIAELA128F149EEE6,583.6038496216969,TRSABJR128F429C84B,578.8538584738046,TRRHCLC128F427D727,557.0187128098565,TRSABJR128F429C84B,0.6831421387313331,TRIAELA128F149EEE6,0.6801406659911855,TRRHCLC128F427D727,0.6549502797251466,TRNERSA128F92E5B78,560.27131700195,TRQPAUT128F148AFF8,554.6932084484647,TRUHSOV128F93372C6,545.2682693626422,TRNERSA128F92E5B78,0.7083673747139936,TRQPAUT128F148AFF8,0.7005620920030617,TRUHSOV128F93372C6,0.6891230873666019
TRDFTPP128F427550C,TRTCOWO128F930C444,1169.0,TRXXGET128F4259B88,949.0,TRRZNYJ128F42B8819,862.0,TRTCOWO128F930C444,1.3568515624999988,TRXXGET128F4259B88,1.1557031250000003,TRRZNYJ128F42B8819,1.0453359374999973,3,TRXXGET128F4259B88,434.4413810529706,TRMXMTG128F428CE24,358.80834850815216,TRYPKXM128F932A9EE,317.94344388525604,1,TRXXGET128F4259B88,0.5495001711304566,TRMXMTG128F428CE24,0.45772139224764413,TRYPKXM128F932A9EE,0.40971024655971094,1,3,1,1,1,1,3,TRPLWSA128F92D555C,208.75611914581904,TRNQSWR128EF34375F,201.45265804122468,TRBJGDU128F425AA2F,169.1420466551778,TRPLWSA128F92D555C,0.22421947601031234,TRNQSWR128EF34375F,0.22371653503973477,TRBJGDU128F425AA2F,0.1810807702093814,TRMOKYG128F429F3F4,313.49944843708846,TRTATPW128F428D14E,306.86259233108956,TRPLWSA128F92D555C,262.09594222936033,TRMOKYG128F429F3F4,0.41016872355538464,TRTATPW128F428D14E,0.4011534755404811,TRPLWSA128F92D555C,0.3562663194612972
TRRBWRX128F423C535,TRFUJVJ128F426F2A2,2200.0,TRCHZXW128E079288A,2187.0,TRDPGXU128F9339C2A,2172.0,TRCHZXW128E079288A,2.537789062499998,TRKLJAG128F42B31CF,2.5300781250000033,TRDPGXU128F9339C2A,2.455335937499999,2,TRMHLKD12903C98020,529.4328600910334,TREWIVO128E0782339,516.7018029963277,TRFLMEK128F428D4D2,511.64216903844584,0,TRMHLKD12903C98020,0.6734951718494046,TREWIVO128E0782339,0.6575239358312595,TRFLMEK128F428D4D2,0.6524274900988363,0,2,0,0,0,0,3,TRDQIWP128F9342105,102.26492903598651,TRRZFQA128F425F1A3,96.90794807856005,TRFFJLM128F148BCEF,96.80205866378388,TRRZFQA128F425F1A3,0.09836969798243951,TRLFAII128F1494188,0.09820867619566717,TRFLMEK128F428D4D2,0.09289420328295708,TRLFAII128F1494188,271.79874428615796,TRFLMEK128F428D4D2,249.01292712407908,TRHQACC128F42AF43D,216.4399374313198,TRLFAII128F1494188,0.3668784056413571,TRFLMEK128F428D4D2,0.34741019981699833,TRHQACC128F42AF43D,0.3068955281658607
TRJSTLV128F4241832,TRPUUSG128E07953B7,663.0,TRRVXQX128F429A0C4,500.0,TRYECON128F423ABA0,478.0,TRPUUSG128E07953B7,0.776387499999997,TRRVXQX128F429A0C4,0.6047187499999976,TRYECON128F423ABA0,0.5738078125000011,3,TREPYPE128F92EB38C,567.7146285500834,TRWYIWJ128F42BC158,552.0675980614469,TRUMJMF128F4276BEE,536.9512772501912,0,TREPYPE128F92EB38C,0.7146649400837465,TRWYIWJ128F42BC158,0.6953392321425388,TRUMJMF128F4276BEE,0.6764594891773381,0,3,0,0,0,0,3,TRZRTPI12903D0954A,327.60768308953675,TRRVXQX128F429A0C4,320.94618488536554,TRGOQOD128F14A2082,316.8352281752897,TRZRTPI12903D0954A,0.3936335065188541,TRRVXQX128F429A0C4,0.3822161058717503,TRGOQOD128F14A2082,0.38101760086443065,TRXNYOZ128F42BC146,584.0307620720341,TRUMJMF128F4276BEE,573.099436529007,TRTFUTA128F426408A,562.0557415540515,TRXNYOZ128F42BC146,0.7351143383532529,TRUMJMF128F4276BEE,0.7225305362850326,TRTFUTA128F426408A,0.7095144601757207
TRBRHPE128E0787803,TRDPGXU128F9339C2A,3830.0,TRCHZXW128E079288A,3532.0,TRFUJVJ128F426F2A2,3498.0,TRDPGXU128F9339C2A,4.433587499999994,TRKLJAG128F42B31CF,4.161874999999988,TRCHZXW128E079288A,4.147912499999993,2,TRVJKTB128F4262283,626.3379968105548,TREBQOW128F92C4549,607.4095066227621,TRWILVQ128F42644B3,607.3520489037875,0,TRVJKTB128F4262283,0.7893759960732115,TREBQOW128F92C4549,0.7679380626950867,TRWILVQ128F42644B3,0.7678209252492962,0,2,0,0,0,0,3,TRFUJVJ128F426F2A2,176.3373980504818,TRQAWKR128F425EEC3,149.65581176903606,TRDPGXU128F9339C2A,135.81328076552364,TRMGWBO128F428A374,0.12918896422478038,TRQAWKR128F425EEC3,0.11926463485858585,TRWOGKB128F930D065,0.1108966502173684,TRMGWBO128F428A374,226.63019554817413,TRWOGKB128F930D065,221.02704532398025,TRGDUNJ128F1472A44,214.8510923060684,TRMGWBO128F428A374,0.328182885281443,TRWOGKB128F930D065,0.3264820509808616,TRGDUNJ128F1472A44,0.3126373971025795
TRLJSTZ128F4241831,TRZRTPI12903D0954A,765.0,TRRVXQX128F429A0C4,631.0,TRKKUWM128F92E4E1C,587.0,TRZRTPI12903D0954A,0.9359468749999987,TRRVXQX128F429A0C4,0.7636562499999974,TRKKUWM128F92E4E1C,0.706489062499996,3,TRYVOZZ128F42738F6,653.5323316348862,TRBPDOM128F9316691,634.7868677342449,TRPLIYP128F9316695,604.8656642804012,0,TRYVOZZ128F42738F6,0.8193238354908697,TRBPDOM128F9316691,0.7964779230746887,TRPLIYP128F9316695,0.7583766446398089,0,3,0,0,0,0,3,TRZRTPI12903D0954A,505.17712155067426,TRGOQOD128F14A2082,502.92249291142474,TRWRDAM128F147232C,501.0320465017283,TRZRTPI12903D0954A,0.6103767179396332,TRGOQOD128F14A2082,0.6086873854253814,TRWRDAM128F147232C,0.6054912512220747,TRYVOZZ128F42738F6,663.440959237455,TRBPDOM128F9316691,662.1829068324823,TRZQTDL128F92E2347,654.2653190117769,TRYVOZZ128F42738F6,0.8322304092818275,TRBPDOM128F9316691,0.8311166699120334,TRZQTDL128F92E2347,0.8204634178767165
TRGURIJ128E078780B,TRFUJVJ128F426F2A2,1644.0,TRQAWKR128F425EEC3,1486.0,TRDPGXU128F9339C2A,1450.0,TRFUJVJ128F426F2A2,1.788199999999998,TRQAWKR128F425EEC3,1.6287625000000003,TRDPGXU128F9339C2A,1.5893812499999984,3,TRYKKOX128F4241839,799.9999999999931,TRVIJFO128F92D7E38,427.9013050652279,TRVZCMZ128F92F15D2,385.0541068702093,0,TRYKKOX128F4241839,1.0000000000000002,TRVIJFO128F92D7E38,0.5532172062804781,TRVZCMZ128F92F15D2,0.5002960267694229,0,3,0,0,0,0,3,TRYKKOX128F4241839,328.52953890073,TRQAWKR128F425EEC3,206.99040348991926,TROQUJK128F4254F90,165.97650630573193,TRYKKOX128F4241839,0.3953967473143368,TRQAWKR128F425EEC3,0.2021684213564484,TROQUJK128F4254F90,0.17462169993223103,TRYKKOX128F4241839,800.0000000000001,TRGANKE128F4275BFF,335.4615914876726,TRJRCCY128F930C12F,334.5140580016494,TRYKKOX128F4241839,0.9999999999999998,TRGANKE128F4275BFF,0.4217809096262354,TRJRCCY128F930C12F,0.4202537417329966
TRYKKOX128F4241839,TRFUJVJ128F426F2A2,1644.0,TRQAWKR128F425EEC3,1486.0,TRDPGXU128F9339C2A,1450.0,TRFUJVJ128F426F2A2,1.788199999999998,TRQAWKR128F425EEC3,1.6287625000000003,TRDPGXU128F9339C2A,1.5893812499999984,3,TRGURIJ128E078780B,799.9999999999931,TRVIJFO128F92D7E38,427.9013050652279,TRVZCMZ128F92F15D2,385.0541068702093,0,TRGURIJ128E078780B,1.0000000000000002,TRVIJFO128F92D7E38,0.5532172062804781,TRVZCMZ128F92F15D2,0.5002960267694229,0,3,0,0,0,0,3,TRGURIJ128E078780B,328.52953890073,TRQAWKR128F425EEC3,206.99040348991926,TROQUJK128F4254F90,165.97650630573193,TRGURIJ128E078780B,0.3953967473143368,TRQAWKR128F425EEC3,0.2021684213564484,TROQUJK128F4254F90,0.17462169993223103,TRGURIJ128E078780B,800.0000000000001,TRGANKE128F4275BFF,335.4615914876726,TRJRCCY128F930C12F,334.5140580016494,TRGURIJ128E078780B,0.9999999999999998,TRGANKE128F4275BFF,0.4217809096262354,TRJRCCY128F930C12F,0.4202537417329966
TRUVBEG128F92F0B48,TRFUJVJ128F426F2A2,2716.0,TRWSYHO128F4282346,2258.0,TRQAWKR128F425EEC3,1797.0,TRFUJVJ128F426F2A2,3.0684000000000013,TRWSYHO128F4282346,2.6090562500000005,TRLDRYJ128F930BBB4,2.0829125000000013,2,TRRXGDP128F933AD43,542.8506706332255,TRLDRYJ128F930BBB4,521.6836195572963,TRSYOTR128E078E784,504.3216384042378,1,TRRXGDP128F933AD43,0.6907654148388254,TRLDRYJ128F930BBB4,0.6683181023375242,TRSYOTR128E078E784,0.6437249161036644,0,2,0,0,1,1,3,TROWYLI128F4263DB4,145.1577660499266,TRZGQPN128F933A94C,138.8650186167113,TRDPGXU128F9339C2A,136.47778513528607,TROWYLI128F4263DB4,0.1461774462703223,TRZGQPN128F933A94C,0.13992569280037193,TRSZGTQ128F42BBA74,0.11028510304432347,TRZGQPN128F933A94C,285.50005028505655,TRTRYJM128F4284980,217.0919627357926,TRYBBGR12903CB1675,214.1418930273275,TRZGQPN128F933A94C,0.4047722432508723,TROWYLI128F4263DB4,0.31092592414298276,TRTRYJM128F4284980,0.30989230675971347
TRJBNZG128EF35A1AA,TRZZQIP128F92EFEAD,1405.0,TRDOJIR128F42840C0,1331.0,TRTHNFG12903D0CE54,798.0,TRZZQIP128F92EFEAD,1.7095984375000037,TRDOJIR128F42840C0,1.6217749999999953,TRTHNFG12903D0CE54,0.9396703125000017,3,TRVEYKM128F1482F51,503.71061606025546,TRLCMGN128F92FFA2E,500.0522498835387,TRCBKYM128F424378A,492.50888002636435,0,TRVEYKM128F1482F51,0.6368036318282508,TRLCMGN128F92FFA2E,0.6311773477025603,TRCBKYM128F424378A,0.6214542589736745,0,3,0,0,0,0,3,TRTHNFG12903D0CE54,392.588026229006,TRSVRQN128F42722CC,351.8123331660009,TROOGTK128F421BBE5,350.44668088111337,TRTHNFG12903D0CE54,0.44396316512921064,TROOGTK128F421BBE5,0.40938200020317367,TRSVRQN128F42722CC,0.403801344708019,TRFPBDS128F9317196,464.4789808892897,TRHZJKT128F92E20E9,463.936298236768,TROOGTK128F421BBE5,456.54045124004404,TRFPBDS128F9317196,0.5942838768246879,TRHZJKT128F92E20E9,0.5925813477690747,TROOGTK128F421BBE5,0.586012132370911
TRPJAPP128EF35A1AC,TRFLWJZ128F425C9E4,378.0,TRZZQIP128F92EFEAD,373.0,TRRVXQX128F429A0C4,368.0,TRRVXQX128F429A0C4,0.44796875000000314,TRZZQIP128F92EFEAD,0.4438828124999983,TRFLWJZ128F425C9E4,0.430664062499999,3,TRGGYCR128F426837F,574.1877479551009,TRWZTMS128F42AD03C,531.6924451703753,TRZKRRE128F4264095,521.3402561683569,0,TRGGYCR128F426837F,0.72109294214476,TRWZTMS128F42AD03C,0.6687940083445564,TRZKRRE128F4264095,0.6560733875680482,0,3,0,0,0,0,3,TRXFJGZ128F1474655,275.6771103798506,TRYVOZZ128F42738F6,270.324839472387,TRCYIAT128F42A64DF,251.91654958512544,TRXFJGZ128F1474655,0.3366810084319083,TRYVOZZ128F42738F6,0.33202821454704146,TRCYIAT128F42A64DF,0.30741893795256287,TRYVOZZ128F42738F6,600.8125303487964,TRMCVNS128F422BCFB,591.6749963907695,TRZDSCG12903CDEB7D,587.5296713725239,TRYVOZZ128F42738F6,0.754107003853643,TRMCVNS128F422BCFB,0.7428934301459661,TRZDSCG12903CDEB7D,0.7378066331103266
TRUDTXB128F423C537,TRFUJVJ128F426F2A2,4657.0,TRDPGXU128F9339C2A,2949.0,TRGLNKG128F9307689,2831.0,TRFUJVJ128F426F2A2,5.345149999999994,TRDPGXU128F9339C2A,3.288098437500002,TRGLNKG128F9307689,3.2473328124999954,3,TROSICW128F933ADB8,534.5255069770126,TRZBPGN128F92EDF7E,529.7369281055657,TRFUJVJ128F426F2A2,527.1160787263193,1,TROSICW128F933ADB8,0.6861895412846089,TRFUJVJ128F426F2A2,0.6777439830339153,TRZBPGN128F92EDF7E,0.6775570930475653,1,3,1,1,1,1,3,TRFUJVJ128F426F2A2,259.0608340302408,TRDPGXU128F9339C2A,237.3548624770976,TRLUXWO128F14618D6,176.68048507476206,TRFUJVJ128F426F2A2,0.14821169650595256,TRLUXWO128F14618D6,0.14401546671598536,TRKCGPH128F428EBB6,0.12232834059540354,TRGCICJ128F4243CBF,201.839018264013,TRWOYYY128F4267E9D,201.78047436367757,TRZRBOX128EF3435A7,198.8197684986162,TRGCICJ128F4243CBF,0.30799056751897597,TRWOYYY128F4267E9D,0.30462660615669357,TRZRBOX128EF3435A7,0.2989363280963049
TRMVVDP128E0787806,TRFUJVJ128F426F2A2,7162.0,TRWSYHO128F4282346,6206.0,TREBGAA128E078FC52,4726.0,TRFUJVJ128F426F2A2,8.377500000000017,TRWSYHO128F4282346,7.381718750000012,TREBGAA128E078FC52,5.6961718750000125,3,TRHXTSH128F932472E,635.9517766634965,TRSDDPK128F146AF76,633.2444983464056,TRXXGPE128F42916C7,630.6868276900382,0,TRHXTSH128F932472E,0.80153950644782,TRSDDPK128F146AF76,0.7994179058074643,TRXXGPE128F42916C7,0.7970711675926523,0,3,0,0,0,0,3,TRFUJVJ128F426F2A2,211.7715553763261,TRDPGXU128F9339C2A,206.14594134522517,TRCHZXW128E079288A,172.05563362327646,TRRVIRD128F42AED3E,0.14749623586490648,TRGTGJR128F92D2C42,0.1279796657933807,TRZZQIP128F92EFEAD,0.12373808105989918,TRCHLQK128F4261337,230.66442586778112,TRZHYJX128F92EB952,228.771417082253,TRKKWXD128E078DB27,225.3481194305085,TRZHYJX128F92EB952,0.3415252432583346,TRCHLQK128F4261337,0.33564985230548966,TRNEGIP128F4296261,0.3323697510098559
TRIEQWR128E078780D,TRFUJVJ128F426F2A2,4545.0,TRWSYHO128F4282346,4530.0,TRDPGXU128F9339C2A,3980.0,TRWSYHO128F4282346,5.378409374999995,TRFUJVJ128F426F2A2,5.246549999999998,TRDPGXU128F9339C2A,4.6114703125000025,3,TRQBRPI12903D0FCFB,795.9288922026585,TRGVTSO12903CABC19,563.5050911786004,TRUBZKT128F9307E53,558.0027052030258,0,TRQBRPI12903D0FCFB,0.9950341894694665,TRGVTSO12903CABC19,0.7121688843972471,TRUBZKT128F9307E53,0.7066703124759901,0,3,0,0,0,0,3,TRQBRPI12903D0FCFB,288.01386296130624,TRFLWJZ128F425C9E4,143.359690105341,TRWNLAK128C7196461,133.76281629984396,TRQBRPI12903D0FCFB,0.3471695821832712,TRGPQHR128F425769C,0.14069922754356556,TRWRMJN128F428076B,0.12955385624565752,TRQBRPI12903D0FCFB,798.6889092716352,TRHTAXK12903CC5397,290.9440280403424,TRSFNYE128F42AD8C6,290.8816463914123,TRQBRPI12903D0FCFB,0.9984130353078996,TRSFNYE128F42AD8C6,0.38305360747223294,TRHTAXK12903CC5397,0.37407872391898683
TRBEYYM128F1493C56,TRFUJVJ128F426F2A2,2718.0,TRWSYHO128F4282346,2074.0,TRQAWKR128F425EEC3,1737.0,TRFUJVJ128F426F2A2,3.034100000000001,TRWSYHO128F4282346,2.3550062500000006,TRBKYVE128F93350D1,1.9272593749999978,2,TRMIVIX128F42731D4,489.43821176750293,TRWRNNB128F429FE6B,483.6527068958009,TRLDRYJ128F930BBB4,463.19494263312095,0,TRMIVIX128F42731D4,0.626074851774407,TRWRNNB128F429FE6B,0.6253044259172873,TRLDRYJ128F930BBB4,0.6002286115458932,0,2,0,0,0,0,3,TRDPGXU128F9339C2A,185.7119702159796,TRFUJVJ128F426F2A2,157.45476121832013,TRKHTKI128F92EA339,142.28365057870803,TRUFCYN128F93385FE,0.11434996536375715,TRFFTBO128F92D8275,0.11398201881871098,TRWVZBZ128F1462E08,0.11320929771881694,TRMGSLI128F93276B8,241.58823957711678,TRHXKMH128E0786BA3,227.90158711970867,TRNDLHW128F424EF6B,226.85016305416343,TRMGSLI128F93276B8,0.35704130403920237,TRNDLHW128F424EF6B,0.33116039218643367,TRUGIIC128F92C3219,0.3264480967833296
TRPITXR128F427FA1B,TRFUJVJ128F426F2A2,824.0,TRDPGXU128F9339C2A,787.0,TRCHZXW128E079288A,604.0,TRFUJVJ128F426F2A2,0.8368000000000008,TRDPGXU128F9339C2A,0.8221812500000003,TRCHZXW128E079288A,0.6330687500000001,3,TRYLIGF128F428CFBC,788.1556894201443,TRKVITQ128F4271B31,377.4101459052462,TRRPLDV128F92D6086,369.0872512554883,0,TRYLIGF128F428CFBC,0.9859194045679841,TRKVITQ128F4271B31,0.49876140383270867,TRWMTYV128F9303212,0.47960640532661186,0,3,0,0,0,0,2,TRYLIGF128F428CFBC,250.8750151378946,TRTLIKK128E07862DA,141.06905466886687,TRDUSIG12903CA5FCB,134.79324967747198,TRYLIGF128F428CFBC,0.2990969369616452,TRECWUU128F9329272,0.13683271090418678,TRRPLDV128F92D6086,0.1289212530712953,TRYLIGF128F428CFBC,777.3489936457253,TRRPLDV128F92D6086,334.3387478120104,TRECWUU128F9329272,266.65988941534897,TRYLIGF128F428CFBC,0.9729581386973988,TRRPLDV128F92D6086,0.43437696075010485,TRECWUU128F9329272,0.3655171004479236
TRGFMUJ128F423C52F,TRKKUWM128F92E4E1C,311.0,TRRVXQX128F429A0C4,305.0,TRZRTPI12903D0954A,305.0,TRKKUWM128F92E4E1C,0.3756796875000004,TRZRTPI12903D0954A,0.37151562499999935,TRRVXQX128F429A0C4,0.3692187500000015,3,TRMUOCQ128F92EB38B,633.5668164850031,TRHEJBV128F146D61D,582.0328899442457,TRGGYCR128F426837F,550.3388988044857,0,TRMUOCQ128F92EB38B,0.7954084308108675,TRHEJBV128F146D61D,0.7318229110975953,TRGGYCR128F426837F,0.693043075881872,0,3,0,0,0,0,3,TRKKUWM128F92E4E1C,292.55200316419916,TRZRTPI12903D0954A,287.81813331820035,TRWRDAM128F147232C,272.38652570454013,TRKKUWM128F92E4E1C,0.3532856034069354,TRZRTPI12903D0954A,0.3481612287844901,TRWRDAM128F147232C,0.32903458297696253,TRGGYCR128F426837F,642.3126951305052,TRMUOCQ128F92EB38B,607.0821835786163,TRZKRRE128F4264095,604.8109293461706,TRGGYCR128F426837F,0.8063033392396602,TRMUOCQ128F92EB38B,0.7630867127253084,TRZKRRE128F4264095,0.7604026952063446
TRGVTSO12903CABC19,TRFUJVJ128F426F2A2,5833.0,TRWSYHO128F4282346,5385.0,TRDPGXU128F9339C2A,5004.0,TRFUJVJ128F426F2A2,6.801350000000005,TRWSYHO128F4282346,6.411084374999989,TREBGAA128E078FC52,5.918698437500002,2,TRRDVQC128EF3495E4,685.3659491423987,TRGAGNZ128F42712C3,643.0998714282971,TRPIGYF12903CC71FD,639.4280201025148,0,TRRDVQC128EF3495E4,0.8592162924345821,TRGAGNZ128F42712C3,0.8086388634157978,TRPIGYF12903CC71FD,0.8051199261958836,0,2,0,0,0,0,3,TRDGICW128F42963E2,150.0878883838765,TREKDDG128F4298103,147.14342353393056,TRFUJVJ128F426F2A2,141.87515698815633,TRPVAMZ128F4286261,0.1291905878695042,TROYIKV12903CB0B9C,0.11726043884981653,TREKDDG128F4298103,0.11617777119085497,TRFKUYE128F428AE02,251.20213015151813,TRRDVQC128EF3495E4,245.08909585532172,TROYIKV12903CB0B9C,239.2866327043241,TROYIKV12903CB0B9C,0.3451370795156781,TRRDVQC128EF3495E4,0.3385128265424583,TRPVAMZ128F4286261,0.33509738810095413
TRJGMSL128F4230A6C,TRFUJVJ128F426F2A2,15262.0,TRWSYHO128F4282346,14936.0,TREBGAA128E078FC52,11789.0,TRWSYHO128F4282346,17.80420000000001,TRFUJVJ128F426F2A2,17.752700000000008,TREBGAA128E078FC52,14.249350000000014,3,TRNHSZN128F930FF03,635.1413415451668,TRAJLRQ12903D0CD64,633.0237900989098,TRAQOZG128F4263EE2,625.8953417019429,0,TRNHSZN128F930FF03,0.8012772171146152,TRAJLRQ12903D0CD64,0.8002431245726551,TRAQOZG128F4263EE2,0.7898154388967737,0,3,0,0,0,0,3,TRQWDRK128F4241A32,687.7508086500245,TRBKQJB128F934EEF7,684.2599473475987,TRMVPVK128F93462DE,610.7471459341753,TRBKQJB128F934EEF7,0.6135003878068882,TRMVPVK128F93462DE,0.5431232224268426,TRQWDRK128F4241A32,0.5402937400113341,TRMVPVK128F93462DE,328.6036626122335,TRNRSMW128F14624A1,312.6998133085102,TRIUYFJ128F421FBCA,309.6916436867025,TRMVPVK128F93462DE,0.49482812814691834,TRIUYFJ128F421FBCA,0.47962279698105476,TRNRSMW128F14624A1,0.4713212849461285
TRBGUUE128F1494FB6,TRFUJVJ128F426F2A2,2626.0,TRDPGXU128F9339C2A,2184.0,TRGUCIR128F933D817,1936.0,TRFUJVJ128F426F2A2,2.7029000000000036,TRDPGXU128F9339C2A,2.2452937499999983,TRGUCIR128F933D817,2.1459499999999974,3,TRMFOTI128F931989A,487.3459455534642,TRMQVEX128F92F29D1,476.53552813132495,TRVFFNK128F9336F8D,470.62524189535094,0,TRMFOTI128F931989A,0.6432554026190045,TRMQVEX128F92F29D1,0.6272950822072653,TRVFFNK128F9336F8D,0.6132052770450744,0,3,0,0,0,0,3,TRFUJVJ128F426F2A2,343.5186971779116,TRDPGXU128F9339C2A,307.8906117427847,TRDUSIG12903CA5FCB,287.5764415564448,TRBERRB128F932D534,0.18172886717820888,TRDUSIG12903CA5FCB,0.17372812214334415,TRIFVKW128F145C141,0.17108782155583024,TROXPNE128F9337718,206.83663187126464,TRFRXGD128F42717FF,206.82452525325857,TRXGJGX128F427E6CB,205.94794274883316,TRFRXGD128F42717FF,0.3372507483242537,TRIFVKW128F145C141,0.33125096022519596,TRBERRB128F932D534,0.32813822348517907
TREPYPE128F92EB38C,TRKKUWM128F92E4E1C,545.0,TRZRTPI12903D0954A,487.0,TRRVXQX128F429A0C4,476.0,TRKKUWM128F92E4E1C,0.6595906250000008,TRZRTPI12903D0954A,0.5926187500000009,TRRVXQX128F429A0C4,0.5750624999999985,3,TRWYIWJ128F42BC158,732.8597747921435,TRQXNGQ128F4266139,726.4303668541322,TRBPDOM128F9316691,635.6403853557861,0,TRWYIWJ128F42BC158,0.9176725071835744,TRQXNGQ128F4266139,0.9098364354359195,TRBPDOM128F9316691,0.7979626251385126,0,3,0,0,0,0,3,TRZRTPI12903D0954A,420.90028901666244,TRKKUWM128F92E4E1C,414.2269890385519,TRWRDAM128F147232C,401.7147575642363,TRZRTPI12903D0954A,0.5087770387841357,TRKKUWM128F92E4E1C,0.49925067058312644,TRWRDAM128F147232C,0.48503845455295047,TRWYIWJ128F42BC158,758.7866916647865,TRQXNGQ128F4266139,757.9931499842393,TRWAWSC12903CF3CBC,651.1677013574849,TRWYIWJ128F42BC158,0.9495538935594569,TRQXNGQ128F4266139,0.948596727566053,TRWAWSC12903CF3CBC,0.8174680091975923
TRGZRPJ128F92EF7E2,TREXCMT128F933D825,666.0,TRBBVNR128E078E1E4,391.0,TRKOMDL128F1499C7D,372.0,TREXCMT128F933D825,0.7956406250000021,TRBBVNR128E078E1E4,0.4663828124999978,TRKOMDL128F1499C7D,0.45209375000000007,3,TRQWNOI128F92CFEF0,389.4919183537108,TRLVNQX128F42975E7,339.6391082026381,TRERQQR128F9312ADF,337.6467448484987,0,TRQWNOI128F92CFEF0,0.49019783069304296,TRLVNQX128F42975E7,0.4324602385462706,TRERQQR128F9312ADF,0.4299960289311808,0,3,0,0,0,0,3,TRTLEVO128F425EA4F,111.1491107231244,TRKTFBP128F92DD391,81.37853168105342,TRKOMDL128F1499C7D,80.11810015952226,TRTLEVO128F425EA4F,0.1307813964017516,TRKOMDL128F1499C7D,0.09602628689131644,TRKTFBP128F92DD391,0.0960095215125223,TRTLEVO128F425EA4F,401.8424428720937,TRKTFBP128F92DD391,341.8425984099552,TRMCVSI12903CB6233,321.7226369289441,TRTLEVO128F425EA4F,0.5116039351176067,TRKTFBP128F92DD391,0.4392140524239273,TRMCVSI12903CB6233,0.406379478586352
TRGXTYR128F42ACF5F,TRTJLTW12903CFF1E9,666.0,TRSVRQN128F42722CC,657.0,TRDOJIR128F42840C0,653.0,TRTJLTW12903CFF1E9,0.7942031249999956,TRSVRQN128F42722CC,0.7771749999999987,TRDOJIR128F42840C0,0.7668000000000013,3,TRTYPUW128F42BC14C,473.1435346293353,TRXJXAE128F93174B5,435.70918334295544,TRJYBDF128F9337B51,400.3415508243987,0,TRTYPUW128F42BC14C,0.5988617490341908,TRXJXAE128F93174B5,0.5525911709742081,TRJYBDF128F9337B51,0.5104334508883596,0,3,0,0,0,0,3,TRAWUCS128F92FAA8E,419.34522950610284,TRJYBDF128F9337B51,353.78701594018617,TRIKCWM128F92E54E7,344.6275885184892,TRAWUCS128F92FAA8E,0.5020310794963023,TRJYBDF128F9337B51,0.4169461106698322,TRIKCWM128F92E54E7,0.4035192422890924,TRAWUCS128F92FAA8E,534.1840589601389,TRXNMKN128F4272DAE,424.5996890563403,TRIKCWM128F92E54E7,410.034837667869,TRAWUCS128F92FAA8E,0.6756686421083888,TRXNMKN128F4272DAE,0.5405043191403179,TRIKCWM128F92E54E7,0.5260470687471664
TRVXXVG128F933AB88,TRFUJVJ128F426F2A2,2069.0,TRDPGXU128F9339C2A,1701.0,TRBEBJO128C719646B,1376.0,TRFUJVJ128F426F2A2,2.3056499999999973,TRDPGXU128F9339C2A,1.8915906249999999,TRBEBJO128C719646B,1.5802718749999947,3,TRNLJWY128F1455FA9,748.1888328908166,TRFAIBW128F428B7A6,513.6778613242146,TRWWDQR128F149DADE,509.25285649667586,0,TRNLJWY128F1455FA9,0.9385832358180597,TRFAIBW128F428B7A6,0.660524748914091,TRWWDQR128F149DADE,0.654630010608049,0,3,0,0,0,0,3,TRNLJWY128F1455FA9,215.9470818653461,TRDGICW128F42963E2,152.05320916885194,TRTLIKK128E07862DA,132.96295656278676,TRNLJWY128F1455FA9,0.2517583016528271,TRDGICW128F42963E2,0.11163885953384195,TRRFGBA128F92F22E4,0.09732929564824207,TRNLJWY128F1455FA9,743.6889339246285,TRRZREZ128E078F7E4,246.69386650872002,TRUVUPZ128F92FC88C,224.99873766671976,TRNLJWY128F1455FA9,0.9340011811011582,TRRZREZ128E078F7E4,0.35547724710242484,TRUVUPZ128F92FC88C,0.3092247342043
TRLFGML128F92EB391,TRTHNFG12903D0CE54,1313.0,TRIJHLY12903D0CE4D,1097.0,TRTJLTW12903CFF1E9,944.0,TRTHNFG12903D0CE54,1.5699531249999945,TRIJHLY12903D0CE4D,1.3083906249999968,TRTJLTW12903CFF1E9,1.1399218750000017,3,TRBMILM128F42795A1,551.9321688520101,TRRUSZX128F1480C9F,511.12570112921895,TRNRKRY128F147627E,506.6656048192232,0,TRBMILM128F42795A1,0.6951570020964439,TRRUSZX128F1480C9F,0.6471482610213863,TRNRKRY128F147627E,0.6427812990411076,0,3,0,0,0,0,3,TRIJHLY12903D0CE4D,542.5164713796886,TRTHNFG12903D0CE54,483.27038561318824,TRMTPJG128F428F66B,414.5250755432951,TRIJHLY12903D0CE4D,0.6205798651761468,TRTHNFG12903D0CE54,0.5450011778485905,TRMTPJG128F428F66B,0.46280132364801807,TRIJHLY12903D0CE4D,486.63445397314723,TRRUSZX128F1480C9F,475.26857384261257,TRNRKRY128F147627E,450.6797741110837,TRIJHLY12903D0CE4D,0.6268493454940528,TRRUSZX128F1480C9F,0.6068640446098288,TRNRKRY128F147627E,0.5832852012365168
TRVFSWI128F42ACE94,TRZZQIP128F92EFEAD,468.0,TRDOJIR128F42840C0,434.0,TRKKUWM128F92E4E1C,407.0,TRZZQIP128F92EFEAD,0.5626328124999983,TRDOJIR128F42840C0,0.5223749999999975,TRKKUWM128F92E4E1C,0.4956796875000019,3,TRGNRZC128F146D620,626.757616773651,TRMUOCQ128F92EB38B,621.2349928028251,TRJQRGK128F42A8AF9,588.976619223361,0,TRGNRZC128F146D620,0.786174672285308,TRMUOCQ128F92EB38B,0.7797835311013779,TRJQRGK128F42A8AF9,0.7397016455482035,0,3,0,0,0,0,3,TRKKUWM128F92E4E1C,313.7455844525342,TRZRTPI12903D0954A,297.99541299054926,TRRVXQX128F429A0C4,287.0676372758408,TRKKUWM128F92E4E1C,0.37985557968448774,TRZRTPI12903D0954A,0.3609558418417771,TRRVXQX128F429A0C4,0.3450499894332058,TRXNYOZ128F42BC146,642.3087912519463,TRJQRGK128F42A8AF9,614.5716958758289,TRGNRZC128F146D620,610.6973206692256,TRXNYOZ128F42BC146,0.8058842547566608,TRJQRGK128F42A8AF9,0.7718412323565418,TRGNRZC128F146D620,0.7669142320225958
TRMKTUF128F42BC140,TRKKUWM128F92E4E1C,690.0,TRRVXQX128F429A0C4,518.0,TRZZQIP128F92EFEAD,507.0,TRKKUWM128F92E4E1C,0.8430812499999996,TRRVXQX128F429A0C4,0.6296250000000024,TRZZQIP128F92EFEAD,0.6005187500000002,3,TRKDIWP128F92F19AA,734.3890967926646,TRKKUWM128F92E4E1C,661.3586854114121,TRZITCI128F426837D,641.6079678036517,1,TRKDIWP128F92F19AA,0.9193250772511166,TRKKUWM128F92E4E1C,0.8298857841304109,TRZITCI128F426837D,0.8055613588617299,1,3,1,1,1,1,3,TRKKUWM128F92E4E1C,461.35881604505175,TRRVXQX128F429A0C4,423.06417584402413,TRWRDAM128F147232C,389.68639642008304,TRKKUWM128F92E4E1C,0.5599392840005597,TRRVXQX128F429A0C4,0.5100884435459149,TRWRDAM128F147232C,0.4716401495782887,TRKDIWP128F92F19AA,760.4569140526431,TRZITCI128F426837D,635.6602903050717,TRTHGQX128F422894C,632.1939808161881,TRKDIWP128F92F19AA,0.9514628332432756,TRZITCI128F426837D,0.7985664860660135,TRTHGQX128F422894C,0.7928912576875771
TRXNYOZ128F42BC146,TRZZQIP128F92EFEAD,1560.0,TRDOJIR128F42840C0,1442.0,TREKUOP12903CD2BA7,760.0,TRZZQIP128F92EFEAD,1.9218812499999955,TRDOJIR128F42840C0,1.7772000000000057,TREKUOP12903CD2BA7,0.9399625000000035,3,TRNKSYE128F145C9C9,637.830161328099,TRKKUWM128F92E4E1C,603.3338637917852,TRGNRZC128F146D620,577.9358613039476,0,TRNKSYE128F145C9C9,0.7995198612873297,TRKKUWM128F92E4E1C,0.7571808488447995,TRGNRZC128F146D620,0.725573753806455,0,3,0,0,0,0,3,TRKKUWM128F92E4E1C,356.14977675219086,TRZRTPI12903D0954A,317.3821197523324,TRRVXQX128F429A0C4,284.77293807275754,TRKKUWM128F92E4E1C,0.4321027670547247,TRZRTPI12903D0954A,0.38447963152342424,TRGOQOD128F14A2082,0.3422464207344801,TRVFSWI128F42ACE94,642.3087912519507,TRJYZZK128F92E49F5,604.3017838889086,TRLJSVR128F9316694,603.3748357880437,TRVFSWI128F42ACE94,0.8058842547566606,TRJYZZK128F92E49F5,0.7597131133676572,TRLJSVR128F9316694,0.7574706508152329
TRYFLQK128F92EF7F1,TRZRTPI12903D0954A,353.0,TRKKUWM128F92E4E1C,344.0,TRRVXQX128F429A0C4,308.0,TRZRTPI12903D0954A,0.4279000000000019,TRKKUWM128F92E4E1C,0.41207500000000147,TRRVXQX128F429A0C4,0.36849999999999944,3,TRVIAUV128E0788AD4,557.7814052565392,TRTUKTS128F92D1044,529.3783228300288,TRLJSTZ128F4241831,529.1580103013986,0,TRVIAUV128E0788AD4,0.7027642214999338,TRTUKTS128F92D1044,0.6676322629936194,TRLJSTZ128F4241831,0.6669873915233538,0,3,0,0,0,0,3,TRWRDAM128F147232C,417.6166282561685,TRZRTPI12903D0954A,409.3616707430786,TRGOQOD128F14A2082,375.03179361115286,TRWRDAM128F147232C,0.5046505227143778,TRZRTPI12903D0954A,0.49408472209063126,TRGOQOD128F14A2082,0.4521152285574476,TRLJSTZ128F4241831,594.8335551463298,TRTUKTS128F92D1044,591.716628041074,TROKOBT128F14A2088,588.7192784539197,TRLJSTZ128F4241831,0.7487291386000311,TRTUKTS128F92D1044,0.7449116797707365,TROKOBT128F14A2088,0.741945280711472
TRRWCOL128F42AD05D,TRTHNFG12903D0CE54,1672.0,TRIJHLY12903D0CE4D,1408.0,TRWQZXS128F92DB731,1254.0,TRTHNFG12903D0CE54,2.002067187499998,TRIJHLY12903D0CE4D,1.682473437499998,TRWQZXS128F92DB731,1.5213656249999987,3,TRZYVQE128F42660F7,745.6918578823492,TRYFBLW128F428A81A,595.0227262057927,TRNTYGF128F9302BD8,581.5302761264078,0,TRZYVQE128F42660F7,0.9335646034372748,TRYFBLW128F428A81A,0.750269999800567,TRNTYGF128F9302BD8,0.7335263532500625,0,3,0,0,0,0,3,TRIJHLY12903D0CE4D,512.5586910582268,TRTHNFG12903D0CE54,499.16656816613255,TRDVUEH12903D0FAA9,468.96252322325597,TRIJHLY12903D0CE4D,0.5816061150731019,TRTHNFG12903D0CE54,0.5633045454196859,TRDVUEH12903D0FAA9,0.5348721366075135,TRZYVQE128F42660F7,714.5284158504737,TRABPNV128F1476532,475.39969214734094,TRWMMJS128F4289073,472.6448318134694,TRZYVQE128F42660F7,0.895877075340782,TRABPNV128F1476532,0.6044984317695127,TRWMMJS128F4289073,0.6020459800450251
TRVRPTI128F92EB390,TRTHNFG12903D0CE54,563.0,TRRKWPY12903CAAC5D,560.0,TRSVRQN128F42722CC,524.0,TRRKWPY12903CAAC5D,0.6758499999999995,TRTHNFG12903D0CE54,0.6657250000000006,TRSVRQN128F42722CC,0.630400000000001,3,TRYYIRY128F93171A0,477.7514705722905,TRNZIBT128F427CC40,474.56782661322313,TRQXUSM128F4223ED1,466.42495875832975,0,TRYYIRY128F93171A0,0.6048569845242214,TRNZIBT128F427CC40,0.600584856955925,TRQXUSM128F4223ED1,0.5906755821949019,0,3,0,0,0,0,3,TRTHNFG12903D0CE54,366.1651750689192,TRDFNLR12903CB0FE4,345.99549634595604,TRUKWZW128F92CADC2,304.99759333091436,TRTHNFG12903D0CE54,0.4208928214736772,TRDFNLR12903CB0FE4,0.41534654303073365,TRUKWZW128F92CADC2,0.3525691533475648,TRDFNLR12903CB0FE4,562.3292875656496,TRZVCFO128F9309204,490.7384096361092,TRFCRKX128F421457B,448.9919542955695,TRDFNLR12903CB0FE4,0.7107875507710657,TRZVCFO128F9309204,0.6226048291070387,TRFCRKX128F421457B,0.5730133744700155
TRGRNWU128F42AE46D,TRBPJQR128F9317942,541.0,TRUKWZW128F92CADC2,456.0,TRABAWI128F424F105,431.0,TRBPJQR128F9317942,0.6657687500000002,TRUKWZW128F92CADC2,0.5436624999999998,TRABAWI128F424F105,0.5153687499999999,3,TRBPJQR128F9317942,586.7645836735319,TRMYOHL128F423D24B,553.0475361762426,TREUOVP128F146D616,538.2107613846357,1,TRBPJQR128F9317942,0.7364983154558858,TRMYOHL128F423D24B,0.6946636272626638,TREUOVP128F146D616,0.6764893218882425,1,3,1,1,1,1,3,TRKKUWM128F92E4E1C,310.7679735405636,TRZRTPI12903D0954A,287.8358880707291,TRAKUAM128F147872F,256.2504323045662,TRKKUWM128F92E4E1C,0.37605014019802696,TRZRTPI12903D0954A,0.34817834291927857,TRAKUAM128F147872F,0.3122813829929041,TRUVVCV128F425B46F,660.4239136856496,TRHEJBV128F146D61D,620.7115122045219,TRVFSWI128F42ACE94,602.4098575392908,TRUVVCV128F425B46F,0.8284388412919859,TRHEJBV128F146D61D,0.7796971778030176,TRVFSWI128F42ACE94,0.7566493140514318
TRNXWLK128F92EC9A7,TRFUJVJ128F426F2A2,4220.0,TRDPGXU128F9339C2A,3609.0,TRWSYHO128F4282346,3545.0,TRFUJVJ128F426F2A2,4.872500000000011,TRDPGXU128F9339C2A,4.174648437500018,TRWSYHO128F4282346,4.168203124999998,3,TRGDGKP128F42A34A7,622.0139934676793,TRDQLTF128E0787809,621.8259987507794,TRXZNNF12903CA6F9B,606.2823480331452,0,TRGDGKP128F42A34A7,0.785685329769337,TRDQLTF128E0787809,0.7854657595066026,TREIANS128F147AD97,0.7666164037456286,0,3,0,0,0,0,2,TRFFJLM128F148BCEF,161.44235232998562,TRFUJVJ128F426F2A2,160.7579096872075,TRDPGXU128F9339C2A,155.26505906441213,TRXNMLB128F92ED60B,0.14143831133979926,TRPMSPD128F42747B1,0.14102605494536177,TRRVIRD128F42AED3E,0.12765609729302763,TRUVUPZ128F92FC88C,296.3160650253118,TRFTQGY128F4262457,239.48984020929672,TRPMSPD128F42747B1,236.01171138335144,TRUVUPZ128F92FC88C,0.39349988388659773,TRPMSPD128F42747B1,0.342131123277503,TRXNMLB128F92ED60B,0.3367555464302271
TRITOVK128F92EC9A0,TRJCBGS128F14689B3,806.0,TRBHYLK128F930160F,617.0,TRKKUWM128F92E4E1C,589.0,TRJCBGS128F14689B3,0.9775656250000019,TRBHYLK128F930160F,0.7211984374999965,TRKKUWM128F92E4E1C,0.6977859374999982,3,TROKHCW12903CD0148,444.1114683724984,TRYVOZZ128F42738F6,409.26274881739,TRJCBGS128F14689B3,405.7852764134139,1,TROKHCW12903CD0148,0.561627704599423,TRYVOZZ128F42738F6,0.5183294265427325,TRJCBGS128F14689B3,0.5147679216268106,1,3,1,1,1,1,3,TRWRDAM128F147232C,477.3675756669864,TRXFJGZ128F1474655,431.1222489071581,TRZRTPI12903D0954A,419.075647526204,TRWRDAM128F147232C,0.5760132261251264,TRXFJGZ128F1474655,0.5219121919721273,TRGOQOD128F14A2082,0.5036407670279669,TRYVOZZ128F42738F6,562.8518610829361,TRTFUTA128F426408A,545.8425197236932,TROKOBT128F14A2088,540.922584335556,TRYVOZZ128F42738F6,0.7086610974628859,TRTFUTA128F426408A,0.6892520915120307,TROKOBT128F14A2088,0.683258012918486
TRRLVOI128F92EB38D,TRTHNFG12903D0CE54,1339.0,TRIJHLY12903D0CE4D,1195.0,TRWQZXS128F92DB731,1005.0,TRTHNFG12903D0CE54,1.6167125000000013,TRIJHLY12903D0CE4D,1.4434624999999994,TRWQZXS128F92DB731,1.2263249999999979,3,TRLLFVB128F92C3138,642.1733067329789,TRMAYJY128F4281A3C,630.3132566552295,TRIJHLY12903D0CE4D,627.1249616547514,1,TRLLFVB128F92C3138,0.8069257041942584,TRMAYJY128F4281A3C,0.7925756164222795,TRIJHLY12903D0CE4D,0.7887020809143154,1,3,1,1,1,1,3,TRIJHLY12903D0CE4D,442.429543416537,TRTHNFG12903D0CE54,426.4551386241692,TRNMIBF12903D1125E,350.4793606139207,TRIJHLY12903D0CE4D,0.5120441122654712,TRTHNFG12903D0CE54,0.49099293812214223,TRNMIBF12903D1125E,0.40782619881193555,TRMAYJY128F4281A3C,560.3908724249384,TRZVPJH128F931D774,502.624272448177,TRQOHNT128F92FA8FB,500.4487297140831,TRMAYJY128F4281A3C,0.7099472325851968,TRZVPJH128F931D774,0.6402591632599266,TRQOHNT128F92FA8FB,0.637196696957944
TRHPPNF128F42ACFA9,TRTHNFG12903D0CE54,637.0,TRRKWPY12903CAAC5D,496.0,TRIJHLY12903D0CE4D,495.0,TRTHNFG12903D0CE54,0.7518875000000013,TRRKWPY12903CAAC5D,0.5918250000000004,TRIJHLY12903D0CE4D,0.5796375000000009,3,TRYYIRY128F93171A0,596.2988584106228,TRQXUSM128F4223ED1,573.7014004256373,TRKFYYC128F9342443,570.1688125072031,0,TRYYIRY128F93171A0,0.7518165289526645,TRQXUSM128F4223ED1,0.7238348508329221,TRKFYYC128F9342443,0.7194831280019712,0,3,0,0,0,0,3,TRTHNFG12903D0CE54,385.36028354875555,TRIJHLY12903D0CE4D,369.88529602038074,TRMTPJG128F428F66B,307.48610036354194,TRTHNFG12903D0CE54,0.43337914257347443,TRIJHLY12903D0CE4D,0.4152793480874242,TREFKJL128F421C007,0.3511955419723435,TRXCPFR128F9340824,510.9105683847696,TRRWMIT12903CC9D38,505.9384501708301,TRRKRXC128F4242791,483.0256594340943,TRXCPFR128F9340824,0.651388284577954,TRRWMIT12903CC9D38,0.6460608867967967,TREPEYQ128F9334F30,0.6186148978088802
TRUXYDP128F93234BD,TRFUJVJ128F426F2A2,5210.0,TRWSYHO128F4282346,4547.0,TRUGLTC128F4227B93,3817.0,TRFUJVJ128F426F2A2,6.0962,TRWSYHO128F4282346,5.411684374999996,TRUGLTC128F4227B93,4.578371874999999,3,TREXHBK128F9312A37,657.5123233013435,TREUZWP128F421CBB7,635.7446871449434,TRVDUQM128F42932E4,634.9593668603617,0,TREXHBK128F9312A37,0.8285183629788707,TREUZWP128F421CBB7,0.802752120542994,TRVDUQM128F42932E4,0.8016222610211802,0,3,0,0,0,0,3,TRFUJVJ128F426F2A2,182.31688892175325,TRDPGXU128F9339C2A,160.93417208613567,TRKHTKI128F92EA339,156.4299187431156,TRKHTKI128F92EA339,0.11425385143474293,TRPZDHH128F9306037,0.11264999124929079,TRSFHPD128F149E8C1,0.10841803722643839,TRTYYBE12903CC98EE,226.88742157629727,TRVDUQM128F42932E4,215.26924027522998,TRBLIJC128F428367F,207.1237431226411,TRTYYBE12903CC98EE,0.33261700738359573,TRVDUQM128F42932E4,0.3210586671651726,TRTPPKO128E0791E45,0.3003972154864644
TRKVVVK12903CB592C,TRFUJVJ128F426F2A2,9661.0,TRWSYHO128F4282346,7351.0,TRGLNKG128F9307689,6194.0,TRFUJVJ128F426F2A2,11.262050000000002,TRWSYHO128F4282346,8.656643750000006,TRGLNKG128F9307689,7.244134375000003,3,TRTVKVY128E07953E4,629.8944383143345,TRZBPGN128F92EDF7E,620.4830076870388,TRYGKRK128F9353545,612.3730693216648,0,TRTVKVY128E07953E4,0.7915295297454146,TRZBPGN128F92EDF7E,0.7846891050344484,TRLXGLD128F931B4A1,0.7736999489115346,0,3,0,0,0,0,2,TRFUJVJ128F426F2A2,409.98454640481884,TRDPGXU128F9339C2A,336.7766458828055,TRNVKOI128E0799173,267.15906286880636,TRFUJVJ128F426F2A2,0.24431476274732147,TRIFVKW128F145C141,0.17603197050749608,TRQAWKR128F425EEC3,0.1627557868606951,TRENMSO128F42AF485,175.36773489948126,TREOZMF128F92EAACD,174.79953196307463,TRDKQNI128F934636D,174.08763351223274,TRFUJVJ128F426F2A2,0.34709387157986504,TRIFVKW128F145C141,0.330655176781644,TRJPNAE128F425FAFB,0.32554532356558435
TRUVVME12903CBA350,TRFUJVJ128F426F2A2,4066.0,TRGUCIR128F933D817,2498.0,TRBVPVV128F425F14F,2455.0,TRFUJVJ128F426F2A2,4.502900000000007,TRGUCIR128F933D817,2.848449999999996,TRBVPVV128F425F14F,2.839981249999994,3,TRAVDBM128EF35E257,551.7133317543531,TROCPYO128F92F9ADC,542.7853067881853,TRPCNVU128F931389D,521.8747243090595,0,TRAVDBM128EF35E257,0.7060299871271949,TROCPYO128F92F9ADC,0.6951206402644413,TRJIBBZ128F425149A,0.6751143643931528,0,3,0,0,0,0,2,TRFUJVJ128F426F2A2,336.61162800690914,TRUWTMI128F92E3892,226.5926489440802,TRDPGXU128F9339C2A,223.64766871746042,TRFUJVJ128F426F2A2,0.20390510507691173,TRUWTMI128F92E3892,0.16332541122984814,TREKDDG128F4298103,0.1579027497835927,TRWLKWQ128F92F93D0,208.05459698285136,TRNIMRY128E0793303,195.56208322271115,TREKDDG128F4298103,188.67313054482184,TREKDDG128F4298103,0.334669235048232,TRFUJVJ128F426F2A2,0.31848655432494966,TRNIMRY128E0793303,0.3085955354100418
TRZGWCY12903CEF521,TRFUJVJ128F426F2A2,5014.0,TRDPGXU128F9339C2A,3924.0,TRWSYHO128F4282346,3840.0,TRFUJVJ128F426F2A2,5.6902,TRWSYHO128F4282346,4.422715624999997,TRDPGXU128F9339C2A,4.422217187499998,3,TRZCHKB128F92CB740,617.2277732848125,TRLOMAF128F92DF3DB,598.9018283608185,TRZHYJX128F92EB952,583.8798296679769,0,TRZCHKB128F92CB740,0.7850343722677622,TRLOMAF128F92DF3DB,0.7600207058389225,TRZHYJX128F92EB952,0.7419302606018228,0,3,0,0,0,0,3,TRDPGXU128F9339C2A,300.95607568290416,TRFUJVJ128F426F2A2,245.60440143769395,TRCHZXW128E079288A,195.6065354232655,TRDPGXU128F9339C2A,0.1879231827034458,TRPJBLC128F933B748,0.13966550289927718,TRMQQGH128F9301E4B,0.1380296153091473,TRMQQGH128F9301E4B,226.23857994162813,TRREGLL128E078E740,219.69649763967072,TRVPPSC128F92EC9C2,216.0002937372449,TRMQQGH128F9301E4B,0.3449416952596124,TRXPMCA128F421A28C,0.32800405915850256,TRPJBLC128F933B748,0.32789803124502825
TRMAVQT128F4270DBF,TRFUJVJ128F426F2A2,6988.0,TRDPGXU128F9339C2A,6505.0,TRCHZXW128E079288A,4945.0,TRFUJVJ128F426F2A2,7.824199999999999,TRDPGXU128F9339C2A,7.36956875,TRCHZXW128E079288A,5.606431250000005,3,TRYLVAV128F931F5AF,617.290613812811,TRNVKOI128E0799173,610.3688322905865,TRGXGMH128F92F5B48,608.6593077055705,0,TRYLVAV128F931F5AF,0.7816857758870969,TRNVKOI128E0799173,0.7777342903652562,TRGXGMH128F92F5B48,0.7755227431363245,0,3,0,0,0,0,3,TRDPGXU128F9339C2A,455.1907407962608,TRFUJVJ128F426F2A2,405.66073117574996,TRDUSIG12903CA5FCB,394.74121215390045,TRDUSIG12903CA5FCB,0.2481957399937753,TRNVKOI128E0799173,0.23639895446716216,TRBERRB128F932D534,0.22112747926490386,TROMZVL128F427E270,219.2667319473081,TRBCCXT128F9341987,210.47972953341852,TRUJQWL128F4293557,206.16432601322128,TRNVKOI128E0799173,0.35830260388016183,TRDUSIG12903CA5FCB,0.34918453350868645,TRQPUTX128F4262438,0.3422686604569137
TRWVEDL128F4293EA3,TRFUJVJ128F426F2A2,4084.0,TRDPGXU128F9339C2A,3243.0,TRWSYHO128F4282346,3005.0,TRFUJVJ128F426F2A2,4.6979,TRDPGXU128F9339C2A,3.7133015624999963,TRWSYHO128F4282346,3.4901968749999974,3,TRXAQDZ128F14B0EDA,572.6673826960308,TRFAIBW128F428B7A6,562.1712781667088,TRDPGXU128F9339C2A,560.5178071703076,1,TRXAQDZ128F14B0EDA,0.7300440017706726,TRFAIBW128F428B7A6,0.7170517807545665,TRDPGXU128F9339C2A,0.7168010021690715,1,3,1,1,1,1,3,TRFUJVJ128F426F2A2,213.60421931584895,TRDPGXU128F9339C2A,163.41508458359723,TRQWDRK128F4241A32,156.0255507191231,TRFUJVJ128F426F2A2,0.11881142380290335,TRTBJON128F428EC09,0.10177478961941311,TRZCJFR128F42A12E8,0.09949346109416596,TRSEFKT128F932C54F,212.49675903676663,TRMYWIJ12903D0165D,201.9871797417866,TRRBTBK128F92F8F42,184.57540732241344,TRSEFKT128F932C54F,0.2983658936167572,TRRBTBK128F92F8F42,0.2801293017790271,TRMYWIJ12903D0165D,0.27706952796538936
TRTVVYX128F9328DBA,TRFUJVJ128F426F2A2,5955.0,TRDPGXU128F9339C2A,5550.0,TRWSYHO128F4282346,4906.0,TRFUJVJ128F426F2A2,6.588150000000001,TRDPGXU128F9339C2A,6.2219812500000025,TRWSYHO128F4282346,5.573337499999992,3,TRFUJLG128F4255312,599.451873892268,TRCRZZQ128F4286AF2,594.4856002164461,TRBWKZD128F428AAEB,583.8394012197514,0,TRFUJLG128F4255312,0.7615568958346628,TRCRZZQ128F4286AF2,0.7558746520014389,TRBWKZD128F428AAEB,0.7468510971169703,0,3,0,0,0,0,3,TRDPGXU128F9339C2A,348.1125254988214,TRFFJLM128F148BCEF,283.48603375787144,TRFUJVJ128F426F2A2,281.76119008895824,TRQYLYP12903CC26F6,0.20190765603845912,TRFFJLM128F148BCEF,0.19479644545501212,TREVPPT128F14A43CD,0.18596995753026438,TRQYLYP12903CC26F6,224.23328449272384,TRPUIHY128F4268BF3,222.85121433875432,TRBUDSY128F428D976,221.3006375123613,TRQYLYP12903CC26F6,0.34930527215368073,TRPUIHY128F4268BF3,0.3364470276073453,TRBUDSY128F428D976,0.32879827725948746
TRTGPPK128F1459DD4,TRFUJVJ128F426F2A2,2515.0,TRDPGXU128F9339C2A,2423.0,TRWSYHO128F4282346,1961.0,TRFUJVJ128F426F2A2,2.690650000000001,TRDPGXU128F9339C2A,2.649832812500003,TRWSYHO128F4282346,2.155134375000005,3,TRQCXUL128E078A9D6,473.5835446636208,TRMTSMP128F92F621B,468.2693254561002,TRJUJAH128F425A752,462.75833060785754,0,TRQCXUL128E078A9D6,0.6201209486854647,TRMTSMP128F92F621B,0.6136865487323041,TRTHFTG128F42550BC,0.6060691722277157,0,3,0,0,0,0,2,TRFUJVJ128F426F2A2,230.98524921550066,TRDPGXU128F9339C2A,219.71417677651382,TRDUSIG12903CA5FCB,213.58536592177546,TRSELSR128E078FB30,0.130278415877517,TRDUSIG12903CA5FCB,0.12998978091319466,TRFGVSE128F1466472,0.1282294190825407,TRCHNMZ128F421BD61,200.06006442970073,TROJSBM128F9326CF0,198.6423437190718,TRPGULX12903D05178,196.20403357252053,TRPGULX12903D05178,0.3026770690857638,TRCHNMZ128F421BD61,0.2995683872052706,TRPFZQP128F92ED639,0.2864934181772651
TRHUIRM128F426BFD5,TRFUJVJ128F426F2A2,5022.0,TRWSYHO128F4282346,4542.0,TREBGAA128E078FC52,3645.0,TRFUJVJ128F426F2A2,5.884199999999996,TRWSYHO128F4282346,5.4204656249999985,TREBGAA128E078FC52,4.4117015625000064,3,TRKLAOB12903C9A1CD,620.2825056187806,TRVXESF128E0787315,605.1318766579661,TRSFQTA128F426690E,595.6786556062699,0,TRKLAOB12903C9A1CD,0.7820229244846428,TRVXESF128E0787315,0.7622138448986552,TRSFQTA128F426690E,0.7510067808107522,0,3,0,0,0,0,3,TRDPGXU128F9339C2A,167.1469018091852,TRFUJVJ128F426F2A2,135.21827188100917,TRTCOWO128F930C444,130.34035286224668,TRKSSMT128E07948E7,0.10993941035134805,TRCCMND128E0792EB5,0.10965493594935126,TRTCOWO128F930C444,0.10237458498420837,TRQTGOG128F92EBAB0,248.87225426810434,TRETCSD128F425A3B9,240.89611431150706,TRBIVSX128F145C183,225.20623738203548,TRQTGOG128F92EBAB0,0.3430032706190375,TRETCSD128F425A3B9,0.31480246372992504,TRBIVSX128F145C183,0.31313701606742667
TRJNTQQ128F426BFD0,TRFUJVJ128F426F2A2,3109.0,TRDPGXU128F9339C2A,2835.0,TRWSYHO128F4282346,2564.0,TRFUJVJ128F426F2A2,3.476850000000003,TRDPGXU128F9339C2A,3.201378124999999,TRWSYHO128F4282346,2.9374437499999964,3,TRODGUE128F429E5E0,522.3135237230001,TRFUJLG128F4255312,518.3943159114841,TRFFJLM128F148BCEF,513.1293571300616,0,TRODGUE128F429E5E0,0.6728972979458699,TRFUJLG128F4255312,0.6639332944888543,TRFFJLM128F148BCEF,0.660941877842382,0,3,0,0,0,0,3,TRDPGXU128F9339C2A,188.40898327801477,TRFUJVJ128F426F2A2,164.90125671945296,TRRJQIQ128F429A974,155.77488604234443,TRGAFJY128F1464C16,0.14180931969116922,TRULIIL128F4228AC8,0.13628187379452603,TRQYDIY128F4214A1A,0.1259371040113564,TRIHDZB128E0791C61,238.97120690220524,TRULIIL128F4228AC8,207.61926998386147,TRGAFJY128F1464C16,200.92700226237827,TRIHDZB128E0791C61,0.3370294899017328,TRGAFJY128F1464C16,0.2933864906158084,TRULIIL128F4228AC8,0.29285580025123875
TRZJCNT128F426BFCC,TRFUJVJ128F426F2A2,2809.0,TRDPGXU128F9339C2A,2606.0,TRYCBLK12903CE6A0E,2436.0,TRFUJVJ128F426F2A2,3.085750000000001,TRDPGXU128F9339C2A,2.901664062500001,TRANAPL128F42BA7D6,2.813953125000004,2,TRVJFHH12903CA2811,540.7233099097535,TRLVRJP128F93519FB,533.3544780076155,TROZEMN128F4262CCA,518.169941452992,0,TRVJFHH12903CA2811,0.6877574022043238,TRLVRJP128F93519FB,0.6805413610899474,TROZEMN128F4262CCA,0.661205222193382,0,2,0,0,0,0,3,TRDPGXU128F9339C2A,182.59790793888985,TRFUJVJ128F426F2A2,177.99800098426263,TRYCBLK12903CE6A0E,169.36015405376733,TRQYLYP12903CC26F6,0.13806027049149583,TRXJTJZ128F4295464,0.12941383931058584,TRYCBLK12903CE6A0E,0.12724578793405467,TRPUQZI128F42932C6,335.642022473072,TRQYLYP12903CC26F6,267.95409484241407,TRTWIAM128F9304C30,250.96335237960818,TRPUQZI128F42932C6,0.45421533006061204,TRQYLYP12903CC26F6,0.3874436263189469,TRFRXGD128F42717FF,0.3543763955220061
TRPZEWS128F92F585E,TRFUJVJ128F426F2A2,3190.0,TRQAWKR128F425EEC3,2087.0,TRDPGXU128F9339C2A,2038.0,TRFUJVJ128F426F2A2,3.5505000000000018,TRQAWKR128F425EEC3,2.234093749999997,TRDPGXU128F9339C2A,2.182046874999998,3,TRBJDUF128F92D74D1,519.5541897209773,TRDNAVT128F428A246,512.9132516498398,TRIAGUC12903CE3DA2,487.48975448954576,0,TRBJDUF128F92D74D1,0.6627476516448516,TRDNAVT128F428A246,0.657535505639407,TRIAGUC12903CE3DA2,0.6270120708038567,0,3,0,0,0,0,3,TRDPGXU128F9339C2A,213.69381587585534,TRFUJVJ128F426F2A2,176.62935323212346,TRDUSIG12903CA5FCB,175.13648419706192,TREAUPB128F4266117,0.1703507472033256,TRGIBQG128F9335E63,0.16141321869608688,TRTSGEL128EF34F8BA,0.14048685004508768,TRHXTSH128F932472E,211.1482853001214,TRGIBQG128F9335E63,207.66667815905998,TREAUPB128F4266117,205.54430840448546,TRHXTSH128F932472E,0.3092469605338193,TRGIBQG128F9335E63,0.30853908992188234,TREAUPB128F4266117,0.3049238535446386
TRYPBLE128F1459DD1,TRFUJVJ128F426F2A2,3566.0,TRDPGXU128F9339C2A,2353.0,TRGLNKG128F9307689,1938.0,TRFUJVJ128F426F2A2,4.034300000000002,TRDPGXU128F9339C2A,2.5873374999999994,TRGLNKG128F9307689,2.1634624999999974,3,TRWREZO128F1458FAC,488.8262442250219,TRRHARM128F9327ADE,458.6172966999947,TRQJRCN12903CAF915,458.14099962443095,0,TRWREZO128F1458FAC,0.615703793608475,TRRHARM128F9327ADE,0.5868124042218467,TRQJRCN12903CAF915,0.5845351665659776,0,3,0,0,0,0,3,TRDPGXU128F9339C2A,223.2602455142744,TRCHZXW128E079288A,178.56151843098573,TRYHHPK128F42A4CAF,162.8368094179767,TRUADOK12903CCDB56,0.16653761571292558,TRCLGZL128F14629E3,0.130031474230193,TRDPGXU128F9339C2A,0.12797544359139496,TRUADOK12903CCDB56,245.03210879885256,TRLXTVZ128F92E5047,237.7767482874847,TRIYAFO128F933BB44,186.88312621018906,TRUADOK12903CCDB56,0.33926047013349814,TRLXTVZ128F92E5047,0.3317790515139425,TRXFYNS128E07824A6,0.28235398613387386
TRKVITQ128F4271B31,TRFUJVJ128F426F2A2,2915.0,TRDPGXU128F9339C2A,2559.0,TRFLWJZ128F425C9E4,2200.0,TRFUJVJ128F426F2A2,3.167649999999993,TRDPGXU128F9339C2A,2.8005984374999917,TRFLWJZ128F425C9E4,2.5025703125000036,3,TRDBCEL128F932105C,508.46466853928666,TRORMHQ128F92CB796,476.23004219008567,TRDVELE128F932810A,469.9451601929728,0,TRDBCEL128F932105C,0.6466624512983471,TRORMHQ128F92CB796,0.6124981666150326,TRDVELE128F932810A,0.6116343519536278,0,3,0,0,0,0,3,TRFUJVJ128F426F2A2,215.5894242444755,TRCHZXW128E079288A,212.13607791338615,TRFQNWX128F428531C,210.99818876469513,TRFQNWX128F428531C,0.19742257778761899,TRXMACV128F421CDC1,0.17720653479450912,TRLJZGB128F1461B70,0.17051957371446336,TRCKPMF128F92EBEF6,294.66318443948563,TRXMACV128F421CDC1,262.90944733696983,TRHTFTI128F9345B3D,254.378384678196,TRCKPMF128F92EBEF6,0.4112183181366746,TRXMACV128F421CDC1,0.3757294420746338,TRFQNWX128F428531C,0.3621773734842598
TRGZDBB128F4270A4C,TRDPGXU128F9339C2A,4199.0,TRCHZXW128E079288A,4173.0,TROIJDA128F9341E70,3998.0,TRCHZXW128E079288A,4.9578718749999995,TRDPGXU128F9339C2A,4.906378124999996,TROIJDA128F9341E70,4.824228124999993,3,TRFSQXF128F9311B25,649.4792967605995,TRXBHJP128F42B8FF1,642.1376602445678,TRSXWSL128F933DFE5,629.4634468128528,0,TRFSQXF128F9311B25,0.8141630205966732,TRXBHJP128F42B8FF1,0.8067178260046389,TRSXWSL128F933DFE5,0.7922371132428139,0,3,0,0,0,0,3,TRDPGXU128F9339C2A,145.04287224994246,TRWOADE128F9310106,139.19214608755482,TRFUJVJ128F426F2A2,137.2166285735369,TRWOADE128F9310106,0.1206865154960445,TRZCHKB128F92CB740,0.09473127609601331,TRSHPCJ128F4277C37,0.08963495903876922,TRSHPCJ128F4277C37,194.9928122334148,TRWETHX128F421ABA5,192.23390786551505,TRWOADE128F9310106,191.1185304529326,TRWOADE128F9310106,0.30956487502080254,TRSHPCJ128F4277C37,0.29681916430823535,TRUTSYG128F92DEE3E,0.29278702410390495
TRMBNRH12903D02C23,TRFUJVJ128F426F2A2,4157.0,TRDPGXU128F9339C2A,3696.0,TRCHZXW128E079288A,3431.0,TRFUJVJ128F426F2A2,4.736250000000015,TRDPGXU128F9339C2A,4.235312500000018,TRCHZXW128E079288A,3.99843750000001,3,TREBQOW128F92C4549,586.8821092584939,TRJIONO128F1452C88,585.7737820230873,TRLURQM128F1484267,578.6801058320644,0,TREBQOW128F92C4549,0.7439474803569341,TRJIONO128F1452C88,0.7432422527106193,TRLURQM128F1484267,0.7350361130647047,0,3,0,0,0,0,3,TRFUJVJ128F426F2A2,214.58201563347913,TRHKJVR128F42857EA,185.26762036818937,TRDPGXU128F9339C2A,180.71470294080515,TRLLYKL128F426F270,0.13739527112920494,TRRLLUQ128F147D9F2,0.13649162208476304,TRHKJVR128F42857EA,0.12849113077526977,TRRLLUQ128F147D9F2,243.9681329056108,TRZGXNM128F1451ADF,200.4352399550128,TRRNJVY128F93312B7,192.97294799059443,TRRLLUQ128F147D9F2,0.3509954489749915,TRZGXNM128F1451ADF,0.29077330918098715,TRRNJVY128F93312B7,0.2833144789309867
TRBXYKU128F427915D,TRFUJVJ128F426F2A2,3952.0,TRDPGXU128F9339C2A,3028.0,TRGLNKG128F9307689,2502.0,TRFUJVJ128F426F2A2,4.424800000000002,TRDPGXU128F9339C2A,3.3541499999999975,TRGLNKG128F9307689,2.812150000000001,3,TRHZGWZ128F424F477,550.9447687403199,TRUVVFR128F4248609,544.4514729975625,TRHPKWO128F92E01D5,540.2512584883224,0,TRHZGWZ128F424F477,0.7077191201951414,TRUVVFR128F4248609,0.7025329622074038,TRHPKWO128F92E01D5,0.6990435157457604,0,3,0,0,0,0,3,TRDPGXU128F9339C2A,270.32827777011624,TRQWDRK128F4241A32,225.05753182727605,TRFUJVJ128F426F2A2,218.61112830058386,TRIFVKW128F145C141,0.1528201489401468,TRBTUML12903CE6ACF,0.14854585276804624,TRWVHON128F42639BA,0.14615507373804448,TRBTUML12903CE6ACF,202.4256007289121,TRNDPHC128F4280652,194.8332816755562,TRPHJTC128F92D2883,186.81189168301563,TRBTUML12903CE6ACF,0.32976829782724043,TRIFVKW128F145C141,0.3238503671789651,TRGXGMH128F92F5B48,0.3188474839872365
TRFRXGD128F42717FF,TRFUJVJ128F426F2A2,2983.0,TRQAWKR128F425EEC3,2310.0,TRDPGXU128F9339C2A,2168.0,TRFUJVJ128F426F2A2,3.2641500000000008,TRQAWKR128F425EEC3,2.4891812499999975,TRDPGXU128F9339C2A,2.3214656250000014,3,TRAURYK128F92C490D,484.51790029545924,TRUQTEZ128F9314E5D,481.0932760653487,TRPWCMZ128F9300B63,481.0802004358389,0,TRPWCMZ128F9300B63,0.6354993566190082,TRDQIWP128F9342105,0.628286960495905,TRAURYK128F92C490D,0.6243052045826373,0,3,0,0,0,0,2,TRFUJVJ128F426F2A2,248.2883386396661,TRDPGXU128F9339C2A,237.9506391066945,TRDUSIG12903CA5FCB,233.6580201429956,TRQAWKR128F425EEC3,0.16546858347861906,TRDUSIG12903CA5FCB,0.1589437324775893,TRQRAKE128F9322866,0.15508334782779223,TRZJCNT128F426BFCC,237.27971781600638,TRBGUUE128F1494FB6,206.8245252532582,TRRVZZX128F1464F0C,202.27122090461714,TRZJCNT128F426BFCC,0.35437639552200606,TRBGUUE128F1494FB6,0.33725074832425367,TRHYGME128F92FCC03,0.3213837186629252
TRYIYFG128F42603CC,TRFUJVJ128F426F2A2,4434.0,TRWSYHO128F4282346,3783.0,TREBGAA128E078FC52,3295.0,TRFUJVJ128F426F2A2,5.128499999999998,TRWSYHO128F4282346,4.458187499999998,TREBGAA128E078FC52,3.9665937500000066,3,TRIXAYK128F427F151,582.908468735668,TRKVZXR128F429035D,577.6960439067518,TRLQBZP12903CECC4A,573.4144626548712,0,TRIXAYK128F427F151,0.73902950200792,TRKVZXR128F429035D,0.732366781996161,TRLQBZP12903CECC4A,0.7259206311014332,0,3,0,0,0,0,3,TRDPGXU128F9339C2A,199.2383605249176,TRAYFJC128F936134C,178.2963416894867,TRDGICW128F42963E2,164.95736940477968,TRAYFJC128F936134C,0.19059541325396334,TRDFTPP128F427550C,0.13911706641231142,TRPLWSA128F92D555C,0.13324764729704394,TRAYFJC128F936134C,293.9328531719144,TRTATPW128F428D14E,242.3259638821701,TRDFTPP128F427550C,238.14919787381052,TRAYFJC128F936134C,0.4042444585166718,TRQZWCA128F429B082,0.347002906243515,TRTATPW128F428D14E,0.33581097563075984
TRQHDNY128F92E3A01,TRFUJVJ128F426F2A2,3771.0,TRWSYHO128F4282346,3353.0,TRDPGXU128F9339C2A,3267.0,TRFUJVJ128F426F2A2,4.338850000000001,TRWSYHO128F4282346,3.946240625,TRDPGXU128F9339C2A,3.770229687500004,3,TRNPSMI128F14A8E06,591.2005763294748,TRWILVQ128F42644B3,585.1347956424559,TRKLJAG128F42B31CF,583.3432088985726,0,TRNPSMI128F14A8E06,0.7462065159147478,TRWILVQ128F42644B3,0.7415873503133033,TRQAOWZ128F93000A4,0.7375417500873664,0,3,0,0,0,0,2,TRDPGXU128F9339C2A,173.6238277839409,TRFUJVJ128F426F2A2,166.09966077463935,TRGUBSR128E0786082,161.21030356660364,TRGUBSR128E0786082,0.12422842912922855,TRVAXHF128F931FB04,0.11639876049634947,TRLUXWO128F14618D6,0.10583046647675748,TRONSNL12903D025C7,228.64449152551876,TRVAXHF128F931FB04,214.0911843610613,TRYJHFZ128E0784706,212.19039149116318,TRVAXHF128F931FB04,0.3156989401110696,TRONSNL12903D025C7,0.3137518930310808,TRYJHFZ128E0784706,0.3075673196217741
TRGCHXM128F429CBB9,TRFUJVJ128F426F2A2,629.0,TRQAWKR128F425EEC3,486.0,TRFLWJZ128F425C9E4,459.0,TRFUJVJ128F426F2A2,0.6689499999999997,TRFLWJZ128F425C9E4,0.5127890624999999,TRQAWKR128F425EEC3,0.5069343750000003,3,TRFVTWH128F932768E,408.65727623274574,TRXPLNT128F42660F4,383.32758614243704,TRJAPCW128F930BBC8,345.54034850435846,0,TRFVTWH128F932768E,0.5290289628252949,TRXPLNT128F42660F4,0.49985125687607795,TRJAPCW128F930BBC8,0.4571726706119074,0,3,0,0,0,0,3,TRPLWSA128F92D555C,100.1675296251813,TRFUJVJ128F426F2A2,77.66254968343665,TRZSUSN128F4240FCE,76.47905120582985,TRPLWSA128F92D555C,0.10417166851946379,TRKTWVZ12903CCE60D,0.07661768396932842,TRZSUSN128F4240FCE,0.07385906529309644,TRTGWNP128F426FFFE,249.1902315736917,TRPLWSA128F92D555C,227.53663974179554,TRONCDA128F42387D9,204.6022230880272,TRTGWNP128F426FFFE,0.33055710283050305,TRPLWSA128F92D555C,0.31887852130213556,TRONCDA128F42387D9,0.2843473589168619
TRSJGNV128F92F4124,TRDPGXU128F9339C2A,3022.0,TRFUJVJ128F426F2A2,3006.0,TRCHZXW128E079288A,2863.0,TRDPGXU128F9339C2A,3.4447453125000043,TRKLJAG128F42B31CF,3.393359375000017,TRFUJVJ128F426F2A2,3.3596,2,TRFLRFH12903CB021D,606.8380372384004,TRGLGNR128F1487A6F,574.920981724483,TRZKNSG128F9326727,563.8902867577837,0,TRFLRFH12903CB021D,0.7678579905899893,TRGLGNR128F1487A6F,0.7288463950344173,TRZKNSG128F9326727,0.7147333221352921,0,2,0,0,0,0,3,TRFUJVJ128F426F2A2,179.30833741110936,TRDPGXU128F9339C2A,155.148111399458,TRDUSIG12903CA5FCB,149.93279645940535,TRVBRPP128F4294251,0.13429944657007212,TRKEHBK128F92F2780,0.11097772507175349,TRCOXLL128F427B2C0,0.11043528948703658,TRVBRPP128F4294251,239.44181546234356,TRIYZBJ128F933D72E,219.6329111592032,TRSJVQJ128F9309132,204.95461581919102,TRVBRPP128F4294251,0.3455919225360203,TRIYZBJ128F933D72E,0.31082275711930324,TRSJVQJ128F9309132,0.3036499412584859
TRHTOYT128F429FEF4,TREIODJ128F9337033,2125.0,TRFUJVJ128F426F2A2,2120.0,TROIJDA128F9341E70,1998.0,TREIODJ128F9337033,2.532581249999989,TROIJDA128F9341E70,2.3144937500000005,TRFUJVJ128F426F2A2,2.2175999999999987,3,TRWDZIO128F92EF1BB,493.82306110154167,TRRXJSQ128F149054A,442.5791470046186,TRPUZPN128F4232193,419.6028277172895,0,TRWDZIO128F92EF1BB,0.6298372370782167,TRRXJSQ128F149054A,0.5729797706813592,TRPUZPN128F4232193,0.5480171904245404,0,3,0,0,0,0,3,TRDUSIG12903CA5FCB,200.02618790897353,TRQQLZD128F425E9BC,170.85215452089477,TRBEBJO128C719646B,167.5267428168558,TRJOFTE128F4278CA8,0.16550133176147314,TRDWGIG128F42862FC,0.16434239762828035,TRETWII128F42503D0,0.16120796112199337,TRDWGIG128F42862FC,255.2062257333954,TRMQHUX128F428B252,237.51130840195134,TRZOWKJ128F149D2DD,227.71687674120457,TRDWGIG128F42862FC,0.3493913366133375,TRMQHUX128F428B252,0.3368733379676444,TRJOFTE128F4278CA8,0.3180443842278932
TRCFFVR128F145D6DF,TRFUJVJ128F426F2A2,6064.0,TRDPGXU128F9339C2A,4590.0,TRWSYHO128F4282346,4571.0,TRFUJVJ128F426F2A2,7.023399999999998,TRWSYHO128F4282346,5.349993750000011,TRDPGXU128F9339C2A,5.272028125000005,3,TRWKDZE128F1451EAC,608.9007592307215,TRQQXAH128F429146D,558.5673076357031,TRFFJLM128F148BCEF,555.3518143432746,0,TRWKDZE128F1451EAC,0.7678901566477074,TRFFJLM128F148BCEF,0.7059135987895176,TRQQXAH128F429146D,0.7057303429263277,0,3,0,0,0,0,3,TRFUJVJ128F426F2A2,191.1397482177889,TRDPGXU128F9339C2A,181.75734056733904,TRDUSIG12903CA5FCB,181.602205914536,TRBKYVE128F93350D1,0.1257095785014609,TRDUSIG12903CA5FCB,0.12567156503069662,TRQAWKR128F425EEC3,0.12240488021860207,TRFRWCW128F9316687,260.1596429420214,TRCWWGS128F9339D7A,218.55411047882484,TRKPOZC128F42622F6,202.9687594792019,TRFRWCW128F9316687,0.3624453522949436,TRCWWGS128F9339D7A,0.3047686809272127,TRKPOZC128F42622F6,0.2970113931282653
TRQSGEL128F4242DFC,TRFUJVJ128F426F2A2,2668.0,TRQAWKR128F425EEC3,1994.0,TRXHFMI128F429B2F2,1876.0,TRFUJVJ128F426F2A2,2.8221,TRXHFMI128F429B2F2,2.1711296875000095,TRQAWKR128F425EEC3,2.052771874999997,3,TRAIWMN128F93422AC,402.1521623563438,TRSIKJZ128F92E2FCF,373.8127278850136,TRTJQZD128F92EF881,335.20902541365655,0,TRAIWMN128F93422AC,0.5202315706346798,TRSIKJZ128F92E2FCF,0.48304258290331054,TRTJQZD128F92EF881,0.43343563734591717,0,3,0,0,0,0,3,TRCHZXW128E079288A,220.52370643940534,TRFUJVJ128F426F2A2,209.90836873216514,TRDPGXU128F9339C2A,209.50425835086997,TRTJQZD128F92EF881,0.15737417606792484,TRKGDML12903CE453D,0.1466530055487608,TRVZZRI128F14650C4,0.1450543263978939,TRTJQZD128F92EF881,301.35321432123527,TRAEJKZ128F4280CA5,228.53055036463508,TRMMUMK12903CA7B75,220.16343656005,TRTJQZD128F92EF881,0.3983121036026519,TRAEJKZ128F4280CA5,0.3336761038888032,TRMMUMK12903CA7B75,0.32397848979837834
TRAIMRN128E0791E72,TRFUJVJ128F426F2A2,3735.0,TRWSYHO128F4282346,3243.0,TRGLNKG128F9307689,3238.0,TRFUJVJ128F426F2A2,4.19725,TRLCWTH128F92C7F82,3.760773437499999,TRGLNKG128F9307689,3.7588984375,2,TROSVHF128F4282676,517.5476901917015,TRLCWTH128F92C7F82,497.3775235338315,TRRCJWJ128F93335F8,483.4258503009295,1,TROSVHF128F4282676,0.654082332274138,TRLCWTH128F92C7F82,0.6313135852066396,TRRCJWJ128F93335F8,0.6166592570147155,0,2,0,0,1,1,3,TRCHZXW128E079288A,197.09691477411837,TRDPGXU128F9339C2A,185.51757217305092,TRFUJVJ128F426F2A2,183.71867287094392,TRVZZRI128F14650C4,0.17011595070962884,TRBHTIG128F92F4B81,0.1378982180883603,TRCRROI128F9351DEC,0.12556913701352274,TRCRROI128F9351DEC,226.03540613545826,TRVIZXD12903CC54AF,222.21248307138762,TRVZZRI128F14650C4,209.73969590000053,TRCRROI128F9351DEC,0.3309323173213569,TRVZZRI128F14650C4,0.3225624010827808,TRBHTIG128F92F4B81,0.3105961856283265
TRRSVGD128F4242DDC,TRFUJVJ128F426F2A2,1783.0,TRDPGXU128F9339C2A,1706.0,TRQAWKR128F425EEC3,1346.0,TRFUJVJ128F426F2A2,1.8400499999999993,TRDPGXU128F9339C2A,1.8074390624999994,TRCHZXW128E079288A,1.3634359374999985,2,TRRKYWZ128E078B55B,405.2331265957848,TRMQVEX128F92F29D1,395.0581140684748,TRQPUTX128F4262438,394.6090388939941,0,TRRKYWZ128E078B55B,0.5358087570140317,TRMQVEX128F92F29D1,0.5290166856468272,TRQPUTX128F4262438,0.5256962327859174,0,2,0,0,0,0,3,TRFUJVJ128F426F2A2,271.9284434837045,TRQGLNM128F42618C6,227.9196722042728,TRDPGXU128F9339C2A,215.43269325127872,TRQGLNM128F42618C6,0.18337222556962116,TRFUJVJ128F426F2A2,0.15951657688050838,TRDXZYL128E0791E8D,0.15526189604789814,TRAPEZB128F92FEFBC,231.07450318268,TRZTQEP128E0792526,227.55529679213012,TRFEGGQ128E07898AA,227.0113838902187,TRAPEZB128F92FEFBC,0.3442534233266889,TRHUNZT128C719654E,0.33272597193334924,TRQORYN128F92FA355,0.32626749755594614
TRTXHKL128F4242DD9,TRDPGXU128F9339C2A,3201.0,TRFUJVJ128F426F2A2,3016.0,TRQAWKR128F425EEC3,2922.0,TRDPGXU128F9339C2A,3.5588593750000035,TRFUJVJ128F426F2A2,3.241,TRYCBLK12903CE6A0E,3.222015625000002,2,TRWVXWR128F92CF848,546.6297485934547,TRAFBIV128F93321D4,510.17012065845535,TRLEOAU128F932B646,493.077230403334,0,TRWVXWR128F92CF848,0.6945434263916861,TRAFBIV128F93321D4,0.6454462161065362,TRLEOAU128F932B646,0.6299119776016854,0,2,0,0,0,0,3,TRDPGXU128F9339C2A,270.03057198366946,TRCHZXW128E079288A,220.71546255572318,TRYCBLK12903CE6A0E,215.27675112150297,TRYCBLK12903CE6A0E,0.1610333939507882,TRDPGXU128F9339C2A,0.15969534227889703,TRRRRDU128E0785197,0.15327200971237798,TRUBVQZ12903CF5E7C,212.50036658964777,TRIZQUH128F92C21CA,203.88396413533,TRNZKSQ12903CC598C,201.23712396803455,TRUBVQZ12903CF5E7C,0.30238934623168157,TRHYOOF12903CE46EB,0.2967748160654729,TRUOWXS128F4232239,0.29501401657292875
TRADETN128F148CF19,TRFUJVJ128F426F2A2,4244.0,TRWSYHO128F4282346,3642.0,TRGLNKG128F9307689,3111.0,TRFUJVJ128F426F2A2,4.927800000000001,TRWSYHO128F4282346,4.305987499999999,TRGLNKG128F9307689,3.6578687499999982,3,TRSTDLM128EF3431B6,642.0405827894743,TRJIQFW128F428DE49,615.414141704778,TRUASRT12903CEFCDD,611.4393579917265,0,TRSTDLM128EF3431B6,0.8089345253908576,TRJIQFW128F428DE49,0.7786658191366166,TRUASRT12903CEFCDD,0.7744312988988016,0,3,0,0,0,0,3,TRQMION128E078F6F6,162.15298295625834,TRDPGXU128F9339C2A,138.41109847100165,TRFUJVJ128F426F2A2,131.61542289966002,TRQMION128E078F6F6,0.15886580910171536,TRCLCNX128F1466731,0.111604151211386,TROFJXZ128F93069FE,0.10909864509796599,TRQOXXY128EF351AA1,234.38781278074336,TRZOOGX128F42AD931,227.4671947441721,TRQMION128E078F6F6,227.24981045681236,TRQOXXY128EF351AA1,0.3366891751787661,TRQMION128E078F6F6,0.33596935515105514,TRZOOGX128F42AD931,0.3256012367449334
TRKKXKG128E0791E74,TRFUJVJ128F426F2A2,3697.0,TRDPGXU128F9339C2A,3044.0,TRGUCIR128F933D817,2401.0,TRFUJVJ128F426F2A2,4.071550000000001,TRDPGXU128F9339C2A,3.345298437499996,TRGUCIR128F933D817,2.7413374999999998,3,TRXWSOU128F42662B0,562.4134270650711,TRNMFHV128F92EF2A1,537.493293369025,TRCNQIU128F1469E36,530.8632128233226,0,TRXWSOU128F42662B0,0.7257120292164673,TRNMFHV128F92EF2A1,0.6950123233311677,TRCNQIU128F1469E36,0.6884230592779957,0,3,0,0,0,0,3,TRFUJVJ128F426F2A2,283.5155121468439,TRDPGXU128F9339C2A,244.56339108431717,TRLVRJP128F93519FB,222.50471748498978,TRRYCLJ128F42A56FF,0.1782765534501087,TRLDJMI128E078F6F9,0.17353503782803956,TRZSUSN128F4240FCE,0.166373865928714,TRRYCLJ128F42A56FF,241.80256844683228,TRWVZBZ128F1462E08,214.74127138522832,TRINNQX128F425AD26,209.20079646248945,TRRYCLJ128F42A56FF,0.3584529731122296,TRWVZBZ128F1462E08,0.33352088838109545,TRZSUSN128F4240FCE,0.3290288777106588
TRSSUAV128F148D60F,TRFUJVJ128F426F2A2,6004.0,TRDPGXU128F9339C2A,5723.0,TRWSYHO128F4282346,5029.0,TRFUJVJ128F426F2A2,6.7966000000000015,TRDPGXU128F9339C2A,6.561331249999996,TRWSYHO128F4282346,5.8232875,3,TREBQOW128F92C4549,682.3187456060882,TRKXFLD128F1479BC0,673.8571251006056,TRFOGZN128F42882B5,673.2003420847793,0,TREBQOW128F92C4549,0.8594451990301829,TRFOGZN128F42882B5,0.8508988415463777,TRKXFLD128F1479BC0,0.8492301658859397,0,3,0,0,0,0,3,TRFUJVJ128F426F2A2,331.89438304193914,TRQWDRK128F4241A32,318.1728257628172,TRDPGXU128F9339C2A,308.2582884197176,TRKKWMQ128F4266186,0.20511755969122142,TRJGMSL128F4230A6C,0.19732409237604764,TRQWDRK128F4241A32,0.19339751645957384,TRKKWMQ128F4266186,211.64115698742052,TRUSLVG128F930A59C,206.80725748475348,TRLGWGC128EF34DBAB,206.44141781531428,TRKKWMQ128F4266186,0.36604145314193115,TRLGWGC128EF34DBAB,0.36498724299069013,TRCNQIU128F1469E36,0.3578946205188214
TRFROET128F148CF1F,TRFUJVJ128F426F2A2,5745.0,TRWSYHO128F4282346,4144.0,TRDPGXU128F9339C2A,3735.0,TRFUJVJ128F426F2A2,6.622349999999995,TRWSYHO128F4282346,4.814740624999998,TRDPGXU128F9339C2A,4.201354687499997,3,TRFUJVJ128F426F2A2,575.1804862276384,TRJKREO128E07821BB,572.7379472629093,TRFYGMB128F425A7A2,569.9660728525039,1,TRFUJVJ128F426F2A2,0.7350399228983442,TRJKREO128E07821BB,0.7278782236379071,TROWDOO128F9361D3E,0.7255718294255774,1,3,1,1,1,1,2,TRFUJVJ128F426F2A2,224.13625094732612,TRDPGXU128F9339C2A,222.87758720789046,TRFFJLM128F148BCEF,198.34619474513337,TRGDBXO128F1480976,0.1835205591283094,TRGHYGG12903CAC100,0.1611103468742573,TRAJVCL128F932A6F3,0.15322232838307173,TRGDBXO128F1480976,232.30838992659773,TRGADJR12903CB1002,229.6414444620572,TRAJVCL128F932A6F3,227.91040313139845,TRAJVCL128F932A6F3,0.3451489610124346,TRGDBXO128F1480976,0.34373106199377834,TRQMZTE128F42B5074,0.34206794099962884
TRFHVTT12903CF7CD9,TRFUJVJ128F426F2A2,3085.0,TRWSYHO128F4282346,2497.0,TRQAWKR128F425EEC3,2206.0,TRFUJVJ128F426F2A2,3.4146499999999964,TRWSYHO128F4282346,2.832650000000001,TREBGAA128E078FC52,2.441449999999997,2,TRKSXRS128F14AA089,477.9710166911311,TRUXRZH128F92F703B,477.321429664142,TRYXYFR128E078C6B5,474.24943366860896,0,TRKSXRS128F14AA089,0.624425897727655,TRYXYFR128E078C6B5,0.6149362439930187,TRUXRZH128F92F703B,0.6137182963203741,0,2,0,0,0,0,3,TRQAWKR128F425EEC3,232.4666681776553,TRFUJVJ128F426F2A2,211.20113668370715,TRGUBSR128E0786082,179.60834024274737,TRQAWKR128F425EEC3,0.20149194326922662,TRUGLTC128F4227B93,0.14136791919857536,TRWXSWA128F1456793,0.13892977996924954,TRLTFVP128E0782B34,219.71361337008327,TRMRAFF128F92FB7D1,216.19626236072332,TRWXSWA128F1456793,205.3445955268704,TRWXSWA128F1456793,0.3216580999148367,TRLTFVP128E0782B34,0.32074741980256594,TRMRAFF128F92FB7D1,0.31411174559331523
TRXZNNF12903CA6F9B,TRFUJVJ128F426F2A2,4698.0,TRWSYHO128F4282346,3862.0,TRDPGXU128F9339C2A,3466.0,TRFUJVJ128F426F2A2,5.504500000000008,TRWSYHO128F4282346,4.587,TREBGAA128E078FC52,4.104749999999995,2,TRLQBZP12903CECC4A,660.2181105721489,TRCTLQY128F92F1539,659.2645019034105,TRABMIY128F426EA8F,651.7395463991135,0,TRLQBZP12903CECC4A,0.8306055308925484,TRCTLQY128F92F1539,0.8292650210010611,TRABMIY128F426EA8F,0.8197302991983271,0,2,0,0,0,0,3,TRFUJVJ128F426F2A2,141.4266058889233,TRPCRHL128F4274CFE,128.9184395943236,TRGLNKG128F9307689,118.24072949881403,TRCTLQY128F92F1539,0.11295812434527626,TRPVAMZ128F4286261,0.10959031150924478,TRBGUJV128E078FE5D,0.10712884774347506,TRPVAMZ128F4286261,262.0267363881509,TRJLMIR128F4291348,261.1035129743244,TRBGUJV128E078FE5D,255.35529489813808,TRPVAMZ128F4286261,0.37857317937748836,TRBGUJV128E078FE5D,0.37057712077378174,TRCTLQY128F92F1539,0.36783371780623036
TRTSAUB128E07859FC,TRFUJVJ128F426F2A2,3847.0,TRDPGXU128F9339C2A,3846.0,TRWSYHO128F4282346,3807.0,TRWSYHO128F4282346,4.401006250000016,TRDPGXU128F9339C2A,4.349721875000001,TRFUJVJ128F426F2A2,4.261350000000001,3,TRJAJTB128F42A63EA,579.9362656636949,TRJEJXZ128F9321015,568.5577379593972,TRKOBMA12903CA8574,564.1550203022337,0,TRJAJTB128F42A63EA,0.7393595774642931,TRJEJXZ128F9321015,0.7212734865577317,TRKOBMA12903CA8574,0.7208883275875546,0,3,0,0,0,0,3,TRDPGXU128F9339C2A,242.07027978333528,TRCHZXW128E079288A,207.94369878184511,TRRJQIQ128F429A974,204.9633929620987,TRMZSRG128F428BE3F,0.1618791338983324,TRBDCAH128EF362D31,0.15688487358929573,TRIVUXU128F145A60B,0.15419422331491847,TRNZKSQ12903CC598C,261.4468040619363,TRUFDLK128E078EE4C,206.6987661743404,TRXRINO128F4264CCB,198.11548212134554,TRNZKSQ12903CC598C,0.36873062575052656,TRBDCAH128EF362D31,0.3236772196822073,TRUFDLK128E078EE4C,0.31346155436996254
TRFMGIO128F42591F0,TRFUJVJ128F426F2A2,3479.0,TRDPGXU128F9339C2A,3393.0,TRCHZXW128E079288A,3098.0,TRFUJVJ128F426F2A2,3.8519500000000035,TRDPGXU128F9339C2A,3.8257874999999983,TRCHZXW128E079288A,3.5589625000000105,3,TRFLRFH12903CB021D,576.484011646873,TRALZXZ128F92E26EF,564.3117169383868,TRIGERV128F1478764,561.8183648155546,0,TRFLRFH12903CB021D,0.7329268484732367,TRALZXZ128F92E26EF,0.7178060087572243,TRIGERV128F1478764,0.7172697428045745,0,3,0,0,0,0,3,TRDPGXU128F9339C2A,273.47033704203983,TRFUJVJ128F426F2A2,264.1988059629469,TRNVKOI128E0799173,223.3321022042705,TRRJQIQ128F429A974,0.16680704140217403,TRLZVNA128F1474A16,0.15905009735655157,TRNVKOI128E0799173,0.15885858724242766,TRNGIXM128F148D3E6,266.5767115240418,TRBBVJP128F92FF19C,247.6017188248791,TRFXHZR128F92F6BFF,243.03583838504989,TRNGIXM128F148D3E6,0.38453582785011425,TRFXHZR128F92F6BFF,0.3630602690427347,TRBBVJP128F92FF19C,0.3521012555484308
TRDYUVI128E078F725,TRFUJVJ128F426F2A2,2010.0,TRDPGXU128F9339C2A,1690.0,TRFLWJZ128F425C9E4,1438.0,TRFUJVJ128F426F2A2,2.2019999999999986,TRDPGXU128F9339C2A,1.8528359374999976,TRFLWJZ128F425C9E4,1.6361328124999992,3,TRGJJTY12903CF8E82,464.3370635326397,TRCQTAG128F4260E18,460.0805813791532,TRLEOAU128F932B646,431.9735969195169,0,TRGJJTY12903CF8E82,0.6004376258723121,TRCQTAG128F4260E18,0.5948603239449886,TRDVELE128F932810A,0.5608716071395795,0,3,0,0,0,0,2,TRDPGXU128F9339C2A,162.06996233809582,TROYKQM128F428CCED,128.22367338790067,TRNVKOI128E0799173,128.200114672425,TRRSRXG128E07888AF,0.11324163268804524,TRWVXWR128F92CF848,0.10606879587011886,TRJWUYF12903CF5635,0.102944514413384,TRXFGLZ128F425ECAB,193.775489950981,TRWVXWR128F92CF848,193.13322568894745,TRJTIVP128F426AB91,192.9713227586478,TRWVXWR128F92CF848,0.2912196698353615,TRXFGLZ128F425ECAB,0.28862618672149526,TRJWUYF12903CF5635,0.2738274502384675
TRPNLLB128F14956A5,TRFUJVJ128F426F2A2,4422.0,TRWSYHO128F4282346,3751.0,TRDPGXU128F9339C2A,3679.0,TRFUJVJ128F426F2A2,5.035300000000001,TRWSYHO128F4282346,4.367081250000002,TRDPGXU128F9339C2A,4.1871343749999985,3,TRNHSZN128F930FF03,587.1260691180413,TRQYLYP12903CC26F6,586.8368949174483,TRGLNKG128F9307689,581.9309007309048,0,TRQYLYP12903CC26F6,0.746099403436712,TRNHSZN128F930FF03,0.7443318892144923,TRGLNKG128F9307689,0.7417446849753278,0,3,0,0,0,0,3,TRDPGXU128F9339C2A,241.756364349005,TRNVKOI128E0799173,180.48558592876515,TRFUJVJ128F426F2A2,176.87483763430552,TRFSOAL128F931B19F,0.15593574975350047,TRYPHVM128F42437C0,0.14420923752385215,TRRQNEL128F92E79F8,0.14419107293279748,TRRQNEL128F92E79F8,295.14261490821,TRFSOAL128F931B19F,287.2188976263378,TRZCHOI128E078E08D,234.20055963823506,TRRQNEL128F92E79F8,0.4130896437194259,TRFSOAL128F931B19F,0.40014084005615463,TRGOLAX128F92F87BF,0.35101892637810905
TRTDHSB128F422B90F,TRDPGXU128F9339C2A,2793.0,TRCHZXW128E079288A,2726.0,TRFUJVJ128F426F2A2,2672.0,TRDPGXU128F9339C2A,3.150801562499999,TRCHZXW128E079288A,3.150573437499992,TRKLJAG128F42B31CF,3.030546874999983,2,TRGGLKN128F934D0C9,578.6082844933009,TRQAOWZ128F93000A4,576.2624487653425,TRKUCYF12903D06F03,565.9908145380871,0,TRGGLKN128F934D0C9,0.7343941248470012,TRQAOWZ128F93000A4,0.73122425780468,TRTPMBB128F42934F8,0.7209197688752255,0,2,0,0,0,0,2,TRCHZXW128E079288A,169.5311890817944,TRDJOCY128F4294CD5,168.16252557078653,TRDUSIG12903CA5FCB,162.8572964220668,TRDJOCY128F4294CD5,0.12885908531248583,TRFYBJS128F145F5FA,0.12300414181332356,TRFHZWK128F427068B,0.12182762029970534,TRDNUNW128F933DB3D,252.2894500322956,TRRLMOZ128F92E6814,234.57993271901194,TRQHZTH128F425E107,234.3730954358493,TRDNUNW128F933DB3D,0.35466661573746494,TRQHZTH128F425E107,0.3401891672329138,TRFYBJS128F145F5FA,0.3325047756159848
TREXZYC12903CA281A,TRFUJVJ128F426F2A2,4904.0,TRDPGXU128F9339C2A,4482.0,TRWSYHO128F4282346,4328.0,TRFUJVJ128F426F2A2,5.582600000000001,TRDPGXU128F9339C2A,5.144721875000001,TRWSYHO128F4282346,5.052256250000015,3,TREBQOW128F92C4549,632.3642989400321,TRHSMEG128F42BC646,611.9487786441423,TRKLJAG128F42B31CF,611.1061779698421,0,TREBQOW128F92C4549,0.7988579052116475,TRHSMEG128F42BC646,0.7747084000132225,TRKLJAG128F42B31CF,0.767811373847845,0,3,0,0,0,0,3,TRDPGXU128F9339C2A,222.2204738121604,TRFUJVJ128F426F2A2,218.5821890880962,TRRJQIQ128F429A974,181.89458022432444,TRLKMRV128F1480E4C,0.15507334949558163,TRMUITB128F428ADAC,0.1340975197272473,TRDJPOT12903CC0024,0.13108718989646057,TRLKMRV128F1480E4C,243.06220797696747,TRFDLAU128F42661C5,197.4785535967444,TRMUITB128F428ADAC,195.80159379896358,TRLKMRV128F1480E4C,0.34983075338994535,TRMUITB128F428ADAC,0.3067185289236374,TRFDLAU128F42661C5,0.2967400958698983
TRDXSGX128F425F173,TRFUJVJ128F426F2A2,886.0,TRUGLTC128F4227B93,685.0,TRDPGXU128F9339C2A,588.0,TRFUJVJ128F426F2A2,0.9648999999999981,TRUGLTC128F4227B93,0.7901812499999998,TRLINLH128F9346400,0.6445875000000002,2,TRVBBVN128E078A608,408.51147142311333,TREAQSX128E07818CA,391.77596672326683,TRVPPSC128F92EC9C2,382.0738468121039,0,TRVBBVN128E078A608,0.527447359312641,TREAQSX128E07818CA,0.5057275636779099,TRVPPSC128F92EC9C2,0.4960549176969501,0,2,0,0,0,0,3,TRLDJMI128E078F6F9,102.99366696565036,TRFUJVJ128F426F2A2,82.07794249333894,TRGDBXO128F1480976,81.93603040468038,TRLDJMI128E078F6F9,0.10976665868133514,TRGDBXO128F1480976,0.08921865569590164,TRQJNDH128F4228AAB,0.08711146283168296,TRATNTQ128F9351550,302.22639175296234,TRXHRJN128F149418E,296.07125357192933,TREAQSX128E07818CA,294.88651457173825,TRATNTQ128F9351550,0.39088954992364155,TREAQSX128E07818CA,0.38866395216861593,TRXHRJN128F149418E,0.38683850440850787
TREAQSX128E07818CA,TRFUJVJ128F426F2A2,3417.0,TRWSYHO128F4282346,2264.0,TRTLIKK128E07862DA,2193.0,TRFUJVJ128F426F2A2,3.8526500000000024,TRWSYHO128F4282346,2.5564312500000033,TRTLIKK128E07862DA,2.4881562500000016,3,TRUQLCG12903CC5630,548.3105096201851,TRCXWON128F424936F,538.3062478957451,TRLOZGV128F42A06E6,459.1644782795649,0,TRUQLCG12903CC5630,0.6955450382677406,TRCXWON128F424936F,0.6793139097191931,TRLOZGV128F42A06E6,0.5912492162203798,0,3,0,0,0,0,3,TRFUJVJ128F426F2A2,225.38921869801536,TRBEBJO128C719646B,184.10922474470513,TRDPGXU128F9339C2A,173.39035528830019,TRCGAVX12903CFBC61,0.16681216306537824,TRBEBJO128C719646B,0.16026548223546097,TRGOMIJ128F4263AD6,0.1591595504913907,TRDXSGX128F425F173,294.88651457173665,TRYOUMI128E078F4DE,262.73918814095606,TRGOMIJ128F4263AD6,260.75897442842813,TRDXSGX128F425F173,0.3886639521686158,TRYOUMI128E078F4DE,0.3739931544578756,TRGOMIJ128F4263AD6,0.36858595550829915
TRBVPVV128F425F14F,TRGUCIR128F933D817,17762.0,TRYUJAX12903CF14E7,12393.0,TRHTUQC128F427D30F,9883.0,TRGUCIR128F933D817,21.570662500000058,TRYUJAX12903CF14E7,15.102706249999944,TRHTUQC128F427D30F,12.05507968749996,3,TRDLQGL128F1458AA5,641.7986844926809,TRYXRXL128F427F13A,640.9755155816127,TRJKYRB128F1498AF7,628.2049510847933,0,TRDLQGL128F1458AA5,0.8060299799284004,TRYXRXL128F427F13A,0.8050355745285214,TRJKYRB128F1498AF7,0.7886888273832221,0,3,0,0,0,0,3,TRDPGXU128F9339C2A,419.26629248576853,TRFUJVJ128F426F2A2,384.72702706530805,TRQWDRK128F4241A32,349.1717812790818,TRIIBVP128E0792750,0.2535431270753011,TRLRCZU128F1475FBA,0.24270668961507336,TRAWCKU128F14771C0,0.2418390923291903,TRIIBVP128E0792750,242.24841168297297,TRXJFYW128F4259BBD,221.61898032527674,TRAJQIF128F92CD28A,219.0838079713822,TRIIBVP128E0792750,0.3623595611154398,TRXJFYW128F4259BBD,0.32102186236446056,TRQKTGW128F424E927,0.3177116366552024
TRBROFT128F92F8769,TRFUJVJ128F426F2A2,7159.0,TRDPGXU128F9339C2A,5610.0,TRWSYHO128F4282346,5042.0,TRFUJVJ128F426F2A2,8.226549999999989,TRDPGXU128F9339C2A,6.408540624999992,TRBEBJO128C719646B,5.934121874999995,2,TRUVRBS128F42A34DD,537.5586628035117,TRIFVIF128F425E56A,528.0580380508623,TRFIUTM128F426343C,521.6080800695754,0,TRUVRBS128F42A34DD,0.6839576875521296,TRIFVIF128F425E56A,0.6698112711198629,TRFIUTM128F426343C,0.6666235837587444,0,2,0,0,0,0,3,TRAVDBM128EF35E257,226.64172327181686,TRRSRXG128E07888AF,221.23285128961103,TRCNVLA12903CF6052,214.0203501254395,TRRSRXG128E07888AF,0.2126580858476146,TRGGPDR128F42A56FC,0.21246784875897298,TRAVDBM128EF35E257,0.20596068843257037,TRCDOVL128F92EAA3A,261.5557109260455,TRGGPDR128F42A56FC,233.03520013465285,TRNBZTB12903CB120D,216.55972811501522,TRCDOVL128F92EAA3A,0.36696545409618764,TRGGPDR128F42A56FC,0.3296042400893413,TRNBZTB12903CB120D,0.2896684459466826
TRIIWCU128F92F876A,TRFUJVJ128F426F2A2,2855.0,TRDPGXU128F9339C2A,2445.0,TRCHZXW128E079288A,2084.0,TRFUJVJ128F426F2A2,3.1294500000000043,TRDPGXU128F9339C2A,2.6888734375000034,TRCHZXW128E079288A,2.3277515625000036,3,TROIYWE128F146BD93,510.06679329243383,TRSXLCE128F4296591,464.13661545894644,TRYAPRE128F425EE39,463.91076142263546,0,TROIYWE128F146BD93,0.654051801775045,TRUVVFR128F4248609,0.5985801754588809,TRYAPRE128F425EE39,0.5968432700931395,0,3,0,0,0,0,2,TRDPGXU128F9339C2A,164.85763691592345,TRFUJVJ128F426F2A2,157.34335989547986,TRKRVKD128F9327008,145.43890701299364,TRFKSYH128E0784708,0.1380495848498379,TRTTBCA128F429B8A8,0.12880521615465004,TRNJWKL128F424F0F3,0.12532113158836888,TRQDZUE128F42635BD,292.303349713713,TRFKSYH128E0784708,282.7705299725714,TRPOUCU128F427C122,217.91598931226795,TRQDZUE128F42635BD,0.3761050502720813,TRFKSYH128E0784708,0.37310285923190006,TRTTBCA128F429B8A8,0.3121596919713563
TRVDAHO128F92F231E,TRFUJVJ128F426F2A2,12488.0,TRWSYHO128F4282346,10641.0,TRGLNKG128F9307689,8864.0,TRFUJVJ128F426F2A2,14.67850000000001,TRWSYHO128F4282346,12.692484375000001,TRGLNKG128F9307689,10.509835937500004,3,TRHZNFT128F4292FE4,703.695599429738,TRYMECK128F428253F,676.8533997327595,TRCRGKS128F92C57A8,674.3385564279208,0,TRHZNFT128F4292FE4,0.8817949394087483,TRYMECK128F428253F,0.8488816012487144,TRCRGKS128F92C57A8,0.8453425561130551,0,3,0,0,0,0,3,TRFUJVJ128F426F2A2,287.0695941430784,TRDPGXU128F9339C2A,280.7131523699437,TRHKJVR128F42857EA,220.22149363264472,TRFUJVJ128F426F2A2,0.17137802479822173,TRCLVPW128F92F1ED1,0.16183893572204844,TRDPGXU128F9339C2A,0.15982155072673815,TRQYUKJ12903C9A1CE,233.6136777042134,TRLGMJP128F92E033F,230.4222899784146,TRKPONJ128F146D62C,220.95182156269985,TRQYUKJ12903C9A1CE,0.348752606745734,TRKPONJ128F146D62C,0.32576366481315516,TRLGMJP128F92E033F,0.312147984237235
TRUGOGT128F92F29E9,TRFUJVJ128F426F2A2,4515.0,TRWSYHO128F4282346,3927.0,TRDPGXU128F9339C2A,3868.0,TRFUJVJ128F426F2A2,5.160749999999994,TRWSYHO128F4282346,4.593093750000003,TRDPGXU128F9339C2A,4.431078124999997,3,TRDPGXU128F9339C2A,641.1788810990805,TRPKXVV128F92F29CD,633.9009415809946,TRKLAOB12903C9A1CD,631.3562527592305,1,TRDPGXU128F9339C2A,0.8141768003827177,TRPKXVV128F92F29CD,0.8033942014035339,TRFPLQD128F92FFB52,0.8008511948149708,1,3,1,1,1,1,2,TRDPGXU128F9339C2A,220.34736165995287,TRTCOWO128F930C444,210.42618874003713,TRGLNKG128F9307689,201.89358753638498,TRTCOWO128F930C444,0.15231212552266687,TRSLLJV128E0796980,0.12573279054069608,TRJTUVF128F4268D12,0.11932618502297103,TRQNYDQ128F93069E6,262.1543074819168,TRJTUVF128F4268D12,203.4697190611338,TRWGFZA128F424E014,187.08169977695724,TRQNYDQ128F93069E6,0.3687846857423372,TRJTUVF128F4268D12,0.3336358501643367,TRTCOWO128F930C444,0.32458371350965143
TRNEITZ128F92F29EA,TRFUJVJ128F426F2A2,1541.0,TRDPGXU128F9339C2A,1175.0,TRGLNKG128F9307689,842.0,TRFUJVJ128F426F2A2,1.7859500000000037,TRDPGXU128F9339C2A,1.3514203124999988,TRBEBJO128C719646B,0.9676359374999977,2,TRYLJVY128F4246873,628.0454809891028,TRJWDHU128F14AE7F6,606.646941076564,TRVMMTF128F930A7B8,597.7568886814835,0,TRYLJVY128F4246873,0.7851486506977174,TRJWDHU128F14AE7F6,0.7651734526569165,TRVMMTF128F930A7B8,0.7534389410179979,0,2,0,0,0,0,3,TRCHZXW128E079288A,101.93923517011756,TRBERRB128F932D534,84.94462022860576,TRKAIVZ128E07944DB,75.01005503632568,TRCHZXW128E079288A,0.07295967918707985,TRBERRB128F932D534,0.06858153157633541,TRLUXWO128F14618D6,0.06409559199916773,TRTATZQ128F427EDD0,213.55372683831618,TRGIFAY128F1463A83,193.5258705418507,TRJOUSX128E07940A7,192.03225683396985,TRTATZQ128F427EDD0,0.3017384485953608,TRGIFAY128F1463A83,0.2721113240411297,TRYPBLE128F1459DD1,0.2671219865284117
TRMIHFS128F92F2A01,TRFUJVJ128F426F2A2,1648.0,TRDPGXU128F9339C2A,1532.0,TRWSYHO128F4282346,1283.0,TRFUJVJ128F426F2A2,1.7679000000000016,TRDPGXU128F9339C2A,1.6707234374999975,TRWSYHO128F4282346,1.4128531250000007,3,TRQCXUL128E078A9D6,430.86542150770777,TRTHFTG128F42550BC,425.0832300749494,TRRFUEU128F42144C6,423.11612273381286,0,TRQCXUL128E078A9D6,0.5676366039949823,TRTHFTG128F42550BC,0.562233593749491,TRRFUEU128F42144C6,0.5587293207500901,0,3,0,0,0,0,3,TRFUJVJ128F426F2A2,189.27527065447438,TRDPGXU128F9339C2A,146.43345196372715,TRCHZXW128E079288A,146.20737876552474,TRFUJVJ128F426F2A2,0.11123772976388238,TRLVRJP128F93519FB,0.10263046245141508,TRNQSWR128EF34375F,0.09830608582572141,TRVHUIV128F4292279,182.01207776940126,TRKNFNN128F14A4231,180.89781327921548,TRMOUUU128F14ADE16,179.78753911260597,TRWJQPJ128F426F26E,0.28694103620926437,TRLVRJP128F93519FB,0.2858211604601069,TRXGPXT128F145C13D,0.28172642792907304
TRDEVZQ128F931BAED,TRFUJVJ128F426F2A2,1163.0,TRDPGXU128F9339C2A,1160.0,TREBGAA128E078FC52,1140.0,TREBGAA128E078FC52,1.3827343749999996,TRDPGXU128F9339C2A,1.3538281250000057,TRFUJVJ128F426F2A2,1.3387500000000037,3,TRPEAPG128F4294CC0,607.4991337797084,TRSWQYN128F92FAAB6,583.0139887054909,TRTPMBB128F42934F8,581.9589207429981,0,TRPEAPG128F4294CC0,0.7650891375745664,TRSWQYN128F92FAAB6,0.7358109493375435,TRTPMBB128F42934F8,0.7335432208111056,0,3,0,0,0,0,3,TRFUJVJ128F426F2A2,63.676632391920194,TRCHZXW128E079288A,58.35438406543567,TRZBVZA128F429C955,49.21859284733896,TRZBVZA128F429C955,0.047651931494734276,TRYMSOG128F423850C,0.046821138859700254,TRQGOOD128F429CD06,0.046283946604514646,TRDQOIQ128E078746B,262.33238408612505,TREVOWA128F92F9BA4,254.43566860506132,TROBGJN128E0782FC9,219.22018295729484,TRDQOIQ128E078746B,0.3515805632071388,TREVOWA128F92F9BA4,0.3336213465557215,TROBGJN128E0782FC9,0.2959439780332499
TRCXWLU128F92F2A0D,TRFUJVJ128F426F2A2,1856.0,TRGLNKG128F9307689,1367.0,TRLDRYJ128F930BBB4,1234.0,TRFUJVJ128F426F2A2,2.154400000000002,TRGLNKG128F9307689,1.6073874999999984,TRLDRYJ128F930BBB4,1.4628499999999993,3,TREVTQG128F9312034,552.2218012796992,TRUIJKW128F147C8DB,542.8988909411464,TRLDRYJ128F930BBB4,531.612823625777,1,TREVTQG128F9312034,0.6985047749255158,TRUIJKW128F147C8DB,0.6852745463773746,TRLDRYJ128F930BBB4,0.6745163695357015,1,3,1,1,1,1,3,TRFUJVJ128F426F2A2,113.24063127101992,TRCHZXW128E079288A,89.97390478700257,TROZXMZ128F42372D1,84.50544474868572,TROZXMZ128F42372D1,0.08257004071170751,TRFUJVJ128F426F2A2,0.08053777440611654,TRCURQD128F427C75B,0.0779051586369856,TRQILML128F4262175,208.29054926221949,TRBFVAA128F423C356,191.71770727770914,TRJBXZL128F424BD21,190.48742758273576,TRQILML128F4262175,0.2859332024512943,TRJWIPF128F934B43D,0.26977733587255986,TRADYXQ128F14655F1,0.26376791634394103
TRVJTNA128F934D19D,TRFUJVJ128F426F2A2,2013.0,TRTLIKK128E07862DA,1452.0,TRDPGXU128F9339C2A,1150.0,TRFUJVJ128F426F2A2,2.2494499999999995,TRTLIKK128E07862DA,1.6536875000000026,TRWAMJL128F92D124B,1.3471500000000005,2,TRPUDOQ128F9344F23,505.19594260888493,TRDRPZZ128F421D0DA,504.9251017713748,TRBYTSU128F4253708,503.79477895257907,0,TRPUDOQ128F9344F23,0.6419693117332821,TRDRPZZ128F421D0DA,0.6414269805898185,TRBYTSU128F4253708,0.639052040676579,0,2,0,0,0,0,3,TRCOXLL128F427B2C0,159.31219842993636,TRWZUDO128F1495E26,150.6865203606929,TRDPGXU128F9339C2A,139.67960090498997,TRCOXLL128F427B2C0,0.1413622842254931,TRGRDJF128F934EF03,0.13836139024587513,TRWZUDO128F1495E26,0.12111369468070991,TRPAKFJ128F145AB63,247.15395281047583,TRIUIKS128F146F78E,226.10997191816648,TRWQMVZ128E078F1F7,207.05852422066388,TRPAKFJ128F145AB63,0.3318515510809983,TRIUIKS128F146F78E,0.30656894932007134,TRWQMVZ128E078F1F7,0.28749776808572775
TRRBLPE128F9311B20,TRFUJVJ128F426F2A2,5836.0,TRDPGXU128F9339C2A,5283.0,TRWSYHO128F4282346,4858.0,TRFUJVJ128F426F2A2,6.618799999999998,TRDPGXU128F9339C2A,6.038259375000006,TRWSYHO128F4282346,5.630581250000006,3,TRFOGZN128F42882B5,628.9059981824587,TRSLSWO128E0786285,617.5458960678204,TRWFXWM128F148D2D1,617.057277065453,0,TRFOGZN128F42882B5,0.7984691070649035,TRSLSWO128E0786285,0.7856642453075681,TRWFXWM128F148D2D1,0.7856556202122472,0,3,0,0,0,0,3,TRISBQQ128F93217A2,419.3217218481028,TRGUBSR128E0786082,405.2345792813434,TRHKJVR128F42857EA,397.89074623171047,TRISBQQ128F93217A2,0.3660921820601723,TRGUBSR128E0786082,0.3520663459557718,TRPDDZW128F42712B2,0.3461649647079824,TRISBQQ128F93217A2,289.2825444825136,TRYHHXT128F4276F89,282.1746649316552,TRZMQGY128F147E284,281.686580866285,TRISBQQ128F93217A2,0.44467211953671476,TRYHHXT128F4276F89,0.4275822731995316,TRTNPZQ128F148C125,0.4241325453644074
TRWQYOY128F425BD4C,TRFUJVJ128F426F2A2,3888.0,TRDPGXU128F9339C2A,3138.0,TRGLNKG128F9307689,2836.0,TRFUJVJ128F426F2A2,4.2758,TRDPGXU128F9339C2A,3.4339468749999997,TRGLNKG128F9307689,3.1874156249999985,3,TRFGVIL128E0791D8F,500.96978777765685,TRXVRUP12903CFD9F3,496.0223260228956,TRKKLQS128F42537F2,495.35581915718535,0,TRFGVIL128E0791D8F,0.6459466467702077,TRXVRUP12903CFD9F3,0.6432865071081605,TRVEOPR128F423382D,0.641279012996349,0,3,0,0,0,0,2,TRBERRB128F932D534,223.13512896948038,TRCHZXW128E079288A,207.10002379149225,TRBKQJB128F934EEF7,190.14652147223234,TRBERRB128F932D534,0.17108691902922973,TRRDHVU128F1455565,0.13974385854154797,TRJYDFB128F92C44C3,0.1276685790439458,TRJQLYO128F14A597B,236.12981786528036,TRLCPBV128F42785C2,233.53927516068552,TRSANZR128F92D8DC4,216.29239104218658,TRLCPBV128F42785C2,0.32739206622353273,TRCKHSO128EF35C024,0.323274967620348,TRJQLYO128F14A597B,0.31749762671844695
TRLLRQA128F427C709,TRFUJVJ128F426F2A2,1470.0,TRDPGXU128F9339C2A,850.0,TRWSYHO128F4282346,775.0,TRFUJVJ128F426F2A2,1.6719000000000002,TRDPGXU128F9339C2A,0.9240124999999989,TRWSYHO128F4282346,0.8605250000000008,3,TRJIBBZ128F425149A,488.7699365616751,TRESCVU128F145C136,471.5348710872846,TRJZXOC128F933A199,468.8421273287268,0,TRJIBBZ128F425149A,0.6341422287171887,TRESCVU128F145C136,0.6127327547271881,TRJZXOC128F933A199,0.6055912252321028,0,3,0,0,0,0,3,TRFUJVJ128F426F2A2,113.34502912159012,TRDFOXO128F42BBDCD,103.05102964806271,TREJHSZ128F148C11B,92.1418623972868,TRDFOXO128F42BBDCD,0.0925948960956342,TREJHSZ128F148C11B,0.0673316202775165,TRFUJVJ128F426F2A2,0.06636789599996272,TRBVSNW128F426244A,189.0754829185329,TRFIYDE128F14561E6,188.54222429709043,TRTALMQ128F42AD439,186.28977646110195,TRBVSNW128F426244A,0.2821290124467563,TRTALMQ128F42AD439,0.2706703968320984,TRFIYDE128F14561E6,0.26677345279170933
TRDFWPG128F148D4DF,TRKLJAG128F42B31CF,6749.0,TRCHZXW128E079288A,6677.0,TRDPGXU128F9339C2A,6560.0,TRKLJAG128F42B31CF,8.235859374999988,TRCHZXW128E079288A,7.93255468750002,TRDPGXU128F9339C2A,7.651820312499989,3,TRVOXNR128F421A58C,563.3500183136626,TRYLSNH12903CF1373,556.2236587416365,TRCEIDF128F1452C5F,547.0063518549118,0,TRVOXNR128F421A58C,0.7094642914514258,TRYLSNH12903CF1373,0.7007093700486069,TRCEIDF128F1452C5F,0.6895672809576248,0,3,0,0,0,0,3,TRFUJVJ128F426F2A2,196.14971368321497,TRDPGXU128F9339C2A,182.8263677198128,TRUNEHG128F9320309,178.29641244708125,TRUNEHG128F9320309,0.17984558331475908,TRHYZQR128F428F5C5,0.16307179502848151,TRZARUP128F9348146,0.14226787742243974,TRVCQGI128F147BFBC,232.47055967934864,TRHZHOW128F4230F35,216.32537625604755,TRCITDI128F93613E1,211.14133756914308,TRVCQGI128F147BFBC,0.30621783158344656,TRCITDI128F93613E1,0.298390084879642,TRUNEHG128F9320309,0.2900531536105366
TRVWMWN128E0788952,TRFUJVJ128F426F2A2,2808.0,TRWSYHO128F4282346,1708.0,TREBGAA128E078FC52,1654.0,TRFUJVJ128F426F2A2,3.206400000000001,TREBGAA128E078FC52,1.955918750000001,TRWSYHO128F4282346,1.9365874999999966,3,TRIJVMA128F427F37E,501.34360343762944,TRBAQPR128F92F4AB0,496.44142843112746,TRIKPWO128F4265FA9,491.70805673449223,0,TRBAQPR128F92F4AB0,0.636663868729615,TRIJVMA128F427F37E,0.6354443948563383,TRFUNRS128F9346BF4,0.6318878355032662,0,3,0,0,0,0,2,TRFUJVJ128F426F2A2,145.41776012624743,TRFFJLM128F148BCEF,127.95992398353327,TRKWRJT128F42BC234,127.44539119781935,TRKWRJT128F42BC234,0.13403819853610066,TRMGOLR128F933A7DB,0.1077829913782885,TRAILGJ128F1485985,0.10511215327927177,TRIBHLE128F933D581,350.16081318486647,TRKWRJT128F42BC234,237.55633070203547,TRAILGJ128F1485985,219.1366800319569,TRIBHLE128F933D581,0.4606872902089256,TRKWRJT128F42BC234,0.3341250733874397,TRAILGJ128F1485985,0.3165024596205422
TRDHPGJ128F4289C44,TRFUJVJ128F426F2A2,4574.0,TRWSYHO128F4282346,3212.0,TRDPGXU128F9339C2A,3103.0,TRFUJVJ128F426F2A2,5.1286999999999985,TRWSYHO128F4282346,3.6301999999999954,TRDPGXU128F9339C2A,3.3863500000000015,3,TRQRKOW128F42BC127,478.3925525837739,TRGXIWD128F1464482,466.0765864041384,TRVOIPE128F149C472,465.29917819485763,0,TRQRKOW128F42BC127,0.6164540227043704,TRGXIWD128F1464482,0.6009380536653515,TRVOIPE128F149C472,0.5990691303805199,0,3,0,0,0,0,3,TRFUJVJ128F426F2A2,275.4736481809744,TRGHYGG12903CAC100,222.60356888886525,TRTCOWO128F930C444,212.79121977806605,TRGHYGG12903CAC100,0.209955974856554,TRNDNKN12903CC8A4C,0.19365490812880778,TRUFCYN128F93385FE,0.1754144732453753,TRAAJJW128F4298683,251.97561123951866,TRUFCYN128F93385FE,235.55681762376832,TRNDNKN12903CC8A4C,218.10620180486072,TRAAJJW128F4298683,0.35215925714388685,TRUFCYN128F93385FE,0.33596741439906386,TRNDNKN12903CC8A4C,0.3201759839308522
TRFSQXF128F9311B25,TRCHZXW128E079288A,5184.0,TRXHFMI128F429B2F2,4802.0,TRDPGXU128F9339C2A,4730.0,TRCHZXW128E079288A,6.265168750000002,TRXHFMI128F429B2F2,5.88710625000002,TRKLJAG128F42B31CF,5.760937500000019,2,TRLFWOJ12903CC6976,686.1025941596282,TREHMYJ128F42BA1E6,684.6882268541964,TRGAGNZ128F42712C3,682.7206724564821,0,TRLFWOJ12903CC6976,0.8594093108896051,TREHMYJ128F42BA1E6,0.8576710520204935,TRGAGNZ128F42712C3,0.8550069600086608,0,2,0,0,0,0,3,TRCHZXW128E079288A,131.00532506010433,TRFUJVJ128F426F2A2,99.85494803898675,TRDPGXU128F9339C2A,98.74180590237066,TRCHZXW128E079288A,0.10264051579952879,TRAWCKU128F14771C0,0.0851750205247863,TRYEUVV128F4295246,0.08301663201183543,TRNJOQU12903D0EE0E,254.83213850794604,TRYEUVV128F4295246,248.05381389305967,TRMEUKT128F4263312,241.77237654582447,TRNJOQU12903D0EE0E,0.34785581362280493,TRYEUVV128F4295246,0.34513787363099524,TRMEUKT128F4263312,0.3411187295666945
TRXACXM12903CEC365,TRBVPVV128F425F14F,5679.0,TRWSYHO128F4282346,5491.0,TRGUCIR128F933D817,5158.0,TRBVPVV128F425F14F,6.815512500000007,TRWSYHO128F4282346,6.394774999999998,TRGUCIR128F933D817,6.108200000000021,3,TRDLQGL128F1458AA5,526.5447699531642,TRJIDCS128F4255289,519.8986815806995,TRXNFZG12903CAC9D9,519.4265188330685,0,TRDLQGL128F1458AA5,0.666852218837513,TRXNFZG12903CAC9D9,0.6596086700523046,TRAMJWO128EF343C19,0.6588063430184941,0,3,0,0,0,0,2,TRFUJVJ128F426F2A2,239.16003148358712,TRDPGXU128F9339C2A,234.77934564245027,TRCHZXW128E079288A,216.2760587803248,TRQAWKR128F425EEC3,0.17567024947799798,TRQTPZY128F92F37F9,0.17448990409120213,TRJZJLP128F1456AE0,0.17056088561590713,TRJZJLP128F1456AE0,281.65468134922264,TRYOULH128F425FBF3,271.1126115519936,TRSRIFV128F92E0C06,269.6949809000584,TRJZJLP128F1456AE0,0.3921186844704686,TRYOULH128F425FBF3,0.3794707938205796,TRSRIFV128F92E0C06,0.3764947393688859
TRWWVGC12903CB5C50,TRLCWTH128F92C7F82,1426.0,TRCDMRL12903CB105C,1375.0,TRGLNKG128F9307689,1059.0,TRLCWTH128F92C7F82,1.7104812499999995,TRCDMRL12903CB105C,1.6740437499999998,TRUEPSG128F149639E,1.2244750000000002,2,TRCVXLC128F4233F8E,461.7496722027985,TRLCWTH128F92C7F82,455.4986166986904,TRDOVAF128F93112F7,447.4611217012914,1,TRCVXLC128F4233F8E,0.590293211050988,TRLCWTH128F92C7F82,0.5794378650979687,TRBKKDM128F1482B85,0.572026772174609,1,2,1,1,1,1,2,TROVSGS128F4274CEE,127.62049683095826,TRQAWKR128F425EEC3,121.16608010207747,TRFUJVJ128F426F2A2,111.89103886530515,TRBSKJC12903CF3C64,0.1200267524919807,TRPSKLI128F425E42C,0.10963347374564324,TRYRGJV128F42690CC,0.10912627922543733,TRBSKJC12903CF3C64,342.13422958122027,TRMIVIX128F42731D4,261.43107642830677,TRYRGJV128F42690CC,251.1742769026981,TRBSKJC12903CF3C64,0.44948175367934534,TRMIVIX128F42731D4,0.35782039434616286,TRYRGJV128F42690CC,0.3434940883838622
TRYIJWH128F146948C,TRFUJVJ128F426F2A2,2846.0,TRGLNKG128F9307689,2012.0,TRDPGXU128F9339C2A,1960.0,TRFUJVJ128F426F2A2,3.2446999999999986,TRGLNKG128F9307689,2.323537500000002,TRDPGXU128F9339C2A,2.188412500000002,3,TRUYEQB128F930F787,764.5380129220842,TRKAIPI128C719636E,458.18471956416175,TROJYOU12903CBD2A8,417.518987260753,0,TRUYEQB128F930F787,0.9567355016832566,TRKAIPI128C719636E,0.5862709205077544,TROJYOU12903CBD2A8,0.538524382315772,0,3,0,0,0,0,3,TRUYEQB128F930F787,380.04131267677946,TRIBUHS128E07865A3,136.95508324849544,TRQWDRK128F4241A32,120.95932721551331,TRUYEQB128F930F787,0.46061074687002646,TRIBUHS128E07865A3,0.15294719235469803,TRNLIIR128F146F829,0.12586734319335616,TRUYEQB128F930F787,750.3278549261905,TRLXWYX128F426C74C,271.3001965096301,TRIBUHS128E07865A3,254.7475942217329,TRUYEQB128F930F787,0.93941902608718,TRLXWYX128F426C74C,0.3492553067000145,TRIBUHS128E07865A3,0.34240930257453567
TRDIAZY12903CB6532,TRFUJVJ128F426F2A2,1744.0,TRDPGXU128F9339C2A,1294.0,TRWSYHO128F4282346,1283.0,TRFUJVJ128F426F2A2,1.8763999999999994,TRWSYHO128F4282346,1.4053375000000008,TRDPGXU128F9339C2A,1.3636062500000017,3,TRRKJTN128F1464EDD,367.431304620038,TRWZWOX128F935A084,366.55853616405153,TRGAEVY128F428BEF6,358.73130156469034,0,TRRKJTN128F1464EDD,0.4823046022550818,TRWZWOX128F935A084,0.4778119969101455,TRGAEVY128F428BEF6,0.4722981058001945,0,3,0,0,0,0,3,TRLDRYJ128F930BBB4,177.77718170976814,TRDPGXU128F9339C2A,167.16972425110708,TRDUSIG12903CA5FCB,164.19958862098406,TRLDRYJ128F930BBB4,0.15514178801816503,TRIGRBJ128F1490099,0.1337997053032669,TRMIFQQ128F9338145,0.12818420538602762,TRIGRBJ128F1490099,284.54584156965905,TRZMUFC128F931AF8E,265.57319231469074,TRYJFOZ12903CDCBD8,253.34224361090315,TRIGRBJ128F1490099,0.3825200966801381,TRZMUFC128F931AF8E,0.3646538893197652,TRMIFQQ128F9338145,0.3535806019585915
TRTUJAL128F423E18D,TRBVPVV128F425F14F,6595.0,TRGUCIR128F933D817,5509.0,TRYUJAX12903CF14E7,3836.0,TRBVPVV128F425F14F,8.053109375000018,TRGUCIR128F933D817,6.6578749999999784,TRYUJAX12903CF14E7,4.654562499999991,3,TRBVPVV128F425F14F,561.0177727065019,TRFRZVN128F92FA34F,524.2413870823337,TRDLQGL128F1458AA5,519.7200647924017,1,TRBVPVV128F425F14F,0.706104038330947,TRFRZVN128F92FA34F,0.6607096038317538,TRDLQGL128F1458AA5,0.6556942447870098,1,3,1,1,1,1,3,TRYNUGI128F4298F1C,293.6547151476459,TRFUJVJ128F426F2A2,204.41340613238597,TRYIIPJ128F1456B3A,189.56821956593234,TRYNUGI128F4298F1C,0.31675685153340144,TRYIIPJ128F1456B3A,0.20602918403361012,TRJADED128E078FB2A,0.15062003983947314,TRYNUGI128F4298F1C,318.22172174923213,TRVPKBN128F424D72C,221.06480824478052,TRYIIPJ128F1456B3A,217.16180939771812,TRYNUGI128F4298F1C,0.4244911011041734,TRVPKBN128F424D72C,0.30561339816805494,TRYIIPJ128F1456B3A,0.29900078227634724
TRBTXNE12903CB6528,TRFUJVJ128F426F2A2,2670.0,TRDPGXU128F9339C2A,2212.0,TRFLWJZ128F425C9E4,1948.0,TRFUJVJ128F426F2A2,2.893599999999999,TRDPGXU128F9339C2A,2.3937765625000007,TRFLWJZ128F425C9E4,2.2043046875000023,3,TRTMQWK128F4241384,467.99822008240244,TRLSQAR128F4263CBC,467.18881433544277,TRXWSOU128F42662B0,461.3186393179845,0,TRLSQAR128F4263CBC,0.6151066731770107,TRTMQWK128F4241384,0.6122319443189098,TRXWSOU128F42662B0,0.6092094824177163,0,3,0,0,0,0,3,TRFUJVJ128F426F2A2,211.93394754701947,TRDPGXU128F9339C2A,181.89601421132005,TRYGIAU128F425C148,175.4842090166142,TRMCMCM128F427C38B,0.1527060873644758,TRPUYZW128C719638F,0.14150829311921886,TRYGIAU128F425C148,0.13754708897674003,TRMCMCM128F427C38B,226.10281217954048,TRTGQPF128F429508F,214.1425592507839,TRZOOGX128F42AD931,198.57093427568157,TRMCMCM128F427C38B,0.3424992934672941,TRTGQPF128F429508F,0.3257388345814948,TRPUYZW128C719638F,0.30332739141015597
TRKQRSQ128F92D5134,TREENUC12903CBE042,420.0,TRJTYVS128F9354DB0,390.0,TRDTODK128F1458778,308.0,TREENUC12903CBE042,0.5137875000000001,TRJTYVS128F9354DB0,0.47988749999999586,TRDTODK128F1458778,0.3795999999999964,3,TRJUTIP128F4291F98,426.1743076087684,TRWXYBL128F424CFF9,388.50543889615705,TRRQZDE128F931AC02,383.09677713847987,0,TRJUTIP128F4291F98,0.534686377234948,TRWXYBL128F424CFF9,0.48780783917080295,TRRQZDE128F931AC02,0.4816192562600812,0,3,0,0,0,0,3,TRDTODK128F1458778,66.69748153327708,TRLBPSP128C719660D,66.47623233293108,TRCEIDF128F1452C5F,61.71497280631587,TRDTODK128F1458778,0.08128286105775803,TRLBPSP128C719660D,0.08002377531121127,TRCEIDF128F1452C5F,0.07238184954742856,TROVKZW128F427CA18,287.03623625674817,TRLBPSP128C719660D,284.8766029611217,TRDTODK128F1458778,282.0904248419435,TROVKZW128F427CA18,0.3626264430535606,TRLBPSP128C719660D,0.3590613390561848,TRDTODK128F1458778,0.35664074518968136
TRBFVAA128F423C356,TRFUJVJ128F426F2A2,777.0,TRWSYHO128F4282346,641.0,TRHGZOJ128F14A2ED0,553.0,TRFUJVJ128F426F2A2,0.8838500000000002,TRWSYHO128F4282346,0.7441312500000002,TRHGZOJ128F14A2ED0,0.6441062500000011,3,TRJFWGH128F42359FE,442.788062325848,TREKOGX128E07919DD,419.82635706295446,TRRXXQS128F14B027B,403.8664291939346,0,TRJFWGH128F42359FE,0.5655267117210215,TREKOGX128E07919DD,0.5364768537952223,TRONWWI128EF354F4B,0.5190370341141012,0,3,0,0,0,0,2,TRJAZRW12903CAFA01,66.53728136644654,TRNQSWR128EF34375F,61.29516466563742,TRFUJVJ128F426F2A2,60.4649154214116,TRJAZRW12903CAFA01,0.08088616646288405,TRNQSWR128EF34375F,0.0692726338943284,TRQTVXU128F930C659,0.06421694203904421,TRJAZRW12903CAFA01,347.38334092763085,TRESEJT128F4271B69,346.8002562415242,TRQTVXU128F930C659,292.01951195037805,TRESEJT128F4271B69,0.44656514660042845,TRJAZRW12903CAFA01,0.4409438124277464,TRQTVXU128F930C659,0.38061242939014556
TRFSCLD12903CD213F,TRCXMEY12903CD1FB6,5616.0,TRCETEN128F42AD6D0,5217.0,TREXCMT128F933D825,4548.0,TRCXMEY12903CD1FB6,6.898874999999997,TRCETEN128F42AD6D0,6.355950000000002,TREXCMT128F933D825,5.364850000000005,3,TREBBJP128F4275C4D,421.9257868075037,TRNKIVH128F421D429,383.8160176981561,TRTSGEL128EF34F8BA,378.58143231665554,0,TREBBJP128F4275C4D,0.5313037291440534,TRNKIVH128F421D429,0.48373375565738,TRTSGEL128EF34F8BA,0.4750964702244586,0,3,0,0,0,0,3,TRRXEOI12903CE22D0,189.035316771614,TRAMTEH128F930D496,180.002538242739,TRCXMEY12903CD1FB6,177.66371131891302,TRCXMEY12903CD1FB6,0.21708656747386176,TRAMTEH128F930D496,0.2168362894392371,TRRXEOI12903CE22D0,0.21524573487281162,TRCXMEY12903CD1FB6,356.6662797654066,TREBBJP128F4275C4D,348.85752629670475,TRAMTEH128F930D496,323.35494941634937,TRCXMEY12903CD1FB6,0.45110282764449916,TREBBJP128F4275C4D,0.442294757135648,TRAMTEH128F930D496,0.41114532763898065
TRZTQEP128E0792526,TRFUJVJ128F426F2A2,1597.0,TRGUCIR128F933D817,1109.0,TRBVPVV128F425F14F,1086.0,TRFUJVJ128F426F2A2,1.8651500000000008,TRGUCIR128F933D817,1.324262499999997,TRBVPVV128F425F14F,1.3057546874999986,3,TRUUAMI128F93438D4,467.33464706154956,TRARHON128F4260D95,454.30479115646153,TRDJFEZ128F932AAEE,445.9906115313439,0,TRUUAMI128F93438D4,0.5900304305670155,TRARHON128F4260D95,0.5743497742760909,TRDJFEZ128F932AAEE,0.5625056747804826,0,3,0,0,0,0,3,TRRMFXK128F14841FD,63.21509600329282,TRVMQYN128F14584C9,58.09105971709026,TRKDVDN128E078E77F,53.297716107622286,TRRMFXK128F14841FD,0.07048444840290602,TRVMQYN128F14584C9,0.06829942034130217,TRKDVDN128E078E77F,0.06266101851708865,TRFEGGQ128E07898AA,323.4695388855418,TRKDVDN128E078E77F,308.54425466065726,TRPUKOY128F42AC976,307.53995746741214,TRFEGGQ128E07898AA,0.4136833020132849,TRKDVDN128E078E77F,0.3960260237739651,TRPUKOY128F42AC976,0.39479681622085394
TRLTFVP128E0782B34,TRFUJVJ128F426F2A2,4025.0,TRWSYHO128F4282346,3075.0,TRDPGXU128F9339C2A,2731.0,TRFUJVJ128F426F2A2,4.690849999999998,TRWSYHO128F4282346,3.6212875000000007,TRDPGXU128F9339C2A,3.1290812499999974,3,TRDKUSZ12903CF188B,598.2956154291824,TRDZHMB128F14925BA,583.3918356950414,TRWFHUB128F1476AFB,583.2583044225253,0,TRDKUSZ12903CF188B,0.7587906862592929,TRDZHMB128F14925BA,0.7413997674492591,TRJIQFW128F428DE49,0.740232121292283,0,3,0,0,0,0,2,TRFUJVJ128F426F2A2,172.60310317316765,TRDPGXU128F9339C2A,158.91219985293347,TRFPSCB128F4294AF9,136.7216418877903,TRFPSCB128F4294AF9,0.1408524789539301,TRNDNKN12903CC8A4C,0.12274336878593665,TRFHVTT12903CF7CD9,0.11071030637922277,TRFPSCB128F4294AF9,234.1348639954067,TRMRAFF128F92FB7D1,230.93351622465397,TRFHVTT12903CF7CD9,219.71361337008287,TRFPSCB128F4294AF9,0.33421830898413857,TRMRAFF128F92FB7D1,0.3266321021927309,TRFHVTT12903CF7CD9,0.32074741980256594
TRFVWXW128F931A0E9,TRCHZXW128E079288A,494.0,TRFUJVJ128F426F2A2,465.0,TRDPGXU128F9339C2A,416.0,TRCHZXW128E079288A,0.5768562499999997,TRFUJVJ128F426F2A2,0.5168500000000001,TRKLJAG128F42B31CF,0.48281250000000114,2,TRHKSPQ12903D09F7E,438.12418318823336,TRLSNDQ128F4266BD7,420.12918867094083,TRRMOUK128F4281975,409.8857281318581,0,TRHKSPQ12903D09F7E,0.5566522713077471,TRLSNDQ128F4266BD7,0.5346991212454282,TRRMOUK128F4281975,0.5230191827264211,0,2,0,0,0,0,3,TRKRVKD128F9327008,52.81882331866292,TRCHZXW128E079288A,49.71297668748816,TRFUJVJ128F426F2A2,49.2640818184852,TRMHIXI12903CD1D4A,0.051839064743249424,TRKRVKD128F9327008,0.05125029412385249,TRPWBRV128F148D659,0.04953470996238615,TRSDNUX128F4289140,233.03912746398672,TRLTQIL128F9339362,229.08293752639645,TRTWTCE128F4263D6F,224.83119343132523,TRSDNUX128F4289140,0.30550308404555837,TRLTQIL128F9339362,0.2976694632831061,TRTWTCE128F4263D6F,0.2970687618940029
TRKQQMW128F92D54DF,TRFLWJZ128F425C9E4,1518.0,TRDPGXU128F9339C2A,1437.0,TRWSYHO128F4282346,1404.0,TRFLWJZ128F425C9E4,1.728960937499992,TRWSYHO128F4282346,1.5430593750000017,TRDPGXU128F9339C2A,1.5250453125000016,3,TRDZATL128F4260FFB,432.91036038198706,TRCQNWN128F92EA07D,389.49495652743394,TRPCRIV12903CD6882,383.4622476226303,0,TRDZATL128F4260FFB,0.5580896364022438,TRCQNWN128F92EA07D,0.5145079969904688,TRPCRIV12903CD6882,0.49927693761814484,0,3,0,0,0,0,3,TRDPGXU128F9339C2A,238.83333763928732,TRFUJVJ128F426F2A2,165.40293684714683,TRYHHPK128F42A4CAF,158.8138525845525,TRDPGXU128F9339C2A,0.14513743290146325,TRAQYXB128F92EC315,0.1335245528962436,TRAZOBA128F9303210,0.12624921596394925,TRAQYXB128F92EC315,221.46729068894624,TRGWLHC128F9305F3D,205.76361803661186,TRAZOBA128F9303210,184.15452918415494,TRAQYXB128F92EC315,0.31281904134940375,TRGWLHC128F9305F3D,0.29250533277793395,TRAZOBA128F9303210,0.27618702534912903
TRFYMPB128F93100C0,TRFUJVJ128F426F2A2,8737.0,TRWSYHO128F4282346,7195.0,TREBGAA128E078FC52,6302.0,TRFUJVJ128F426F2A2,10.146150000000004,TRWSYHO128F4282346,8.487196874999997,TREBGAA128E078FC52,7.592629687499985,3,TRNHSZN128F930FF03,596.5142642528618,TRMEUKT128F4263312,584.3365308717179,TRVXESF128E0787315,572.1853080025431,0,TRNHSZN128F930FF03,0.7544107678533769,TRMEUKT128F4263312,0.7390582047411307,TRVXESF128E0787315,0.7226488246114888,0,3,0,0,0,0,3,TRFUJVJ128F426F2A2,237.1749834381805,TRDPGXU128F9339C2A,234.56914843720247,TRGLNKG128F9307689,204.46535830135576,TRWVZBZ128F1462E08,0.17473637679303688,TRTLIKK128E07862DA,0.15372772966927065,TRLINLH128F9346400,0.15085085222408112,TRVFPAQ12903CBB680,247.93894131188577,TRWVZBZ128F1462E08,230.23961525981755,TRDMETO12903CFEF20,223.1665616765965,TRVFPAQ12903CBB680,0.35737347409449255,TRWVZBZ128F1462E08,0.33854633531399747,TRDMETO12903CFEF20,0.31817618595298797
TRBCSDW128F424D686,TRFUJVJ128F426F2A2,9266.0,TRUGLTC128F4227B93,8377.0,TRVLIZK128F428845E,7883.0,TRFUJVJ128F426F2A2,10.6924,TRUGLTC128F4227B93,10.058853125000004,TRVLIZK128F428845E,9.512706250000006,3,TROYCQJ128F148EC2A,546.5982440537522,TRQGLNM128F42618C6,515.4032907042105,TRGTQCP128F932573A,502.7054681933476,0,TROYCQJ128F148EC2A,0.692284114430058,TRQGLNM128F42618C6,0.6547758611089833,TRGTQCP128F932573A,0.6392680317217907,0,3,0,0,0,0,3,TRQGLNM128F42618C6,377.4792119188556,TRQKCQX128F1456854,349.00735958729734,TRYAWRN128F42792CB,346.50142538704245,TRQKCQX128F1456854,0.38380854733653613,TRQGLNM128F42618C6,0.3616384451559942,TRYAWRN128F42792CB,0.3595425044297032,TRQKCQX128F1456854,370.61226914491897,TRQGPHQ128F92D0664,367.58178413324697,TRFEEWH128F145174E,331.9416182054013,TRQKCQX128F1456854,0.4945001572828496,TRQGPHQ128F92D0664,0.4848285721380405,TRFEEWH128F145174E,0.43888075762057516
TRRXQJA128F1472A56,TRWSYHO128F4282346,3859.0,TRFUJVJ128F426F2A2,3739.0,TRDPGXU128F9339C2A,3551.0,TRWSYHO128F4282346,4.505087499999991,TRFUJVJ128F426F2A2,4.186149999999999,TRDPGXU128F9339C2A,4.0309812499999955,3,TRUYHIL128F92E4B2C,559.1549854166319,TRWXSWA128F1456793,557.9497782232077,TRWKDZE128F1451EAC,547.4727289816886,0,TRWXSWA128F1456793,0.7080898506941884,TRUYHIL128F92E4B2C,0.7060697363811239,TRWKDZE128F1451EAC,0.6936925649838742,0,3,0,0,0,0,3,TRDPGXU128F9339C2A,208.85106802297767,TRFGVSE128F1466472,199.2061810683037,TROYKQM128F428CCED,173.26880606862892,TRFGVSE128F1466472,0.19693399208554258,TRJEAVP128F42B83F0,0.16063787027376286,TROYKQM128F428CCED,0.12934127992191097,TRFGVSE128F1466472,243.17884693691602,TRJEAVP128F42B83F0,228.66534033098657,TRAYCAT128F930CD4D,214.6914936236007,TRFGVSE128F1466472,0.35449374455319593,TRJEAVP128F42B83F0,0.3401445796720205,TRAYCAT128F930CD4D,0.3005183251256821
TRMDYBW128F14A17E8,TRDPGXU128F9339C2A,1426.0,TRGLNKG128F9307689,1253.0,TRHNOMB12903CB2544,1231.0,TRDPGXU128F9339C2A,1.6228546875000032,TRCDMRL12903CB105C,1.4746671875000006,TRHNOMB12903CB2544,1.4595109374999973,2,TRPKHSW12903CF5D1D,502.7624542735564,TRDPTHW12903CF2E0E,492.8613904552488,TRNOOMW128F4257F9C,476.75489904478565,0,TRPKHSW12903CF5D1D,0.6381371265238076,TRDPTHW12903CF2E0E,0.6254869980354952,TRNOOMW128F4257F9C,0.6057689414782675,0,2,0,0,0,0,3,TRYCBLK12903CE6A0E,121.23163416557938,TRCHZXW128E079288A,110.17693308371841,TRKRVKD128F9327008,98.59210165147893,TRYCBLK12903CE6A0E,0.11833488547511939,TRCHZXW128E079288A,0.09452837283094442,TRKRVKD128F9327008,0.09426937229774031,TRKINST128F930EAB1,223.33810906494585,TRNHZLE128F428884D,215.62617329431737,TRULNTR128F14664AA,212.38373845766688,TRNHZLE128F428884D,0.29725595585998216,TRKINST128F930EAB1,0.2970242569667876,TRVDFQB128F4251C33,0.286430816550381
TRCNUNL128F93437CF,TRFUJVJ128F426F2A2,3529.0,TRDPGXU128F9339C2A,2594.0,TRWSYHO128F4282346,2319.0,TRFUJVJ128F426F2A2,4.008750000000004,TRDPGXU128F9339C2A,2.905898437499998,TRWSYHO128F4282346,2.635703124999996,3,TRJADED128E078FB2A,567.874997069875,TRTAYPD128F42A4C9C,547.0417568956,TRXWSOU128F42662B0,546.3798535364514,0,TRJADED128E078FB2A,0.7272648260569898,TRXWSOU128F42662B0,0.7033017724963556,TRTAYPD128F42A4C9C,0.702882205347534,0,3,0,0,0,0,3,TRFUJVJ128F426F2A2,181.50829313039554,TRQWDRK128F4241A32,176.42946928174143,TRQGLNM128F42618C6,149.37425430257483,TRKBZBS128F148328F,0.11633356758255323,TRQWDRK128F4241A32,0.1112016566825849,TRYATVG128F4271AA7,0.107724458169789,TRKNGKK12903CEE344,191.7663407763362,TRVASXR128E07889F6,190.36301956336047,TRHBCIY128F147E7EB,189.06214771970656,TRKBZBS128F148328F,0.29135951240106783,TRKNGKK12903CEE344,0.2895783654264619,TRZKNSG128F9326727,0.28702278700958306
TRIPJIJ128F1453AE0,TRFUJVJ128F426F2A2,1240.0,TRGUCIR128F933D817,1176.0,TRBVPVV128F425F14F,1144.0,TRFUJVJ128F426F2A2,1.4027999999999994,TRGUCIR128F933D817,1.4003999999999954,TRBVPVV128F425F14F,1.3719000000000043,3,TRDHLAL128F423EE08,468.75933312197225,TRWETHX128F421ABA5,463.3412830100394,TRJXNGY128F93319CB,458.0473298077006,0,TRDHLAL128F423EE08,0.5985239830039881,TRWETHX128F421ABA5,0.5920586402617903,TRJXNGY128F93319CB,0.5829845869535093,0,3,0,0,0,0,3,TRDPGXU128F9339C2A,76.99578484263118,TRMWYIH128E078DCA6,63.934243381128326,TRKHTKI128F92EA339,62.04035028152351,TRQXWFK128F149E214,0.05816616890159907,TRHEDDS128C71965DE,0.056526739476819035,TRMCMCM128F427C38B,0.05644200609206112,TRQXWFK128F149E214,207.68070955250533,TRUJADM128E0791325,199.1176191838804,TROHQYB128F42423B9,194.31211447116436,TRQXWFK128F149E214,0.2896591662966506,TRUJADM128E0791325,0.2790197063272354,TRCZLLQ128E0792778,0.2769930461723918
TRPLRVY128F1473EBE,TRFUJVJ128F426F2A2,4463.0,TREBGAA128E078FC52,3086.0,TRWSYHO128F4282346,3037.0,TRFUJVJ128F426F2A2,5.11415,TREBGAA128E078FC52,3.686746874999995,TRWSYHO128F4282346,3.492618749999999,3,TRKBSYP128F42647E7,575.4064782144683,TRURGUR128F149409A,528.020083644214,TRXIBFV128F424D8AB,495.75030954929196,0,TRKBSYP128F42647E7,0.7267854833606897,TRURGUR128F149409A,0.6681571071763651,TRQFNCQ128F42809CC,0.6295711050428603,0,3,0,0,0,0,2,TRXMHNK128F14584E3,176.62202905194317,TRIVZNT128F92E5311,167.30741708187114,TRFUJVJ128F426F2A2,155.93289549365574,TRXMHNK128F14584E3,0.1898257363482325,TRIVZNT128F92E5311,0.17155338273732418,TRUACJM128F1471579,0.15900616879271146,TRXMHNK128F14584E3,289.22425080189646,TRJQVPZ12903CD2BB3,279.4817373880085,TRJQRAP128F9314B3F,276.7977997231094,TRXMHNK128F14584E3,0.39694997754250677,TRJQVPZ12903CD2BB3,0.3840785179067216,TRJQRAP128F9314B3F,0.3746574163606201
TRWPUDX128F148F907,TRFUJVJ128F426F2A2,1640.0,TRWSYHO128F4282346,1374.0,TRFLWJZ128F425C9E4,1350.0,TRFUJVJ128F426F2A2,1.7303000000000008,TRFLWJZ128F425C9E4,1.5213515624999991,TRWSYHO128F4282346,1.508565625000003,3,TRZKYAK128F4244485,457.0808630488195,TRXBSQC128F932A12A,434.5908424655081,TRVWMKK128F422AD41,412.3678248952915,0,TRZKYAK128F4244485,0.5896322973574187,TRXBSQC128F932A12A,0.5583246731243598,TRVWMKK128F422AD41,0.5369008030934663,0,3,0,0,0,0,3,TRKHTKI128F92EA339,175.41421305747178,TRPLWSA128F92D555C,159.32847281748658,TRARMRZ128F1461F15,155.61399159019373,TRARMRZ128F1461F15,0.16203184007337776,TROAWNX128F92EBF56,0.15848374380208796,TRPLWSA128F92D555C,0.15656274852335383,TRPHHFC128F930B8E0,323.0956445818308,TROAWNX128F92EBF56,300.23830489080996,TRBXSJT12903CC7DAA,273.95483825062865,TRPHHFC128F930B8E0,0.43020221611915915,TROAWNX128F92EBF56,0.4107779528565765,TRBXSJT12903CC7DAA,0.3814907524949486
TRZQTSM128F9328120,TRFUJVJ128F426F2A2,1133.0,TRGUCIR128F933D817,985.0,TRDPGXU128F9339C2A,970.0,TRFUJVJ128F426F2A2,1.2161499999999992,TRGUCIR128F933D817,1.1366375000000009,TRBVPVV128F425F14F,1.1297703125000025,2,TRRHFQK128F4264FE9,463.75751617876847,TRSLSBV128F427D1EB,462.98845262293673,TRIFKJG128F1458AA3,440.6014212156528,0,TRRHFQK128F4264FE9,0.5931226425529182,TRSLSBV128F427D1EB,0.5901834567271025,TROFSLV128F92E389A,0.5632297693626623,0,2,0,0,0,0,2,TRDPGXU128F9339C2A,133.567681742384,TRTLIKK128E07862DA,130.0544113208159,TRFUJVJ128F426F2A2,107.35001736856847,TRTLIKK128E07862DA,0.11740282312242431,TRHYGME128F92FCC03,0.09357133474419094,TRZARJN128F42BC8F8,0.08977602055853731,TRBBVJP128F92FF19C,240.931969045317,TRPYYFJ128F42818FC,233.7421968275381,TROXPNE128F9337718,217.90213228911338,TRBBVJP128F92FF19C,0.32855865842757537,TRPYYFJ128F42818FC,0.3209929386780297,TROXPNE128F9337718,0.3037874364967468
TRNZCWJ128F427099F,TRDPGXU128F9339C2A,1696.0,TRFUJVJ128F426F2A2,1648.0,TRCHZXW128E079288A,1139.0,TRDPGXU128F9339C2A,1.9430437499999957,TRFUJVJ128F426F2A2,1.8484,TRCHZXW128E079288A,1.290206249999999,3,TRPYVFQ128F9314D82,537.872267239852,TREIMWU128F14570E1,527.8410015284556,TRBOMMX128F426593B,516.1670342298073,0,TRPYVFQ128F9314D82,0.6842119717617625,TREIMWU128F14570E1,0.6732444622478669,TRBOMMX128F426593B,0.6597289562238479,0,3,0,0,0,0,3,TRDPGXU128F9339C2A,162.98310891715153,TRGIBQG128F9335E63,114.26305099379377,TRYHHPK128F42A4CAF,105.17858669505884,TRGIBQG128F9335E63,0.11953333020649669,TRDPGXU128F9339C2A,0.11921598803061849,TRFZDLZ128F932F17E,0.09796802144603102,TRNTOYG128F934D0BF,247.63149070674604,TRYELOR128F932ADD0,243.17859884341863,TRSGEGE128F932612B,227.78506381251995,TRNTOYG128F934D0BF,0.33640327582233054,TRYELOR128F932ADD0,0.334025614188483,TRGIBQG128F9335E63,0.31452617156832535
TRJQRAP128F9314B3F,TRFUJVJ128F426F2A2,4058.0,TREBGAA128E078FC52,3182.0,TRWSYHO128F4282346,2569.0,TRFUJVJ128F426F2A2,4.578000000000004,TREBGAA128E078FC52,3.7957578124999984,TRPZAPZ128F9341D3E,3.0388046874999985,2,TRTBBGQ128E078FE63,435.20434953419726,TRQBWDI128F429A40E,401.3485442538216,TRWJNEC128E079654F,396.57042670208887,0,TRTBBGQ128E078FE63,0.5576360185477601,TRQBWDI128F429A40E,0.515954481420897,TRXZCOC128F42ADC97,0.5087351263108321,0,2,0,0,0,0,2,TRTBBGQ128E078FE63,180.24430206928514,TRFUJVJ128F426F2A2,170.62780228579226,TRXMHNK128F14584E3,160.82168479362196,TRTBBGQ128E078FE63,0.19578026535540494,TRXMHNK128F14584E3,0.17573594963067157,TRQBWDI128F429A40E,0.17053484206538502,TRJWOVP128F4280AFC,343.1719834130337,TRJFIAK128F147159B,336.320199763163,TRQBWDI128F429A40E,318.0198072944702,TRJWOVP128F4280AFC,0.4543797741172964,TRJFIAK128F147159B,0.4428886507658018,TRQBWDI128F429A40E,0.4241971053889823
TRETJUU128F426402A,TROIJDA128F9341E70,3416.0,TRDPGXU128F9339C2A,3347.0,TRFUJVJ128F426F2A2,3332.0,TROIJDA128F9341E70,4.050003125000002,TRDPGXU128F9339C2A,3.7490531249999988,TRFUJVJ128F426F2A2,3.645200000000003,3,TRBJPJS128F932F173,631.9823240513206,TRPKSBZ128F423EDB3,467.3328171892195,TRFHZWK128F427068B,423.11918951859576,0,TRBJPJS128F932F173,0.7914090893574053,TRPKSBZ128F423EDB3,0.592999738458225,TRFHZWK128F427068B,0.5409967898181834,0,3,0,0,0,0,3,TRUUMHO128F1459434,210.610332625489,TRQQLZD128F425E9BC,208.13738723007177,TRTMPXD128F4269FEF,195.76097111476406,TRUUMHO128F1459434,0.22924694211576535,TRQQLZD128F425E9BC,0.2070107323243899,TRBJPJS128F932F173,0.20516789249971745,TRBJPJS128F932F173,416.20000260039615,TRUDWZM128F424E90D,352.14836226612874,TROGAEP128F1484DE4,307.46352497887096,TRBJPJS128F932F173,0.5273252542506163,TRUDWZM128F424E90D,0.45350963770818403,TROGAEP128F1484DE4,0.3983442967749673
TRNOUUF128F4280B8D,TRCHZXW128E079288A,3749.0,TRDPGXU128F9339C2A,3657.0,TRXHFMI128F429B2F2,3583.0,TRCHZXW128E079288A,4.407549999999995,TRXHFMI128F429B2F2,4.329050000000011,TRDPGXU128F9339C2A,4.201949999999993,3,TRCHZXW128E079288A,598.4128104493756,TRTVTYS128E0792887,598.2107798810159,TREBQOW128F92C4549,597.0239919094473,1,TRCHZXW128E079288A,0.75774016369134,TRTVTYS128E0792887,0.7575083177970414,TREBQOW128F92C4549,0.7555192686623954,1,3,1,1,1,1,3,TRCHZXW128E079288A,199.77976454468487,TRFUJVJ128F426F2A2,182.27748219342735,TRDGICW128F42963E2,180.848050769931,TRDGICW128F42963E2,0.13429310034330805,TRCHZXW128E079288A,0.1293340115568523,TRLVRJP128F93519FB,0.1277225473424181,TRVOVJN128F93439A3,204.84389467433877,TRRNLGL128F934F7B8,203.13038931774545,TRPUZPN128F4232193,201.82965463864653,TRPUZPN128F4232193,0.31015292989056314,TRLVRJP128F93519FB,0.3092680248169846,TRVOVJN128F93439A3,0.30843301702029485
TREKVTY128E0784BA3,TRFUJVJ128F426F2A2,2367.0,TRDPGXU128F9339C2A,1514.0,TRQAWKR128F425EEC3,1355.0,TRFUJVJ128F426F2A2,2.5309499999999967,TRDPGXU128F9339C2A,1.5347406250000006,TRQAWKR128F425EEC3,1.3269812500000018,3,TRVJYQS128F428E2EA,415.2021598265714,TRVGBNB128F92FA809,404.4423161754333,TRROKDH128F4262405,396.42165197266814,0,TRVGBNB128F92FA809,0.5392784452354596,TRVJYQS128F428E2EA,0.5382528517857033,TRWRUQO128F14733DD,0.5233054874891184,0,3,0,0,0,0,2,TRFUJVJ128F426F2A2,340.7155117996388,TRDPGXU128F9339C2A,240.01358116234525,TRCHZXW128E079288A,191.84246301204493,TRFUJVJ128F426F2A2,0.23984636770075865,TRQCJFJ128F92EACF3,0.13279190809148736,TRJISRM128F9328AD4,0.12747926500676215,TRJIUGF128F4262D55,200.6792607467108,TRSEKVK128F4289138,196.65971212177448,TRQCJFJ128F92EACF3,195.48469209305003,TRFUJVJ128F426F2A2,0.3368904172257143,TRCOIXB128F93451E0,0.30083445009634635,TRWVQND128F42335EE,0.29679865522139326
TRYNAAP128F427EF64,TRFUJVJ128F426F2A2,3703.0,TRDPGXU128F9339C2A,3494.0,TRWSYHO128F4282346,3410.0,TRFUJVJ128F426F2A2,4.274549999999998,TRDPGXU128F9339C2A,4.071290625,TRWSYHO128F4282346,4.0310187499999985,3,TRVQVOK128F423C8B6,617.2904555207731,TRMJEPW128F422A4AE,549.5253067178919,TRJWMLB128E0793F6C,547.0280684695923,0,TRVQVOK128F423C8B6,0.7771210723403891,TRMJEPW128F422A4AE,0.6946715261934102,TRJWMLB128E0793F6C,0.6914900399419549,0,3,0,0,0,0,3,TRAPMUC128F92F3121,115.16622048911093,TRXHMID128F42BA902,112.54983681986005,TROGOFF128F42827CE,110.76667198117914,TRAPMUC128F92F3121,0.12282842450431375,TROGOFF128F42827CE,0.1167775849378279,TRWAEVG128F4237826,0.10994615574728674,TRLFYKX128F1493334,263.423876013411,TRAMDDU128F4270B2D,238.78930747539178,TRAPMUC128F92F3121,236.61451117995128,TRLFYKX128F1493334,0.35234949232297286,TRAPMUC128F92F3121,0.3287648244891755,TRAMDDU128F4270B2D,0.32342425848096695
TRFMWVJ128E0791E70,TRFUJVJ128F426F2A2,613.0,TRTLIKK128E07862DA,541.0,TRDPGXU128F9339C2A,461.0,TRFUJVJ128F426F2A2,0.6466499999999997,TRTLIKK128E07862DA,0.6039374999999986,TRDPGXU128F9339C2A,0.4762312500000016,3,TRPDTGI128F425E1E4,378.49262779617834,TRXUNRT12903CF1024,349.30106337944267,TRFXAIO12903CF2567,343.8499740804125,0,TRPDTGI128F425E1E4,0.49465706503974505,TRXUNRT12903CF1024,0.45727531472419775,TRSTBZC128F4257BEC,0.4545166287977355,0,3,0,0,0,0,2,TRTCOWO128F930C444,111.94654881792685,TRRVIRD128F42AED3E,87.8568212763781,TRDUSIG12903CA5FCB,83.34877525273843,TRTCOWO128F930C444,0.10244753226517168,TRRVIRD128F42AED3E,0.09279814052231718,TRAATUB128F9341737,0.065668897592485,TRFGWTJ128E0783A47,238.81520129610436,TRRVIRD128F42AED3E,217.23539741448695,TRTCOWO128F930C444,196.63485452078868,TRFGWTJ128E0783A47,0.31613263462761815,TRRVIRD128F42AED3E,0.30580221756849907,TRTCOWO128F930C444,0.30042804062007916
TRLTTDC128E079380E,TRFUJVJ128F426F2A2,5681.0,TRWSYHO128F4282346,5126.0,TRDPGXU128F9339C2A,4861.0,TRFUJVJ128F426F2A2,6.606749999999998,TRWSYHO128F4282346,6.084328124999989,TREBGAA128E078FC52,5.83575781250001,2,TRSTJFQ128F428DA21,667.1259946596564,TRCTLQY128F92F1539,659.1444768395091,TRKLJAG128F42B31CF,652.1931283416654,0,TRSTJFQ128F428DA21,0.8386664591573368,TRCTLQY128F92F1539,0.8289853313139036,TRKLJAG128F42B31CF,0.8183457283868151,0,2,0,0,0,0,3,TRDPGXU128F9339C2A,208.71315954220637,TRFUJVJ128F426F2A2,191.8056718815248,TRCHZXW128E079288A,187.9254089589583,TRLZVNA128F1474A16,0.14807274244482324,TRMZSRG128F428BE3F,0.1467282513392513,TRNALTJ12903CEAB84,0.1358857723588435,TRNALTJ12903CEAB84,289.02516518828514,TRALZXZ128F92E26EF,281.859739689174,TRIHPAD128F931109D,246.8803176628198,TRNALTJ12903CEAB84,0.4027804369648622,TRALZXZ128F92E26EF,0.39532987816965026,TRDZDEZ128F930CC4D,0.3455862656456466
TRUCWXA128F92E4944,TRFUJVJ128F426F2A2,1710.0,TRDPGXU128F9339C2A,1085.0,TRGLNKG128F9307689,1072.0,TRFUJVJ128F426F2A2,1.8637999999999995,TRFSCLD12903CD213F,1.2522249999999997,TRGLNKG128F9307689,1.1724703125000002,2,TRORNTH12903CC53F0,537.5963855868081,TRPUDOQ128F9344F23,532.795462959699,TRJOQXR128F92EB51A,513.567376556323,0,TRPUDOQ128F9344F23,0.6786363838670403,TRORNTH12903CC53F0,0.6777057515773306,TRJOQXR128F92EB51A,0.6545859675012985,0,2,0,0,0,0,3,TRFUJVJ128F426F2A2,175.77796105238792,TRFQNWX128F428531C,143.73433398328118,TRDPGXU128F9339C2A,140.1033242101066,TRFQNWX128F428531C,0.13729317184248838,TRSIBYX12903CCCB76,0.12408686339056786,TRXSBES128F429496F,0.10781214278213185,TRXWWEI128F428DFAB,230.26085753762007,TRFQNWX128F428531C,229.44515268627035,TRFRDZW128F429C337,221.71433120925124,TRFQNWX128F428531C,0.3424473443939047,TRXWWEI128F428DFAB,0.3239903800367966,TRSIBYX12903CCCB76,0.3138151391571557
TRGQBAX128F426EFCA,TRFUJVJ128F426F2A2,4363.0,TRDPGXU128F9339C2A,4319.0,TRCHZXW128E079288A,3527.0,TRDPGXU128F9339C2A,4.835182812499998,TRFUJVJ128F426F2A2,4.779849999999995,TRCHZXW128E079288A,3.983442187499999,3,TRIGERV128F1478764,612.5416846644056,TRAQDFB128F4234E3B,599.4665526776018,TRTDVZO128F146EB73,595.5373683458307,0,TRIGERV128F1478764,0.7786801438980581,TRAQDFB128F4234E3B,0.7638939200181829,TRTDVZO128F146EB73,0.7600571652544487,0,3,0,0,0,0,3,TRDPGXU128F9339C2A,339.3361676610126,TRFUJVJ128F426F2A2,331.3249124560037,TRCHZXW128E079288A,275.66685447540203,TRXJTJZ128F4295464,0.20938507614278065,TRBDCAH128EF362D31,0.16662363377839612,TRSOZDW128F9318C00,0.15985652185076746,TRXNHEE128F934B422,224.8492998587202,TRUEZRF128F149599A,220.37838845675893,TRDWTIS128F4288E85,216.0237948935851,TRUEZRF128F149599A,0.3443253650467543,TRBDCAH128EF362D31,0.3429570087615945,TRXNHEE128F934B422,0.3399942274645225
TRGSDTP128F92F76D1,TRFUJVJ128F426F2A2,8617.0,TRWSYHO128F4282346,6823.0,TREBGAA128E078FC52,5664.0,TRFUJVJ128F426F2A2,10.124949999999998,TRWSYHO128F4282346,8.106371875000008,TREBGAA128E078FC52,6.842467187500009,3,TRWNUXN128F93095BF,659.9219199352206,TRIOKOC128F4267572,655.5732291851219,TRNHSZN128F930FF03,647.358487774457,0,TRWNUXN128F93095BF,0.8300310278249087,TRIOKOC128F4267572,0.8255527888645763,TRNHSZN128F930FF03,0.8158894872455159,0,3,0,0,0,0,3,TRFUJVJ128F426F2A2,343.357483734174,TRCHZXW128E079288A,223.35633658421605,TRKGULH128F428C170,223.2065102150014,TRFUJVJ128F426F2A2,0.24210423624131305,TRGHYGG12903CAC100,0.1762150537348677,TRHSMEG128F42BC646,0.1670240981806858,TRFFGMF128F1490E68,250.3085305509574,TRGKQYE128F92E235D,240.73632615468156,TRMTJJT128F14636D9,225.06457966451225,TRFFGMF128F1490E68,0.36687025271666296,TRFUJVJ128F426F2A2,0.35095037550855823,TREHMUM12903CA8188,0.3493588569218356
TRMRMTN128F92D426F,TRFUJVJ128F426F2A2,5582.0,TRBVPVV128F425F14F,4204.0,TRGUCIR128F933D817,4069.0,TRFUJVJ128F426F2A2,6.285199999999998,TRBVPVV128F425F14F,4.981748437500006,TRGUCIR128F933D817,4.758912500000004,3,TRAOTAR128E07846FE,523.5577587194857,TRGSGOW128EF3456D4,512.9388331667569,TRNWQYN128F4284F1D,428.7303090673882,0,TRAOTAR128E07846FE,0.6623058767432092,TRGSGOW128EF3456D4,0.6494944600193853,TRNWQYN128F4284F1D,0.5487054736705547,0,3,0,0,0,0,3,TRFUJVJ128F426F2A2,295.4894528590804,TRWNERP128F9339C0F,190.04396009560924,TRGSGOW128EF3456D4,185.32815500511254,TRFUJVJ128F426F2A2,0.20169658916702393,TRGSGOW128EF3456D4,0.19049543359305485,TROJQJH128F935E5B4,0.18756218143649303,TRSYHZK128F92D5BC5,245.25150800607787,TRBDWRY128F427991E,241.4816479446945,TROJQJH128F935E5B4,239.3539320447003,TROJQJH128F935E5B4,0.337264864482875,TRECGEG128F42994F8,0.3372592671691837,TRBDWRY128F427991E,0.33724674125748416
TRDFPTZ128F14B108C,TRDPGXU128F9339C2A,2513.0,TRFUJVJ128F426F2A2,2392.0,TRWSYHO128F4282346,2121.0,TRDPGXU128F9339C2A,2.8988968749999993,TRFUJVJ128F426F2A2,2.7002000000000006,TRWSYHO128F4282346,2.461856250000006,3,TRNVKOI128E0799173,591.4614776492818,TRJPNAE128F425FAFB,578.7196635756261,TRPIVIW128F42B63B0,574.0533386374204,0,TRNVKOI128E0799173,0.751170263555241,TRJPNAE128F425FAFB,0.7361404325547102,TRDPGXU128F9339C2A,0.7270736977073202,1,3,0,1,0,1,2,TRDPGXU128F9339C2A,153.16021068654572,TRQWDRK128F4241A32,145.9016385648593,TRFUJVJ128F426F2A2,119.77905038635221,TROHITX128F92D288C,0.1209148751323333,TRYMSOG128F423850C,0.11342713115415026,TRQWDRK128F4241A32,0.10443346222545712,TROHITX128F92D288C,281.676088230187,TRYMSOG128F423850C,281.44968486470594,TRFTCVG128F4231AB1,262.06461705913836,TROHITX128F92D288C,0.39651264630031463,TRYMSOG128F423850C,0.38260432040445475,TRFTCVG128F4231AB1,0.3671005272113304
TROZEMN128F4262CCA,TRFUJVJ128F426F2A2,4724.0,TRDPGXU128F9339C2A,3817.0,TRYCBLK12903CE6A0E,3260.0,TRFUJVJ128F426F2A2,5.286299999999995,TRDPGXU128F9339C2A,4.253845312499995,TRYCBLK12903CE6A0E,3.7147921874999996,3,TRLVRJP128F93519FB,537.4398116005538,TRYWUBG128F14771B5,520.0728639915795,TRBDCAH128EF362D31,519.6336164957856,0,TRLVRJP128F93519FB,0.6898237509042626,TRYWUBG128F14771B5,0.6668673603111734,TRBDCAH128EF362D31,0.6661505056060111,0,3,0,0,0,0,3,TRFUJVJ128F426F2A2,275.30180702816136,TRDPGXU128F9339C2A,274.046451458833,TRVDTEO128F14956CF,199.11079994225133,TRFUJVJ128F426F2A2,0.14948214878604388,TRDPGXU128F9339C2A,0.14416360965646105,TRVDTEO128F14956CF,0.14249059461788272,TRBYQEL128F427E807,269.58771214574193,TRMRAFF128F92FB7D1,245.24924066012414,TRPPTMD128F42ADC71,213.25140686177807,TRBYQEL128F427E807,0.3780098941250011,TRMRAFF128F92FB7D1,0.351721794442239,TRPPTMD128F42ADC71,0.33532986353410316
TRGAZWQ12903CB0BA9,TRFUJVJ128F426F2A2,1466.0,TRDPGXU128F9339C2A,1176.0,TRLCWTH128F92C7F82,1002.0,TRFUJVJ128F426F2A2,1.4506999999999994,TRDPGXU128F9339C2A,1.1507093750000008,TRLCWTH128F92C7F82,1.122553125000001,3,TRZEZAI128F42A8EB8,349.6661328344885,TRBJKLA128EF343637,348.35135989356274,TRYKNCT128F148B016,344.8074659065902,0,TRZEZAI128F42A8EB8,0.4568882237507943,TRBJKLA128EF343637,0.4554883361460728,TRYKNCT128F148B016,0.4541322126490904,0,3,0,0,0,0,3,TRFUJVJ128F426F2A2,191.81334705411317,TRDPGXU128F9339C2A,191.19847189165057,TRCHZXW128E079288A,181.34059263617064,TRRXXQS128F14B027B,0.13084724164714928,TRQCXUL128E078A9D6,0.12399572337843884,TRDGEKV128F1487CCF,0.12041129321748203,TRRXXQS128F14B027B,232.9428766311503,TRATUZM128F14712B8,195.88693653587606,TRBJKLA128EF343637,180.74590212015457,TRRXXQS128F14B027B,0.3385578381756161,TRQCXUL128E078A9D6,0.3019286911961588,TRWJQPJ128F426F26E,0.28747704529722773
TRSNACX128E078AA88,TREZBFM128F428508A,4327.0,TRFUJVJ128F426F2A2,3842.0,TRUGLTC128F4227B93,3580.0,TREZBFM128F428508A,5.172750000000033,TRFUJVJ128F426F2A2,4.259700000000007,TRUGLTC128F4227B93,4.22351250000001,3,TRGCYUP12903CF418D,505.0362233672633,TRRZSBO128F428BE44,496.67705974222565,TRAEJKZ128F4280CA5,492.38294004013386,0,TRGCYUP12903CF418D,0.6422368518882587,TRRZSBO128F428BE44,0.6338410188205807,TRAEJKZ128F4280CA5,0.6288536656274727,0,3,0,0,0,0,3,TRYAWRN128F42792CB,173.04798650455666,TRVZZRI128F14650C4,170.47049789996035,TRFUJVJ128F426F2A2,157.5002207994897,TRYAWRN128F42792CB,0.1613934809309358,TRVZZRI128F14650C4,0.15667657551263636,TRLKEBM128E0799ACC,0.12093927037720559,TRWUSVJ128F92E296F,254.8766980609235,TRPMHHP128F933DB50,221.51720248765446,TRLKEBM128E0799ACC,217.6491298911195,TRWUSVJ128F92E296F,0.3470198645883835,TRLKEBM128E0799ACC,0.32411122742946746,TRPMHHP128F933DB50,0.31730949483214216
TRXCQOC12903CB0BBA,TRFUJVJ128F426F2A2,1637.0,TRDPGXU128F9339C2A,1278.0,TRYCBLK12903CE6A0E,1016.0,TRFUJVJ128F426F2A2,1.774850000000003,TRDPGXU128F9339C2A,1.3705343749999992,TRYCBLK12903CE6A0E,1.1119906250000002,3,TRGQBAX128F426EFCA,376.1136718128967,TRMZUWA12903C9AF06,376.1110314835314,TRCUZVN128F92F3C9A,370.5999587196247,0,TRMZUWA12903C9AF06,0.5017708039497569,TRGQBAX128F426EFCA,0.49636157511637835,TRCUZVN128F92F3C9A,0.48815745465517957,0,3,0,0,0,0,3,TRDPGXU128F9339C2A,155.05705659531193,TRFUJVJ128F426F2A2,144.17071674873955,TRBKQJB128F934EEF7,132.98878084525415,TRBKQJB128F934EEF7,0.11319607580193486,TRDPGXU128F9339C2A,0.09937686448083279,TRDUSIG12903CA5FCB,0.09502918759366179,TRAIBCE128F428F082,296.2112240226266,TRSAGIL128F42366CE,252.81982477216002,TRBWYPY128F4262D79,218.57037208501546,TRAIBCE128F428F082,0.3813226439364804,TRSAGIL128F42366CE,0.3352663093334754,TRNXTEY128F428B4D8,0.3081853878406747
TRPGPVH128F429B2F0,TRFUJVJ128F426F2A2,4554.0,TRDPGXU128F9339C2A,3753.0,TRWSYHO128F4282346,3492.0,TRFUJVJ128F426F2A2,5.133599999999994,TRDPGXU128F9339C2A,4.223854687499997,TRWSYHO128F4282346,3.9997406249999994,3,TRELWVS128F422B91A,563.6970446403966,TRFUNRS128F9346BF4,551.8893323747025,TRDGGRW128F931EA53,544.133616358233,0,TRELWVS128F422B91A,0.7189496142418095,TRFUNRS128F9346BF4,0.706768690944044,TRDGGRW128F931EA53,0.697442950464658,0,3,0,0,0,0,3,TRFUJVJ128F426F2A2,264.3623515797914,TRCHZXW128E079288A,228.5564923940259,TRBKQJB128F934EEF7,207.5670691028537,TRBKQJB128F934EEF7,0.15297847826657965,TRLXKVH128E0785AFE,0.1446705706173208,TRFUJVJ128F426F2A2,0.14443396593704222,TRZUMSX128E078F796,234.83375347338077,TROBGJN128E0782FC9,234.5133139134273,TROUQTS12903CE4D4B,223.85173268457834,TRZUMSX128E078F796,0.3369133426887831,TROBGJN128E0782FC9,0.3345087140609896,TRNHSZN128F930FF03,0.3316314430806765
TRHLRGU128F42643FB,TRFUJVJ128F426F2A2,3007.0,TRWSYHO128F4282346,2423.0,TRGLNKG128F9307689,2140.0,TRFUJVJ128F426F2A2,3.259649999999998,TRWSYHO128F4282346,2.702571875000002,TRLDRYJ128F930BBB4,2.424943750000003,2,TRLDRYJ128F930BBB4,513.4928833144463,TRYHHPK128F42A4CAF,474.57979151015894,TRGHLRP128F425A01D,469.2791222676294,1,TRLDRYJ128F930BBB4,0.6626789551653871,TRYHHPK128F42A4CAF,0.6265403539181253,TRTTOLE128F427656E,0.6059454199125038,0,2,0,0,1,1,2,TRDPGXU128F9339C2A,283.085508821287,TRDUSIG12903CA5FCB,222.76604678842045,TRYHHPK128F42A4CAF,216.29327259886193,TRMWYIH128E078DCA6,0.15726779416109174,TRDPGXU128F9339C2A,0.13833005410463728,TRZARUP128F9348146,0.13523485078556474,TRNZFGV128F92FCFEC,209.04593290011204,TRVPHEE128F14B1263,199.0024670384643,TRLUHVQ128F4269003,189.91273338747396,TRMWYIH128E078DCA6,0.30874551175074394,TRIFVKW128F145C141,0.3048027732187867,TRNZFGV128F92FCFEC,0.3015859154017813
TRFCCKL128F426EE8E,TRFUJVJ128F426F2A2,7190.0,TRDPGXU128F9339C2A,5605.0,TRWSYHO128F4282346,4521.0,TRFUJVJ128F426F2A2,7.920299999999995,TRDPGXU128F9339C2A,6.113775000000001,TRWSYHO128F4282346,4.953800000000005,3,TRMZUWA12903C9AF06,508.3172407424827,TRZGDIA128F4294E98,493.430802582327,TRJISRM128F9328AD4,492.84671859825824,0,TRMZUWA12903C9AF06,0.6678006172278396,TRZGDIA128F4294E98,0.6462188123703354,TRLVRJP128F93519FB,0.6437198518961156,0,3,0,0,0,0,2,TRDPGXU128F9339C2A,522.9782054898213,TRFUJVJ128F426F2A2,505.56092146270174,TRYHHPK128F42A4CAF,362.8333379462985,TRDPGXU128F9339C2A,0.27642101274340564,TRFUJVJ128F426F2A2,0.2617798201239243,TRDSBLQ128E0781BA2,0.24229579613171442,TRMYEPQ128E0791D78,253.6479308261175,TRDMPXO128F424D2B9,247.22322656838392,TRRMFJW128EF34FE5E,230.94507261417638,TRRMFJW128EF34FE5E,0.3755229974769261,TRDMPXO128F424D2B9,0.37337167038923647,TRDPGXU128F9339C2A,0.36492698974332194
TRGOYOU128F93223F2,TRFUJVJ128F426F2A2,1454.0,TRDPGXU128F9339C2A,1186.0,TRGLNKG128F9307689,1144.0,TRFUJVJ128F426F2A2,1.5024000000000002,TRLCWTH128F92C7F82,1.2677546875,TRGLNKG128F9307689,1.2371296875000006,2,TRRHFQK128F4264FE9,418.3125819391692,TRMQMTC128F428A516,408.8619718720571,TRNTOIK128F42586F1,401.4683439477884,0,TRRHFQK128F4264FE9,0.5416654706732521,TRMQMTC128F428A516,0.5282993028416241,TRFWQKZ128F428FD83,0.5179596269795272,0,2,0,0,0,0,2,TRDPGXU128F9339C2A,161.24898321054894,TRFUJVJ128F426F2A2,154.59558267896728,TROFSLV128F92E389A,132.59880099267122,TRHYGME128F92FCC03,0.11794760436698638,TRPNKXE128F933B0D1,0.11425824300545473,TRAHZIL12903CF1DC2,0.11073201312816484,TRVTTKT128F148C6DA,239.20468066242245,TRCLOOS128F4246376,225.97864932568086,TRQFRHF128C71968AA,212.00101880231335,TRVTTKT128F148C6DA,0.32134866948902635,TRCLOOS128F4246376,0.31770425398265034,TRQFRHF128C71968AA,0.2940379043455267
TROMGSH128F427A408,TRYCBLK12903CE6A0E,1718.0,TRAUNHR128F92DBBC1,1594.0,TRXJTJZ128F4295464,1481.0,TRYCBLK12903CE6A0E,1.9734218750000003,TRAUNHR128F92DBBC1,1.8755000000000022,TRXJTJZ128F4295464,1.753343749999998,3,TRFEVDF128F4214874,595.3079145055559,TRNIMKL128F9301867,582.9118401320544,TREEGKN128F1461867,580.7513862871572,0,TRFEVDF128F4214874,0.7496652116822717,TRNIMKL128F9301867,0.7369258686409615,TREEGKN128F1461867,0.7344662537966612,0,3,0,0,0,0,3,TRYCBLK12903CE6A0E,158.6665799458677,TRBKQJB128F934EEF7,142.98479378855288,TRLVRJP128F93519FB,141.17521863999036,TRQCJFJ128F92EACF3,0.14195276050822633,TRPUUSG128E07953B7,0.12934216872534002,TRYCBLK12903CE6A0E,0.12765656205408368,TRHAKOR128F423772E,282.48535389612584,TRLMDNM128F4292F74,266.61399088587524,TRQCJFJ128F92EACF3,264.6587919307512,TRLMDNM128F4292F74,0.3699979854556346,TRQCJFJ128F92EACF3,0.36635724888955457,TRHAKOR128F423772E,0.3620963612877183
TRFBWEC128F42B8346,TRFUJVJ128F426F2A2,4500.0,TRDPGXU128F9339C2A,3401.0,TRWSYHO128F4282346,3122.0,TRFUJVJ128F426F2A2,5.171899999999996,TRDPGXU128F9339C2A,3.8723328124999976,TRWSYHO128F4282346,3.606384375000005,3,TROJYOU12903CBD2A8,623.2125530594469,TREEAAM128F4278BF4,607.1259146219866,TRQCXUL128E078A9D6,602.5696908546747,0,TROJYOU12903CBD2A8,0.7910491929359419,TREEAAM128F4278BF4,0.7729686927188213,TRQCXUL128E078A9D6,0.7677562712748037,0,3,0,0,0,0,3,TRFUJVJ128F426F2A2,232.64456769345824,TRDPGXU128F9339C2A,231.3473324388894,TRCHZXW128E079288A,215.80030412652306,TRZNEII128F93319A2,0.12975402196740263,TRCHZXW128E079288A,0.11380569316218386,TRPOYEF128F4223199,0.11313939262003961,TRZNEII128F93319A2,189.4472342049435,TRQHWDW128E078A651,184.46810184076205,TRGKYFE128E0791D62,181.90853847297862,TRZNEII128F93319A2,0.3104128685378068,TRBRSVP128F4216C2A,0.28854852779062695,TRZTHTC128F423D121,0.28538535590218933
TRDVYVJ128F426F7C0,TRFUJVJ128F426F2A2,3985.0,TRDPGXU128F9339C2A,3634.0,TRGUCIR128F933D817,2801.0,TRFUJVJ128F426F2A2,4.3855499999999985,TRDPGXU128F9339C2A,4.0443296875,TRGUCIR128F933D817,3.219587500000009,3,TRJADED128E078FB2A,563.9150290116655,TRWFXWM128F148D2D1,554.7646982963557,TRCNQIU128F1469E36,537.0482936282042,0,TRJADED128E078FB2A,0.7258165704315714,TRWFXWM128F148D2D1,0.7158439676971885,TRCNQIU128F1469E36,0.6962439773360479,0,3,0,0,0,0,3,TRFUJVJ128F426F2A2,296.709540333757,TRDUSIG12903CA5FCB,279.19643547179663,TRDPGXU128F9339C2A,265.686515753687,TRAIUPS128F92F2825,0.18007708590613597,TRDUSIG12903CA5FCB,0.17791606359914927,TRJHZTW12903CA1A25,0.16149032724316567,TRAIUPS128F92F2825,247.40419895102713,TRETDXU128F9308FB1,223.62552533348233,TRNQUDL128F9310C3E,222.53876990306995,TRAIUPS128F92F2825,0.36928320413808374,TRJIBBZ128F425149A,0.33594646805948486,TRLADEI128F932BBBA,0.33096235294818327
TREKVGV128E0788976,TRFUJVJ128F426F2A2,2977.0,TRWSYHO128F4282346,2510.0,TREBGAA128E078FC52,2368.0,TRFUJVJ128F426F2A2,3.477450000000002,TRWSYHO128F4282346,2.9781687500000023,TREBGAA128E078FC52,2.8703968750000013,3,TRVVIWJ128F42697BA,549.2043167151112,TRSTDLM128EF3431B6,541.1276820911082,TRSOZIK128F934C856,539.178516289758,0,TRVVIWJ128F42697BA,0.6963398906057763,TRSTDLM128EF3431B6,0.6852653143008917,TRSOZIK128F934C856,0.6809746977294956,0,3,0,0,0,0,3,TRHKJVR128F42857EA,130.19833104809933,TRLVRJP128F93519FB,102.29540173669152,TRFUJVJ128F426F2A2,101.73599652806212,TRHKJVR128F42857EA,0.11272215411856845,TRIKPWO128F4265FA9,0.09510908742683237,TRFCCKL128F426EE8E,0.0877115560493226,TRIKPWO128F4265FA9,250.14434230996818,TRGSPTC128F92DEF01,230.388891218479,TRQNGIX12903CF36EB,210.99148734103326,TRIKPWO128F4265FA9,0.3405502381904979,TRGSPTC128F92DEF01,0.30678418509416083,TRQNGIX12903CF36EB,0.28364089769936635
TRUUBKE128F426F5C0,TRFUJVJ128F426F2A2,3136.0,TRDPGXU128F9339C2A,2180.0,TRTLIKK128E07862DA,2127.0,TRFUJVJ128F426F2A2,3.4945000000000044,TRTLIKK128E07862DA,2.401484375000001,TRDPGXU128F9339C2A,2.3691640625000003,3,TRQXNOX128F1460E10,525.1398161547071,TRFIFYV128F93556D2,517.6043280343508,TRVWTVK128F429AAAB,517.0822896814142,0,TRQXNOX128F1460E10,0.6741126880317854,TRFIFYV128F93556D2,0.6659066271574315,TRVWTVK128F429AAAB,0.6655735905638792,0,3,0,0,0,0,3,TRCHZXW128E079288A,220.4338774858224,TRFUJVJ128F426F2A2,210.57064127325938,TRDUSIG12903CA5FCB,192.1868332501215,TRCHZXW128E079288A,0.13169346498670464,TRWETTQ12903CF2084,0.12683893907117885,TRKTGZZ128F932A9E2,0.12342287759207618,TROVKZW128F427CA18,205.96396160959705,TRUAKBS128F424357F,189.82452492863493,TRHUDCG128EF3444D6,187.9882983995884,TRKTGZZ128F932A9E2,0.29030510820452005,TRHUDCG128EF3444D6,0.28559622506650745,TROVKZW128F427CA18,0.28182435114309934
TRJZYIT128F426D5BE,TRFUJVJ128F426F2A2,4436.0,TRWSYHO128F4282346,3564.0,TRQAWKR128F425EEC3,3240.0,TRFUJVJ128F426F2A2,5.140200000000002,TRWSYHO128F4282346,4.190450000000004,TRQAWKR128F425EEC3,3.7029500000000035,3,TRHMLCK128F93085F2,626.7173998463616,TRSTDLM128EF3431B6,615.2200368398142,TRZBPGN128F92EDF7E,613.715470951795,0,TRHMLCK128F93085F2,0.7889231788967777,TRZBPGN128F92EDF7E,0.7770988005949183,TRSTDLM128EF3431B6,0.7767673301754846,0,3,0,0,0,0,3,TRDPGXU128F9339C2A,251.2115592688928,TRQAWKR128F425EEC3,206.40383222413573,TRFUJVJ128F426F2A2,197.62391381279454,TRQAWKR128F425EEC3,0.175591852476952,TRDPGXU128F9339C2A,0.14689502283890873,TRIOSDC128F931FF62,0.12975543760675343,TRXVKCF128F4233FDD,221.5960690445768,TRLXZCU128F4298B33,208.52458933671528,TRIOSDC128F931FF62,207.66418090500434,TRXVKCF128F4233FDD,0.3465590161060666,TRIOSDC128F931FF62,0.3386293044945593,TRLXZCU128F4298B33,0.32073536691223625
TRYOIZM128F14567A0,TRFUJVJ128F426F2A2,2508.0,TRDPGXU128F9339C2A,2241.0,TRQAWKR128F425EEC3,2060.0,TRFUJVJ128F426F2A2,2.5784000000000002,TRDPGXU128F9339C2A,2.335778124999994,TRQAWKR128F425EEC3,2.0978062500000045,3,TRTLLMP128F9307700,540.734365655294,TRQZEGA128F428FEFE,525.7988189487227,TROFSLV128F92E389A,520.0716610922952,0,TRTLLMP128F9307700,0.6899667082079847,TROFSLV128F92E389A,0.67493263812083,TRQZEGA128F428FEFE,0.6720943098962607,0,3,0,0,0,0,3,TRDPGXU128F9339C2A,339.9164650183136,TRDUSIG12903CA5FCB,323.9386871511196,TRFUJVJ128F426F2A2,267.0580694470431,TRDUSIG12903CA5FCB,0.2480572206435421,TRTLLMP128F9307700,0.2159823052201945,TRDPGXU128F9339C2A,0.19436825938746044,TRTLLMP128F9307700,253.29738691259436,TRZARJN128F42BC8F8,234.8445779767304,TRQZEGA128F428FEFE,230.89175249642952,TRTLLMP128F9307700,0.38362618686552286,TRDUSIG12903CA5FCB,0.36385316341363655,TRZARJN128F42BC8F8,0.3599028140978223
TRQYFLB128E078941E,TRFUJVJ128F426F2A2,3347.0,TRWSYHO128F4282346,3295.0,TREBGAA128E078FC52,2643.0,TRWSYHO128F4282346,3.8331562499999996,TRFUJVJ128F426F2A2,3.7467500000000014,TREBGAA128E078FC52,3.1431406249999965,3,TRFUJUF128E078895E,515.2834565853414,TRUUGTX128F4285B90,510.1203354201392,TRHMLCK128F93085F2,508.703595591011,0,TRFUJUF128E078895E,0.6572720253602651,TRUUGTX128F4285B90,0.6544057887647112,TRCFORL128F427670A,0.6498491137650593,0,3,0,0,0,0,2,TRFUJVJ128F426F2A2,199.7558811781892,TRDPGXU128F9339C2A,189.4881020968062,TRDUSIG12903CA5FCB,171.50830914945735,TRBOEMU128F92EAFF9,0.14771578580159897,TRJNANQ128F92D08C3,0.1310146644493763,TREKDDG128F4298103,0.11750617188171886,TRRPZRQ128F425E7C2,213.50944227881618,TRBOEMU128F92EAFF9,208.32283010660845,TRDJJUK128F428F5B1,206.3022871649424,TRRPZRQ128F425E7C2,0.3082189258146438,TRBOEMU128F92EAFF9,0.3044232382263967,TRJNANQ128F92D08C3,0.30169361603025685
TRZUSDI128F4259806,TRWSYHO128F4282346,2749.0,TRFUJVJ128F426F2A2,2386.0,TREBGAA128E078FC52,2034.0,TRWSYHO128F4282346,3.2423468750000013,TRFUJVJ128F426F2A2,2.685800000000001,TREBGAA128E078FC52,2.4334546875000016,3,TRKMBHB128F14624A9,453.9664694855716,TRXNKTE128F427F992,442.38882388936855,TRGESLP12903CE31C8,429.2451555626249,0,TRKMBHB128F14624A9,0.5756519429010702,TRXNKTE128F427F992,0.5616768149120054,TRGESLP12903CE31C8,0.5469083387728301,0,3,0,0,0,0,3,TRCLCNX128F1466731,122.48872988793089,TROFJXZ128F93069FE,112.45210647644485,TRTCOWO128F930C444,99.5296218759656,TRCLCNX128F1466731,0.1298849898166803,TROFJXZ128F93069FE,0.12359828524163037,TRDGAJY128F4282EA6,0.11188582136032711,TRDGAJY128F4282EA6,249.5950109550215,TRIFNZI128F931CC21,240.86041832550984,TRFGWTJ128E0783A47,236.72831759214756,TRDGAJY128F4282EA6,0.33257828305430354,TRIFNZI128F931CC21,0.3226440444100373,TRFGWTJ128E0783A47,0.3102780527200486
TRWUFEW128F14782F3,TRFUJVJ128F426F2A2,4171.0,TRDPGXU128F9339C2A,3187.0,TRCHZXW128E079288A,3124.0,TRFUJVJ128F426F2A2,4.659450000000004,TRCHZXW128E079288A,3.5551734374999917,TRDPGXU128F9339C2A,3.520201562499996,3,TRNRDBW12903CF1361,482.59023962719414,TRDFGKU128F9307788,482.19412160380534,TRBXSYV128F428957A,482.1066798200028,0,TRNRDBW12903CF1361,0.6235777533283492,TRDFGKU128F9307788,0.6204819523891244,TRLRKUK128F42B17A5,0.6155496935042378,0,3,0,0,0,0,2,TRFUJVJ128F426F2A2,274.23941276249286,TRQQLZD128F425E9BC,186.5859488935345,TRDPGXU128F9339C2A,181.70216040878643,TRFUJVJ128F426F2A2,0.1814257773438709,TRQQLZD128F425E9BC,0.1779523420313657,TRVSEAY128F428EA5A,0.1704614985941636,TRVSEAY128F428EA5A,293.99070459286656,TRVHPUD128F145FE04,241.36551090749387,TRPSOTP128E0785533,238.88640679527705,TRVSEAY128F428EA5A,0.4050558843058399,TRVHPUD128F145FE04,0.3499223256279417,TRPSOTP128E0785533,0.34404302017643246
TRPZXTD128F14856D4,TRFUJVJ128F426F2A2,3048.0,TRDPGXU128F9339C2A,2639.0,TRCHZXW128E079288A,2166.0,TRFUJVJ128F426F2A2,3.3683999999999994,TRDPGXU128F9339C2A,2.9294499999999943,TRCHZXW128E079288A,2.428800000000003,3,TRGFFYK128F933CB76,450.1905945794373,TRYBPGK128F4255BE3,448.9122712718628,TRDPGXU128F9339C2A,444.3267084137287,1,TRGFFYK128F933CB76,0.5852238166776126,TRDPGXU128F9339C2A,0.5836354299324463,TRWVHON128F42639BA,0.5818670194058317,1,3,1,1,1,1,2,TRFUJVJ128F426F2A2,271.4584171988927,TRDPGXU128F9339C2A,222.42409991226012,TRWZUDO128F1495E26,182.95636911352187,TRFUJVJ128F426F2A2,0.1647413793806367,TRPFCIB128F14B026B,0.1472625478171967,TRTLIKK128E07862DA,0.12199633451633711,TRPFCIB128F14B026B,236.9319703003059,TRAYQIX128F92E8558,216.21731063148357,TRCDUCG128F4262F0C,194.82900215371728,TRPFCIB128F14B026B,0.3366232354743231,TRAYQIX128F92E8558,0.3049962657850116,TRGXGLD128F92EC261,0.2937303031933807
TRIOKOC128F4267572,TRFUJVJ128F426F2A2,6689.0,TRWSYHO128F4282346,5830.0,TREBGAA128E078FC52,4980.0,TRFUJVJ128F426F2A2,7.871350000000003,TRWSYHO128F4282346,6.967334375000004,TREBGAA128E078FC52,6.0449484375,3,TRPBTSJ128F42A3168,673.5280291977881,TRAVRZW128F932016E,670.3776964022221,TRGSDTP128F92F76D1,655.5732291851216,0,TRPBTSJ128F42A3168,0.8471485144612962,TRAVRZW128F932016E,0.8431146149360579,TRGSDTP128F92F76D1,0.8255527888645763,0,3,0,0,0,0,3,TRFUJVJ128F426F2A2,209.0561469579845,TRNVKOI128E0799173,174.08542309863785,TRDPGXU128F9339C2A,171.24054204388565,TRNVKOI128E0799173,0.1207328713286761,TRFUJVJ128F426F2A2,0.1104853713797501,TRVZZRI128F14650C4,0.10759563181695776,TRHOTSL128F933F864,211.52445339836933,TRMQAXR128F42560B8,209.55804000676466,TRTHDVP128F92E6B88,208.5933244557806,TRHOTSL128F933F864,0.316410572234483,TRJACZG12903CB0C1D,0.31205729988797115,TRTHDVP128F92E6B88,0.3108733047281234
TREBQMO128F42828DB,TRFUJVJ128F426F2A2,4731.0,TRWSYHO128F4282346,3964.0,TRDPGXU128F9339C2A,3735.0,TRFUJVJ128F426F2A2,5.37785,TRWSYHO128F4282346,4.604771874999981,TRGUCIR128F933D817,4.370362500000004,2,TROXHLM128F4266510,544.7065196686226,TRNBWQY128F42425D0,538.2562216531793,TRPJCEM128F424ECC8,535.6382806055248,0,TROXHLM128F4266510,0.6948590830891974,TRTAYPD128F42A4C9C,0.6849975944183156,TRPJCEM128F424ECC8,0.6838619934925734,0,2,0,0,0,0,2,TRFUJVJ128F426F2A2,262.6365636970392,TRGUCIR128F933D817,176.98423447190015,TRDPGXU128F9339C2A,174.24936262165758,TRFUJVJ128F426F2A2,0.17453381871545873,TRQMYAZ128F146672E,0.1710193490647399,TRYPQUN12903D06214,0.15214213512012548,TRQMYAZ128F146672E,228.7240885942333,TRAXPGM128F428BBA6,215.79016328696287,TRJZQSM128F92C4D1B,202.90646533715093,TRQMYAZ128F146672E,0.32721101496730176,TRAXPGM128F428BBA6,0.30173705649693694,TRNHSZN128F930FF03,0.295813580942065
TRIQKDQ128F146F504,TRFUJVJ128F426F2A2,3840.0,TREBGAA128E078FC52,3147.0,TRDPGXU128F9339C2A,3129.0,TRFUJVJ128F426F2A2,4.395200000000002,TREBGAA128E078FC52,3.7849750000000015,TRDPGXU128F9339C2A,3.5727250000000037,3,TRMEKRF12903CC80A6,602.798582820549,TRHEDYV128F14856FC,595.950461215498,TRFVQEA128F4218DD2,592.6778696839568,0,TRMEKRF12903CC80A6,0.7621562886148283,TRHEDYV128F14856FC,0.7529615521109958,TRFVQEA128F4218DD2,0.7502234885264435,0,3,0,0,0,0,3,TRFUJVJ128F426F2A2,251.29293245575732,TRCHZXW128E079288A,168.5946965165319,TRBERRB128F932D534,165.7177511069931,TRFUJVJ128F426F2A2,0.16717893132953648,TRBERRB128F932D534,0.12542583044368782,TROHAHB128F4284DCA,0.12474812986463112,TRYKNBQ12903CB726F,209.2670856807569,TRWVJVV128F1459AE5,207.33400503994287,TRYIAKI128F147A5DC,199.81431040706377,TRWVJVV128F1459AE5,0.30944667414651855,TRYKNBQ12903CB726F,0.3088356462342239,TROHAHB128F4284DCA,0.30761424514834135
TRBFURI128F1455498,TRFUJVJ128F426F2A2,3820.0,TRWSYHO128F4282346,3403.0,TRDPGXU128F9339C2A,3189.0,TRFUJVJ128F426F2A2,4.3633,TRWSYHO128F4282346,3.9846906249999954,TRDPGXU128F9339C2A,3.641954687499995,3,TRMMAIV128F92E7F55,578.5436379933784,TRCUSJS128F4277162,573.3311748277744,TRVNXAG128E079098F,558.1331682062918,0,TRMMAIV128F92E7F55,0.7325690820752915,TRCUSJS128F4277162,0.7278528371557337,TRVNXAG128E079098F,0.708217848970303,0,3,0,0,0,0,3,TRDPGXU128F9339C2A,165.6833192434049,TRCHZXW128E079288A,146.16883628628605,TRFUJVJ128F426F2A2,127.65879474416337,TRSODXM128F9342C6B,0.11032395400016189,TRLWCDK128F42ADF14,0.10742023560148,TRJISRM128F9328AD4,0.09698966610430801,TRVNXAG128E079098F,224.76541228166028,TRTZPUX128F930F5CB,204.64454132889972,TRLNIUL128F92F5EC4,204.59281767850166,TRVNXAG128E079098F,0.3266202434482613,TRHVAVY12903CB4417,0.29868098393013415,TRYRXYO128F92D1AC2,0.293363339142518
TRVLECJ128E078235B,TRDPGXU128F9339C2A,5200.0,TRFUJVJ128F426F2A2,4868.0,TREBGAA128E078FC52,4562.0,TRDPGXU128F9339C2A,6.0518390624999965,TRFUJVJ128F426F2A2,5.549099999999998,TREBGAA128E078FC52,5.505542187500015,3,TRBWKZD128F428AAEB,621.6040529166506,TRHEDYV128F14856FC,597.6528800495057,TRSTJFQ128F428DA21,582.7124970098558,0,TRBWKZD128F428AAEB,0.7842282792838822,TRHEDYV128F14856FC,0.7541778427106477,TRSTJFQ128F428DA21,0.7360537918528917,0,3,0,0,0,0,3,TRDPGXU128F9339C2A,168.20667870301486,TRHDMWX128F427F0C7,150.33871525987388,TRBKQJB128F934EEF7,149.68439867367132,TRHDMWX128F427F0C7,0.1718514335628601,TRFFSMS128F428BC88,0.1381805364648624,TRQPJWY128F931F542,0.13416254886438952,TRHDMWX128F427F0C7,337.6836743216049,TRPWHQK128F9326149,246.72655930740677,TRCWFSW128F933141E,246.4528079859752,TRHDMWX128F427F0C7,0.4439689821043742,TRIDXRJ128F932DB98,0.34196556281435625,TRPWHQK128F9326149,0.3358923988742745
TRMLKKJ128E0798A59,TRFUJVJ128F426F2A2,5305.0,TRWSYHO128F4282346,4323.0,TREBGAA128E078FC52,3824.0,TRFUJVJ128F426F2A2,6.173549999999998,TRWSYHO128F4282346,5.104628125000006,TREBGAA128E078FC52,4.6117828124999924,3,TREPPUG128F9301FAB,598.7532744572189,TRYVYKU128F426F26F,596.2914371567447,TRTYLFM12903CD2C97,592.0894727922757,0,TREPPUG128F9301FAB,0.7595398537227716,TRYVYKU128F426F26F,0.7562653547560878,TRTYLFM12903CD2C97,0.7505309506646636,0,3,0,0,0,0,3,TRDPGXU128F9339C2A,181.87319703571671,TRUWZJQ128F145E9F7,171.159355515067,TRLDJMI128E078F6F9,163.20952061477558,TRUWZJQ128F145E9F7,0.1624805306749105,TRLDJMI128E078F6F9,0.1514066438569028,TRVWFVQ128F9316F97,0.15072039710354113,TRVWFVQ128F9316F97,257.95134824774226,TREIBLK128F148642C,256.9883328111774,TRFQDHT128F4277E01,254.71233228290137,TRVWFVQ128F9316F97,0.36952841685816323,TRFQDHT128F4277E01,0.3562819584392378,TREIBLK128F148642C,0.3409413246821445
TRYBZQD12903CD1380,TRDPGXU128F9339C2A,2505.0,TRCHZXW128E079288A,2269.0,TRFUJVJ128F426F2A2,2189.0,TRDPGXU128F9339C2A,2.8946671874999974,TRCHZXW128E079288A,2.6577078124999995,TRFUJVJ128F426F2A2,2.453349999999999,3,TRUSZCW128F92F13E1,627.4387228326319,TRDSUZH128F425BAC3,623.7353122889159,TREBQOW128F92C4549,622.7637424784037,0,TRUSZCW128F92F13E1,0.7923614115045462,TRDSUZH128F425BAC3,0.7890104881257605,TRASDCH128F92E53E5,0.7880236809033332,0,3,0,0,0,0,2,TRDPGXU128F9339C2A,158.44237508012125,TRFUJVJ128F426F2A2,150.4310228775702,TRYHHPK128F42A4CAF,146.60450202453885,TRYHHPK128F42A4CAF,0.10544536868618089,TRGNBCC128F92F6218,0.10302822766093499,TRFZDVP128F149613F,0.0962551564345336,TRXDUSE128F42229E3,218.472095732885,TRQTCKX128F422B17E,208.73723544617343,TRGIFAY128F1463A83,203.08520695825405,TRXDUSE128F42229E3,0.3179940386838023,TRFZDVP128F149613F,0.31764186052616866,TRQTCKX128F422B17E,0.3072622355458234
TRHYZQR128F428F5C5,TRFUJVJ128F426F2A2,8750.0,TRWSYHO128F4282346,7472.0,TRDPGXU128F9339C2A,6899.0,TRFUJVJ128F426F2A2,9.828900000000006,TRWSYHO128F4282346,8.615493749999999,TRZZQIP128F92EFEAD,7.953221875000002,2,TRHJAUP128F145E735,554.0789857982561,TRIUAZO128C71965EF,551.0970569325084,TRQZHWS128E0787004,537.6058954317753,0,TRIUAZO128C71965EF,0.7024266522111294,TRHJAUP128F145E735,0.7011174828583588,TRQZHWS128E0787004,0.6912566449605438,0,2,0,0,0,0,3,TRFUJVJ128F426F2A2,550.3720678195741,TRDPGXU128F9339C2A,378.86187419296044,TRDFOXO128F42BBDCD,337.27728784705965,TRFUJVJ128F426F2A2,0.3529875432655558,TRQQLZD128F425E9BC,0.2684449244205724,TRDFOXO128F42BBDCD,0.2605028788443148,TRHJAUP128F145E735,302.7004217244816,TRFUMBG128F92E3BDE,246.7828401000313,TRYLINA128F1459E1C,217.484528946906,TRHJAUP128F145E735,0.4153785875852433,TRFUJVJ128F426F2A2,0.37419441803276937,TRXRJZZ128F42BC247,0.3400764639326134
TRPQDHV128E07845CB,TRFUJVJ128F426F2A2,3980.0,TRWSYHO128F4282346,3177.0,TREBGAA128E078FC52,2856.0,TRFUJVJ128F426F2A2,4.590899999999996,TRWSYHO128F4282346,3.7202281249999976,TREBGAA128E078FC52,3.4288328125000023,3,TRIUYFJ128F421FBCA,625.8861966145663,TRNHSZN128F930FF03,606.9553967904843,TRPBTSJ128F42A3168,606.3820302747895,0,TRIUYFJ128F421FBCA,0.7942108846996822,TRNHSZN128F930FF03,0.7679399302907091,TRPBTSJ128F42A3168,0.7675755335260797,0,3,0,0,0,0,3,TRFUJVJ128F426F2A2,229.72069018529717,TRQWDRK128F4241A32,226.8859461632527,TRJGMSL128F4230A6C,221.67076618803415,TRJGMSL128F4230A6C,0.1972095666733256,TRRJQIQ128F429A974,0.17845400666834885,TRBKQJB128F934EEF7,0.17797047714451028,TRIUYFJ128F421FBCA,232.0132918957344,TRKXFLD128F1479BC0,231.10029232897523,TRJGMSL128F4230A6C,219.71372994205802,TRIUYFJ128F421FBCA,0.36521901372601484,TRKXFLD128F1479BC0,0.358441326470105,TRJGMSL128F4230A6C,0.345317199422533
TRHAGFQ128F428B8EA,TRFUJVJ128F426F2A2,2853.0,TRWSYHO128F4282346,2582.0,TREBGAA128E078FC52,2236.0,TRFUJVJ128F426F2A2,3.2810499999999996,TRWSYHO128F4282346,3.0411124999999988,TREBGAA128E078FC52,2.69018125,3,TRUMCTQ128F42BAEA6,564.3042498472528,TRPBTSJ128F42A3168,563.8670401505753,TRBEWAM128F145CA91,558.1018780337462,0,TRUMCTQ128F42BAEA6,0.718813276487547,TRPBTSJ128F42A3168,0.715868751350209,TRAWCKU128F14771C0,0.7083972352800746,0,3,0,0,0,0,2,TRGUBSR128E0786082,212.93690720331963,TRQDUMO128F92E3896,187.0976640602365,TRFUJVJ128F426F2A2,176.30968689030286,TRGUBSR128E0786082,0.19467102268309122,TRQDUMO128F92E3896,0.1500832654783765,TRPWYWW128F422E08E,0.13154212199985996,TRACGHT128F9336DF8,216.90230143055342,TRGUBSR128E0786082,210.12089890430292,TRKWTXT128F42AF27B,197.53995452701923,TRGUBSR128E0786082,0.32393165124225104,TRACGHT128F9336DF8,0.31754134722982386,TRQDUMO128F92E3896,0.3013421163986601
TRQXYGU128E079236A,TRFUJVJ128F426F2A2,16403.0,TRWSYHO128F4282346,13125.0,TREBGAA128E078FC52,11110.0,TRFUJVJ128F426F2A2,19.15825,TRWSYHO128F4282346,15.526921874999998,TREBGAA128E078FC52,13.39299218750001,3,TRHMLCK128F93085F2,615.6321195151298,TRAVRZW128F932016E,611.5869152973256,TRRBFPC12903CDF853,610.3314366106795,0,TRHMLCK128F93085F2,0.775640173200905,TRAVRZW128F932016E,0.7724608046830249,TRRBFPC12903CDF853,0.77028834503191,0,3,0,0,0,0,3,TRFUJVJ128F426F2A2,546.1811320192693,TRQAWKR128F425EEC3,522.7680003150882,TRDPGXU128F9339C2A,484.56626727573575,TRQAWKR128F425EEC3,0.4502189700331401,TROQUJK128F4254F90,0.3112262433092832,TRQDUMO128F92E3896,0.2826363038198896,TRJRCCY128F930C12F,319.99777484996366,TRDLFRY128F425CC13,297.36786951565455,TRGANKE128F4275BFF,297.0576675207441,TRQAWKR128F425EEC3,0.3911129450535214,TRJRCCY128F930C12F,0.3872651133964596,TROQUJK128F4254F90,0.38558911004473967
TRBUESY128F92F81F6,TRUEGMJ128F148D40C,5646.0,TRWSYHO128F4282346,5165.0,TRPBLTG128F933924A,4988.0,TRUEGMJ128F148D40C,6.86959062499996,TRPBLTG128F933924A,6.026974999999962,TRWSYHO128F4282346,5.984268749999999,3,TRUEGMJ128F148D40C,621.0946851467255,TRUYSOV12903CED603,464.75705361186226,TRQXTQT128E0781DA7,457.57235314911,1,TRUEGMJ128F148D40C,0.7809157463430818,TRUYSOV12903CED603,0.5910307485315972,TRQXTQT128E0781DA7,0.5821427032702406,1,3,1,1,1,1,3,TRQWDRK128F4241A32,305.5774566458638,TRRXEOI12903CE22D0,247.1035538868147,TRCLGZL128F14629E3,241.38044040161495,TRCLGZL128F14629E3,0.25572791312017457,TRQWDRK128F4241A32,0.25491714020519646,TRRXEOI12903CE22D0,0.23554531987607072,TRYCZIW128F4299C5D,286.3553589102365,TRFSCLD12903CD213F,281.76414737786865,TRUIKPU128F9317416,270.91551816829366,TRYCZIW128F4299C5D,0.3753633625505296,TRGVOYR128F9336E5A,0.3662625479446994,TRFSCLD12903CD213F,0.3606228515657655
TRPDBLM128E0792367,TRFUJVJ128F426F2A2,7908.0,TRBVPVV128F425F14F,6512.0,TRGUCIR128F933D817,6373.0,TRFUJVJ128F426F2A2,8.866100000000003,TRBVPVV128F425F14F,7.737839062499992,TRGUCIR128F933D817,7.4844875000000215,3,TRFIYKD128F1460F2A,566.4037788043208,TRCFORL128F427670A,549.7457273117303,TRXWSOU128F42662B0,545.2402004832057,0,TRFIYKD128F1460F2A,0.7203881266821792,TRCFORL128F427670A,0.7013992079218276,TRXWSOU128F42662B0,0.6962022825726946,0,3,0,0,0,0,3,TRDPGXU128F9339C2A,355.1331626845695,TRQWDRK128F4241A32,330.4698261333152,TRBIFOK128EF362D20,329.31488525112405,TRBIFOK128EF362D20,0.264383664752656,TREZBFM128F428508A,0.2594401727171165,TRQUQDU12903C9AF09,0.2448798037473682,TRRPZEH128F1466812,230.68581699398493,TRVUUKM128F425FB16,226.18889343703606,TRBIFOK128EF362D20,223.56842766027688,TRVUUKM128F425FB16,0.37522745041420486,TRBIFOK128EF362D20,0.37458094470901754,TROOJPJ128F14A2A86,0.37201891241983814
TRLINLH128F9346400,TRTLIKK128E07862DA,10279.0,TRFUJVJ128F426F2A2,9253.0,TRDPGXU128F9339C2A,5715.0,TRTLIKK128E07862DA,12.053312499999986,TRFUJVJ128F426F2A2,10.250649999999993,TROOJPJ128F14A2A86,6.405087499999999,2,TRFUZIQ128F14591A7,511.02472803286594,TRBDUTO128F421A441,500.6533913583262,TRGPDHJ128F14527D5,469.57108744819413,0,TRFUZIQ128F14591A7,0.6484252929966451,TRBDUTO128F421A441,0.6355929422524544,TRGPDHJ128F14527D5,0.598910012511148,0,2,0,0,0,0,3,TRFUJVJ128F426F2A2,481.544122510182,TRDPGXU128F9339C2A,394.64818698465706,TRIFVKW128F145C141,334.6807289712297,TRFUJVJ128F426F2A2,0.3098284713276785,TRIFVKW128F145C141,0.256997427958851,TRZSUSN128F4240FCE,0.2318174896771067,TRRGWST128F930E4AE,248.8346433110817,TRWMHCZ128F42AE295,231.13274570905594,TRIFVKW128F145C141,213.94384315954164,TRIFVKW128F145C141,0.37000908909848823,TRRGWST128F930E4AE,0.3665958321901955,TRWMHCZ128F42AE295,0.35622368969099705
TREPPUG128F9301FAB,TRFUJVJ128F426F2A2,8731.0,TRWSYHO128F4282346,7236.0,TRDPGXU128F9339C2A,6427.0,TRFUJVJ128F426F2A2,10.081149999999994,TRWSYHO128F4282346,8.500868749999992,TRDPGXU128F9339C2A,7.337465624999992,3,TRYQPDL128F4265A48,639.0510229402053,TRFYGMB128F425A7A2,634.2533996123209,TRTNLQZ128F425C3D2,632.8163684061951,0,TRYQPDL128F4265A48,0.8086650794028996,TRFYGMB128F425A7A2,0.8013219695593266,TRZCHKB128F92CB740,0.7996723191919811,0,3,0,0,0,0,2,TRFUJVJ128F426F2A2,349.64065083450424,TRQWDRK128F4241A32,338.5882468100521,TRQDUMO128F92E3896,311.04111914518705,TRJLMAI128F92EBB04,0.24359553590344785,TRQWDRK128F4241A32,0.22424169268299843,TRQDUMO128F92E3896,0.20768361952324826,TRJLMAI128F92EBB04,259.59140614206973,TRXTJGV12903CAC0F8,245.23534061254713,TRJPLTC128F1488490,241.4572551256933,TRJLMAI128F92EBB04,0.40013374026968634,TRXTJGV12903CAC0F8,0.365084142392658,TRJPLTC128F1488490,0.3605266812966604
TRBBVNR128E078E1E4,TRFUJVJ128F426F2A2,6243.0,TREXCMT128F933D825,5347.0,TRLCWTH128F92C7F82,4786.0,TRFUJVJ128F426F2A2,6.863049999999998,TREXCMT128F933D825,6.253021875000014,TRLCWTH128F92C7F82,5.662329687500004,3,TRGFFYK128F933CB76,458.6389533221566,TRHUGKY128F92E5EB3,445.3495131242843,TRLXIWQ128F428AB13,440.39863857252493,0,TRGFFYK128F933CB76,0.5903315118479259,TRHUGKY128F92E5EB3,0.5711604400355598,TRLXIWQ128F428AB13,0.5694203753612118,0,3,0,0,0,0,3,TRQWDRK128F4241A32,361.10326349947576,TRHGZOJ128F14A2ED0,353.6591219611171,TRFUJVJ128F426F2A2,331.93008507274675,TRHGZOJ128F14A2ED0,0.2790319111669783,TRKHTHW128E0784E05,0.25144436784481117,TRGVOYR128F9336E5A,0.25075297244709144,TRGVOYR128F9336E5A,250.57035864308958,TRKHTHW128E0784E05,212.2894783924138,TRJEAVP128F42B83F0,211.64303662307034,TRGVOYR128F9336E5A,0.39134923361739987,TRKHTHW128E0784E05,0.34739681108190457,TRJEAVP128F42B83F0,0.3436929815492488
TRTJVGX128E078EB1C,TRFUJVJ128F426F2A2,2904.0,TRDPGXU128F9339C2A,2547.0,TRWSYHO128F4282346,2255.0,TRFUJVJ128F426F2A2,3.1516000000000024,TRDPGXU128F9339C2A,2.7836750000000037,TRGUCIR128F933D817,2.5188000000000006,2,TRJADED128E078FB2A,516.3051115819482,TRJBVSW128F9314E72,499.98484746802376,TRNDOZZ128F92F336C,496.9816800852123,0,TRJADED128E078FB2A,0.6706259924490934,TRJBVSW128F9314E72,0.6540992986714538,TRNDOZZ128F92F336C,0.6469686558533245,0,2,0,0,0,0,3,TRFUJVJ128F426F2A2,309.02211312064924,TRQWDRK128F4241A32,291.47544514647984,TRDPGXU128F9339C2A,250.22210933769833,TRQWDRK128F4241A32,0.2081524560812494,TRFUJVJ128F426F2A2,0.17968317222351474,TRSZTKU128F148C558,0.16399521507237588,TRUSLVG128F930A59C,219.42292000201036,TRSZTKU128F148C558,215.70062563055635,TRGVOYR128F9336E5A,184.63961937298424,TRXWSOU128F42662B0,0.31999111180731954,TRQWDRK128F4241A32,0.316526151811777,TRSZTKU128F148C558,0.31521886713615377
TRDJOCY128F4294CD5,TRFUJVJ128F426F2A2,7877.0,TRDPGXU128F9339C2A,6292.0,TRWSYHO128F4282346,5811.0,TRFUJVJ128F426F2A2,8.65945,TRDPGXU128F9339C2A,6.872506250000006,TRWSYHO128F4282346,6.488137499999994,3,TRLUOOO128F42B3BF4,541.9989774687374,TRNYSCS128F427055D,471.82663613720985,TRWFFHM128F92F99C4,464.58967864032206,0,TRLUOOO128F42B3BF4,0.6965440087632736,TRNYSCS128F427055D,0.6087633742965205,TRWFFHM128F92F99C4,0.6018680423221451,0,3,0,0,0,0,3,TRDPGXU128F9339C2A,571.1110348675973,TRFUJVJ128F426F2A2,557.7282832977687,TRQWDRK128F4241A32,535.700282413184,TRQWDRK128F4241A32,0.33415566353269704,TRQDUMO128F92E3896,0.3283733900424558,TRXAORM128F933CA0D,0.3098120088152167,TRXWSOU128F42662B0,216.16640709755777,TRQDUMO128F92E3896,207.58155240550334,TROSKLK128F145806A,206.37370155475477,TRXWSOU128F42662B0,0.4043929230287432,TRQDUMO128F92E3896,0.40290152786907835,TRFPLQD128F92FFB52,0.38394874279679825
TREADOS128E078EC1F,TRFUJVJ128F426F2A2,9605.0,TRDPGXU128F9339C2A,9469.0,TRCHZXW128E079288A,8214.0,TRDPGXU128F9339C2A,10.722579687500009,TRFUJVJ128F426F2A2,10.674549999999996,TRCHZXW128E079288A,9.427045312499992,3,TRPNIKB12903CE690B,587.1305019189431,TRCEFOS128F933D79B,555.438755494993,TREYKNZ128F92F41C1,551.1647853202288,0,TRPNIKB12903CE690B,0.7344757735871994,TRCEFOS128F933D79B,0.7108053288697619,TREYKNZ128F92F41C1,0.7058563994824767,0,3,0,0,0,0,3,TRDPGXU128F9339C2A,505.86737157854674,TRFUJVJ128F426F2A2,497.9000931400964,TRQWDRK128F4241A32,486.4664235544801,TRQWDRK128F4241A32,0.3060660380609486,TRYCBLK12903CE6A0E,0.292684190483043,TRQDUMO128F92E3896,0.2922343544298451,TRPNIKB12903CE690B,331.00059123431134,TRZQZRN128F4262039,217.34156729775293,TRCRFNF128F93297BF,203.04262204666213,TRPNIKB12903CE690B,0.4133255028329054,TRQDUMO128F92E3896,0.3614953064923397,TRJVBYA128F93434FD,0.35503049239184736
TRHPAVK128E078EC9C,TRFUJVJ128F426F2A2,8216.0,TRDPGXU128F9339C2A,7588.0,TRCHZXW128E079288A,6209.0,TRFUJVJ128F426F2A2,9.1361,TRDPGXU128F9339C2A,8.536745312499987,TRCHZXW128E079288A,7.045629687500001,3,TRADFVJ12903CA80F0,581.641830965679,TRMLERK128F4294CBC,581.576358366121,TRETTPG128F9343EE4,580.5872004448181,0,TRADFVJ12903CA80F0,0.7456132409803983,TRETTPG128F9343EE4,0.7442381017090358,TRFLQUL128F93196AF,0.7412218710825725,0,3,0,0,0,0,2,TRQWDRK128F4241A32,462.4870245665449,TRDPGXU128F9339C2A,458.61226524560584,TRFUJVJ128F426F2A2,452.12755126933405,TRSLSWO128E0786285,0.3331526186773936,TRYCBLK12903CE6A0E,0.32947926940428834,TRQWDRK128F4241A32,0.2944578591097838,TRSLSWO128E0786285,242.39273590232085,TRPNSHU128F428049F,236.58607856175573,TRQNKAB128F4278C15,231.53491920214626,TRSLSWO128E0786285,0.41833516763958356,TRQNKAB128F4278C15,0.385632908775589,TRLVRJP128F93519FB,0.3808573634059858
TRGLNKG128F9307689,TRFUJVJ128F426F2A2,22766.0,TRWSYHO128F4282346,18521.0,TRDPGXU128F9339C2A,16797.0,TRFUJVJ128F426F2A2,26.385199999999976,TRWSYHO128F4282346,21.796934375000006,TRDPGXU128F9339C2A,19.263232812500004,3,TRKLAOB12903C9A1CD,676.9699739477921,TRNHSZN128F930FF03,673.3536252980389,TRJOXWB128F92D8498,671.4408512422992,0,TRKLAOB12903C9A1CD,0.8531169870408263,TRNHSZN128F930FF03,0.8474561027279263,TRJOXWB128F92D8498,0.8437087151733264,0,3,0,0,0,0,3,TRFUJVJ128F426F2A2,723.1319973716301,TRDPGXU128F9339C2A,664.5240751486316,TRQWDRK128F4241A32,621.5551081368944,TRQWDRK128F4241A32,0.3499859722470556,TRFUJVJ128F426F2A2,0.3391791082357812,TRWSYHO128F4282346,0.30889402107009284,TRPQUWE128F42B1B53,230.60911726984835,TRBFTHL128C7196B42,202.33557986949802,TRJBKRC128F92F81DB,201.36877819843932,TRIFVKW128F145C141,0.38476862037550374,TRFUJVJ128F426F2A2,0.37361614951120714,TRQUYEY128F93148DF,0.36711741317097174
TRCHZXW128E079288A,TRDPGXU128F9339C2A,17013.0,TRFUJVJ128F426F2A2,16626.0,TRWSYHO128F4282346,14068.0,TRDPGXU128F9339C2A,19.479376562500004,TRFUJVJ128F426F2A2,18.6458,TRKLJAG128F42B31CF,16.449296874999966,2,TREBQOW128F92C4549,713.7542412625224,TRTVTYS128E0792887,695.5028020520037,TRQMGEQ128F145F0AF,692.2713151566693,0,TREBQOW128F92C4549,0.896699433811434,TRTVTYS128E0792887,0.8769762457980983,TRQMGEQ128F145F0AF,0.8727866174428162,0,2,0,0,0,0,3,TRDPGXU128F9339C2A,808.9468899169306,TRFUJVJ128F426F2A2,797.6246297916819,TRQWDRK128F4241A32,693.2410766172814,TRYCBLK12903CE6A0E,0.4267523273957523,TRWSYHO128F4282346,0.4226840113675848,TRPWYWW128F422E08E,0.3689438290753568,TREBQOW128F92C4549,210.85331097369544,TRRFAZP128F426674F,203.30128201394396,TRYCBLK12903CE6A0E,203.17794356638254,TREBQOW128F92C4549,0.41148368126406526,TRXWSOU128F42662B0,0.4050451840858351,TROYKQM128F428CCED,0.40440463465023563
TRCDLUM128F9331CA9,TRFUJVJ128F426F2A2,7931.0,TRWSYHO128F4282346,7167.0,TREBGAA128E078FC52,6340.0,TRFUJVJ128F426F2A2,9.09725,TRWSYHO128F4282346,8.42514062499999,TREBGAA128E078FC52,7.62491406249998,3,TRMASAZ128F428EF4E,598.6749474082939,TRJLMAI128F92EBB04,576.1056697392163,TRMWVDI128F92FFA8A,571.9126692305013,0,TRMASAZ128F428EF4E,0.759042196768557,TRJLMAI128F92EBB04,0.7339754351838812,TRMWVDI128F92FFA8A,0.7278671472553035,0,3,0,0,0,0,3,TRFUJVJ128F426F2A2,321.33800485626335,TRQAWKR128F425EEC3,303.58810368600206,TRLVRJP128F93519FB,246.91389599896846,TRQAWKR128F425EEC3,0.26916077560042795,TRYOUMI128E078F4DE,0.21445772804893923,TROTTNB128F4264052,0.20206932443736517,TRDIYGM128F425B1F1,320.02901186539054,TRYOUMI128E078F4DE,278.8091066409549,TROTTNB128F4264052,276.48869313943726,TRDIYGM128F425B1F1,0.4343564401214324,TRYOUMI128E078F4DE,0.40014180362041246,TROTTNB128F4264052,0.39986784027980193
TRPMNRL128F9302AD7,TRFUJVJ128F426F2A2,14362.0,TRDPGXU128F9339C2A,11253.0,TRWSYHO128F4282346,11057.0,TRFUJVJ128F426F2A2,16.8531,TRDPGXU128F9339C2A,13.146846875,TRWSYHO128F4282346,13.102756250000022,3,TRNHSZN128F930FF03,650.8300292802963,TRHVNJF128F934B8C0,620.6084781690151,TRQCMLS128F933DB3B,610.8445512727803,0,TRNHSZN128F930FF03,0.819537726220782,TRHVNJF128F934B8C0,0.7824318819588947,TRQCMLS128F933DB3B,0.7706665638678859,0,3,0,0,0,0,3,TRFUJVJ128F426F2A2,357.8350840336723,TRDPGXU128F9339C2A,300.91276859601913,TRQDUMO128F92E3896,235.0367067975427,TRFUJVJ128F426F2A2,0.23282208309173527,TRVYMSA128F4266A4F,0.18668765281881838,TRNHSZN128F930FF03,0.17275921587497428,TRDQNSS128F4240C31,270.6860848552083,TRTUCHE128F425B7CC,245.6152463558734,TRNHSZN128F930FF03,245.05051895018005,TRDQNSS128F4240C31,0.3939021939329246,TRNHSZN128F930FF03,0.38449942836524625,TREIEOO128F42B0099,0.3669065327783825
TRRIRMX128F92E6272,TRHJDKU128F1456E10,8786.0,TRUGLTC128F4227B93,6272.0,TRDPGXU128F9339C2A,6231.0,TRHJDKU128F1456E10,10.589720312499999,TRCJADX128F428D3E0,7.391053125000021,TRUGLTC128F4227B93,7.331696875000018,2,TRHJDKU128F1456E10,543.0765400192572,TRMHLKD12903C98020,509.01335022263356,TRJEZJN128F421AD62,505.68564430706897,1,TRHJDKU128F1456E10,0.6865571612397183,TRMHLKD12903C98020,0.6459752707942557,TRJEZJN128F421AD62,0.641198889310491,1,2,1,1,1,1,3,TRFEGNP128F93462CB,317.23726179216055,TRIMUPV128F1486694,299.4758039456873,TRBKQJB128F934EEF7,279.6955227806344,TRFEGNP128F93462CB,0.27211504847038553,TRIMUPV128F1486694,0.2630915337418913,TROQUJK128F4254F90,0.24358636108625706,TRVVWII128F423EC88,307.76555366461554,TRIIVHH128F429133E,275.4070884282153,TROQUJK128F4254F90,233.757547779974,TRVVWII128F423EC88,0.4059631184100473,TRIIVHH128F429133E,0.3860314013119454,TROQUJK128F4254F90,0.3377203504736942
TRCEYQJ128E07862DE,TRFUJVJ128F426F2A2,8107.0,TRDPGXU128F9339C2A,7905.0,TRCHZXW128E079288A,7155.0,TRFUJVJ128F426F2A2,8.95615,TRDPGXU128F9339C2A,8.896449999999994,TRCHZXW128E079288A,8.200549999999998,3,TRSEKVK128F4289138,619.3387224737048,TRTPMBB128F42934F8,607.9419130841114,TRQXHBL128F42A56FE,599.5352545428048,0,TRSEKVK128F4289138,0.77977202325625,TRTPMBB128F42934F8,0.7744778017557445,TRQXHBL128F42A56FE,0.7597862287839753,0,3,0,0,0,0,3,TRQWDRK128F4241A32,565.025960517428,TRDPGXU128F9339C2A,550.1051298642454,TRISBQQ128F93217A2,542.0826104732532,TRISBQQ128F93217A2,0.4321060898278898,TRPUEFZ128F146269E,0.42595315693565183,TRHDXOY128F42B3BE9,0.42595315693565183,TRSQUMU128F148CBBA,291.35720374826843,TRISBQQ128F93217A2,274.51015428072265,TRQQALN128F148D20E,266.4426839708044,TRISBQQ128F93217A2,0.4498255833024884,TRSQUMU128F148CBBA,0.447765363006948,TRJUUKB128F428E973,0.43205265625935885
TRZGUNN128E07862F7,TRFUJVJ128F426F2A2,7878.0,TRDPGXU128F9339C2A,7351.0,TRCHZXW128E079288A,6530.0,TRFUJVJ128F426F2A2,8.796399999999984,TRDPGXU128F9339C2A,8.309739062499995,TRCHZXW128E079288A,7.499135937500012,3,TRZCHKB128F92CB740,618.2703356200618,TRQXHBL128F42A56FE,615.8686630661272,TRTHFTG128F42550BC,605.5652583739658,0,TRZCHKB128F92CB740,0.7862626433588975,TRQXHBL128F42A56FE,0.7792451081910555,TRTHFTG128F42550BC,0.7731535716743303,0,3,0,0,0,0,3,TRQWDRK128F4241A32,531.513980563491,TRBKQJB128F934EEF7,527.4709024193708,TRGUBSR128E0786082,522.2645450662169,TRHKGFY128F42ACC54,0.4510968393421818,TRBKQJB128F934EEF7,0.44126982823291383,TRGUBSR128E0786082,0.42913192679766027,TREWWOJ128F42742B2,277.4252993186139,TRHKGFY128F42ACC54,272.7609482841364,TRISBQQ128F93217A2,266.43262190984825,TRISBQQ128F93217A2,0.4376158769718299,TREWWOJ128F42742B2,0.4310919691865738,TRHKGFY128F42ACC54,0.42718707527753125
TRTVTYS128E0792887,TRFUJVJ128F426F2A2,10439.0,TRDPGXU128F9339C2A,9936.0,TRWSYHO128F4282346,9500.0,TRFUJVJ128F426F2A2,11.802150000000001,TRDPGXU128F9339C2A,11.377496874999999,TRWSYHO128F4282346,11.060306249999998,3,TRCHZXW128E079288A,695.5028020520089,TREBQOW128F92C4549,680.526323313428,TRDSUZH128F425BAC3,673.2197143562071,0,TRCHZXW128E079288A,0.8769762457980983,TREBQOW128F92C4549,0.8573360919159411,TRDSUZH128F425BAC3,0.849360414465328,0,3,0,0,0,0,3,TRQWDRK128F4241A32,569.3920002358543,TRYCBLK12903CE6A0E,553.6878584430435,TRCHZXW128E079288A,549.1850154856751,TRYCBLK12903CE6A0E,0.42761158709105074,TRQWDRK128F4241A32,0.38886256018605264,TRBKQJB128F934EEF7,0.37389842821921476,TRYCBLK12903CE6A0E,261.9760277666226,TRTQMQX128F931173A,250.8591569805798,TRQQALN128F148D20E,236.1326130234091,TRYCBLK12903CE6A0E,0.4407199431282646,TRQWDRK128F4241A32,0.4150760737399662,TROYKQM128F428CCED,0.4069055512699495
TRBEBJO128C719646B,TRFUJVJ128F426F2A2,20757.0,TRDPGXU128F9339C2A,16731.0,TRWSYHO128F4282346,16494.0,TRFUJVJ128F426F2A2,24.260349999999985,TRWSYHO128F4282346,19.515709374999993,TRDPGXU128F9339C2A,19.503870312500002,3,TRKXFLD128F1479BC0,677.1389995500348,TRFPLQD128F92FFB52,676.0989891424074,TRNHSZN128F930FF03,674.752543462654,0,TRKXFLD128F1479BC0,0.8525079920543649,TRFPLQD128F92FFB52,0.8516197674376584,TRNHSZN128F930FF03,0.849029887280976,0,3,0,0,0,0,3,TRBKQJB128F934EEF7,554.5082604730841,TRGUBSR128E0786082,547.3862716930714,TRFUJVJ128F426F2A2,523.0962250573971,TRBKQJB128F934EEF7,0.46383521156255886,TRGUBSR128E0786082,0.4490128082680161,TRLRCZU128F1475FBA,0.41481369912147414,TRLRCZU128F1475FBA,280.1615191317538,TRYKMPI12903D03F54,264.9244646570825,TRGUBSR128E0786082,247.43993672805695,TRLRCZU128F1475FBA,0.43938879572200523,TRGUBSR128E0786082,0.4056088943402392,TRFOGZN128F42882B5,0.4030598484963782
TRMWYIH128E078DCA6,TRFUJVJ128F426F2A2,9575.0,TRDPGXU128F9339C2A,7227.0,TRWSYHO128F4282346,6326.0,TRFUJVJ128F426F2A2,10.807249999999993,TRDPGXU128F9339C2A,8.062414062500002,TRWSYHO128F4282346,7.148421874999996,3,TRJUUKB128F428E973,538.223239144905,TRHKJVR128F42857EA,534.1679710915382,TRQSXXR128F4266519,530.2566479350595,0,TRJUUKB128F428E973,0.6956358428070462,TRHKJVR128F42857EA,0.6904687041916838,TRQSXXR128F4266519,0.6844385076896574,0,3,0,0,0,0,3,TRDPGXU128F9339C2A,534.8903486283186,TRQWDRK128F4241A32,474.78761677941407,TRFUJVJ128F426F2A2,434.20843366063986,TRQWDRK128F4241A32,0.32217014662974824,TRPDDZW128F42712B2,0.32024542550705903,TRXDWYK128F425C160,0.3113081509798714,TRDXSJQ128F92CEE86,216.20700229377826,TRHXTHR128F145E864,215.15743637207015,TRQUACS128E0780F89,214.68981274047061,TRHXTHR128F145E864,0.3681128943298216,TRJUUKB128F428E973,0.3672398899284654,TRQUACS128E0780F89,0.36381581993370116
TRHXTHR128F145E864,TRFUJVJ128F426F2A2,7411.0,TRDPGXU128F9339C2A,6648.0,TRCHZXW128E079288A,5497.0,TRFUJVJ128F426F2A2,8.398950000000003,TRDPGXU128F9339C2A,7.586787499999996,TRBEBJO128C719646B,6.381862500000016,2,TRKXFLD128F1479BC0,666.4408651256988,TRDPGXU128F9339C2A,660.1592590439702,TRTHFTG128F42550BC,653.9768088235336,1,TRKXFLD128F1479BC0,0.8402796190115877,TRDPGXU128F9339C2A,0.8376436529288706,TRTHFTG128F42550BC,0.8305199178109834,1,2,1,1,1,1,3,TRQWDRK128F4241A32,473.999537057569,TRBKQJB128F934EEF7,429.1281167174918,TRKGULH128F428C170,418.29655625886977,TRBKQJB128F934EEF7,0.33869774422179977,TRQWDRK128F4241A32,0.33136667791982893,TRGMVZO128E078607E,0.2966787916556457,TRRODLK128F934814F,255.71862293092394,TRNRSMW128F14624A1,236.32309442410303,TREEAAM128F4278BF4,232.93226609590172,TRRODLK128F934814F,0.4141790718805986,TRKGULH128F428C170,0.40662577823182794,TRQSIZR128EF362D3A,0.40483882745916694
TRQRAKE128F9322866,TRFUJVJ128F426F2A2,16833.0,TRWSYHO128F4282346,14552.0,TREBGAA128E078FC52,11823.0,TRFUJVJ128F426F2A2,19.58765000000001,TRWSYHO128F4282346,17.240024999999992,TREBGAA128E078FC52,14.244512499999995,3,TRNHSZN128F930FF03,653.8266923473883,TREUZWP128F421CBB7,650.1178606156367,TRPBTSJ128F42A3168,641.3667925605652,0,TRNHSZN128F930FF03,0.8240500724231242,TREUZWP128F421CBB7,0.8209644768440513,TRPBTSJ128F42A3168,0.8093392605993524,0,3,0,0,0,0,3,TRFUJVJ128F426F2A2,646.2360206841574,TRCHZXW128E079288A,521.483258808581,TRQWDRK128F4241A32,505.045334423845,TRFUJVJ128F426F2A2,0.34987039481548715,TRKGULH128F428C170,0.2891286136415113,TRQWDRK128F4241A32,0.28510139095436077,TREUMGR128E079338F,209.35855200886573,TRRFAZP128F426674F,205.67723840820884,TRQSIZR128EF362D3A,198.45701809006783,TRQSIZR128EF362D3A,0.3851111437354709,TRFUJVJ128F426F2A2,0.3809332321752007,TRIFVKW128F145C141,0.37059844259562075
TRCDAUA128E0784644,TRFUJVJ128F426F2A2,9611.0,TRWSYHO128F4282346,8460.0,TREBGAA128E078FC52,6725.0,TRFUJVJ128F426F2A2,11.013250000000001,TRWSYHO128F4282346,9.921140625000007,TREBGAA128E078FC52,8.03853906249999,3,TRWLKBS12903CC57D7,652.5828434680792,TRFYGMB128F425A7A2,646.0811666214487,TRISFKH128F9336E63,645.5670142889558,0,TRWLKBS12903CC57D7,0.8259639967078707,TRISFKH128F9336E63,0.8162256778666267,TRFYGMB128F425A7A2,0.8151545838093671,0,3,0,0,0,0,3,TRQWDRK128F4241A32,513.41095571429,TRFUJVJ128F426F2A2,496.78758905569225,TRDPGXU128F9339C2A,443.0986472444503,TRQWDRK128F4241A32,0.36690964181784863,TRBKQJB128F934EEF7,0.3431643817088224,TRHDXOY128F42B3BE9,0.3176350904944815,TRGVOYR128F9336E5A,243.8801289059224,TRLSQAR128F4263CBC,237.45955715047285,TRLGWGC128EF34DBAB,231.63337576731465,TRQWDRK128F4241A32,0.4106762747919475,TRLSQAR128F4263CBC,0.40758776342548014,TRGVOYR128F9336E5A,0.3997828554654358
TRBCPZS128F145ECC1,TRFUJVJ128F426F2A2,7559.0,TRQAWKR128F425EEC3,6921.0,TREZBFM128F428508A,6009.0,TRFUJVJ128F426F2A2,8.30565,TRQAWKR128F425EEC3,7.671228124999992,TREZBFM128F428508A,7.014250000000009,3,TRDXEIG128F4292FF1,484.89555916144764,TRWCKEI128E0780E47,484.7508621186918,TRAWSJK128F42767F2,477.0010077846085,0,TRWCKEI128E0780E47,0.6237764408472842,TRDXEIG128F4292FF1,0.6185799010369691,TRAWSJK128F42767F2,0.6064342889763552,0,3,0,0,0,0,3,TRQAWKR128F425EEC3,537.6366216256879,TRFUJVJ128F426F2A2,496.8694938811651,TRQWDRK128F4241A32,452.81532539755597,TRQAWKR128F425EEC3,0.4795931013418695,TROQUJK128F4254F90,0.381541863910591,TRJJNLV128F92DF509,0.36978071963133424,TRGANKE128F4275BFF,337.145756417806,TRJRCCY128F930C12F,334.60720341968755,TRDLFRY128F425CC13,295.25796849388314,TRJJNLV128F92DF509,0.417114190652964,TRGANKE128F4275BFF,0.4139108990687237,TRPHTZZ128F429349E,0.4118609570578755
TRWFVOW128E0793847,TRFUJVJ128F426F2A2,6947.0,TRDPGXU128F9339C2A,5817.0,TRQAWKR128F425EEC3,5648.0,TRFUJVJ128F426F2A2,7.7154500000000015,TRDPGXU128F9339C2A,6.461482812500005,TRQAWKR128F425EEC3,6.229840624999997,3,TRKKWMQ128F4266186,558.566121367426,TRJADED128E078FB2A,510.5282357184883,TRFOGZN128F42882B5,510.29059849553585,0,TRKKWMQ128F4266186,0.7168507480305717,TRJADED128E078FB2A,0.6613645872091801,TRKKHPA128F93148E5,0.6599652717296057,0,3,0,0,0,0,2,TRDPGXU128F9339C2A,429.62519894106714,TRQWDRK128F4241A32,404.194416189885,TRHKJVR128F42857EA,353.5113537665302,TREADOS128E078EC1F,0.2446704574656412,TRHKGFY128F42ACC54,0.24171241377704522,TRSHSSK128F42829E0,0.2401192727673161,TRJSVVI12903CA8185,204.68057614468924,TRSHSSK128F42829E0,186.14599636793238,TREADOS128E078EC1F,183.1575960791822,TRIFVKW128F145C141,0.3499569032375065,TRSHSSK128F42829E0,0.3399809291273505,TRJSVVI12903CA8185,0.3395500477647968
TRWZWOX128F935A084,TRFUJVJ128F426F2A2,5677.0,TRUEPSG128F149639E,5057.0,TRXHMID128F42BA902,5031.0,TRFUJVJ128F426F2A2,6.328049999999996,TRUEPSG128F149639E,6.0561375,TRXHMID128F42BA902,5.9818874999999965,3,TRJVRGE128F149E808,565.4022202732357,TRJZQSM128F92C4D1B,551.2550701354119,TRCYLAX128F42B0D01,549.0747610919357,0,TRJVRGE128F149E808,0.7159543389876427,TRJZQSM128F92C4D1B,0.6980204346348534,TRCYLAX128F42B0D01,0.6951663405273613,0,3,0,0,0,0,3,TRFUJVJ128F426F2A2,326.4766511511499,TRDPGXU128F9339C2A,233.15067837450115,TRCHZXW128E079288A,193.20322247395828,TRFUJVJ128F426F2A2,0.2262459032786449,TRWHWLL128F4264927,0.19550489260127338,TRCTLQY128F92F1539,0.17413877214803342,TRWHWLL128F4264927,292.2633457438722,TRUAHJY128F42704AB,266.48646504997606,TRCTLQY128F92F1539,257.11396707788555,TRWHWLL128F4264927,0.4020713423377803,TRWXSWA128F1456793,0.3791005863240237,TRCTLQY128F92F1539,0.3773877279247985
TRXGBGU128F935A092,TRFUJVJ128F426F2A2,6535.0,TRDPGXU128F9339C2A,5407.0,TRWSYHO128F4282346,5135.0,TRFUJVJ128F426F2A2,7.31085,TRDPGXU128F9339C2A,6.041307812499995,TRWSYHO128F4282346,5.858084375000002,3,TRVRIIT12903CD89B7,572.8308230919419,TRMXOMP128F427ECE8,562.6938356127271,TREAGMV128F933A01E,524.9999978185215,0,TRVRIIT12903CD89B7,0.734288180086579,TRMXOMP128F427ECE8,0.7169261586694056,TRJLMAI128F92EBB04,0.6744386318958402,0,3,0,0,0,0,2,TRDPGXU128F9339C2A,356.67081651684776,TRFUJVJ128F426F2A2,292.22198221970586,TRYHHPK128F42A4CAF,256.7144054561368,TRUPCGD128F4282340,0.22471271392706135,TRQMION128E078F6F6,0.21137643550968502,TRJASND128F92E6260,0.20906691957874649,TRGPGNA128F1495ABA,229.9057819588844,TREAGMV128F933A01E,221.47148929219492,TRUPCGD128F4282340,210.47923852997783,TREAGMV128F933A01E,0.3328399713462857,TRUPCGD128F4282340,0.3274258137500572,TRJASND128F92E6260,0.3199370303302673
TRFKPZK128F935A08D,TRUGLTC128F4227B93,6024.0,TRVLIZK128F428845E,5223.0,TRFUJVJ128F426F2A2,5089.0,TRUGLTC128F4227B93,7.210312500000032,TRVLIZK128F428845E,6.264374999999992,TRFUJVJ128F426F2A2,5.671250000000018,3,TRKZRCW128F4233621,559.5590934965435,TRXKSAZ12903CAFB8E,532.1154667715322,TRIRVHL128F92F5ECF,513.222692406629,0,TRKZRCW128F4233621,0.7042804296396256,TRXKSAZ12903CAFB8E,0.67081577954257,TRIRVHL128F92F5ECF,0.6507598774277561,0,3,0,0,0,0,3,TRWZUDO128F1495E26,268.5280863389824,TRFUJVJ128F426F2A2,258.64637328189644,TRQAWKR128F425EEC3,222.37732677191227,TRWZUDO128F1495E26,0.22821346279960547,TRYGRKO128F9343244,0.2067828774739429,TRLNRDG128F429C5E9,0.20095108526469377,TRLNRDG128F429C5E9,261.3126779204562,TRBRNTL128F9328C50,260.1284095689888,TRJAQUQ128F426757B,254.30495712878766,TRLNRDG128F429C5E9,0.36007441766758524,TRJAQUQ128F426757B,0.35982555765335034,TRBRNTL128F9328C50,0.35862532354552923
TRWVTDX128F931ECEF,TRFUJVJ128F426F2A2,8072.0,TRDPGXU128F9339C2A,7106.0,TRWSYHO128F4282346,5644.0,TRFUJVJ128F426F2A2,9.331,TRDPGXU128F9339C2A,8.247765625000008,TRBEBJO128C719646B,6.580796875000002,2,TROOJPJ128F14A2A86,614.4637926213449,TRKXFLD128F1479BC0,608.6477441976228,TRVQHEV128F4259AB2,597.4673162537588,0,TROOJPJ128F14A2A86,0.776999349082176,TRKXFLD128F1479BC0,0.769496976440744,TRXYREI128F4261E8F,0.7553429725110976,0,2,0,0,0,0,2,TRDPGXU128F9339C2A,253.24546214729418,TRZARUP128F9348146,248.242318574146,TRQWDRK128F4241A32,240.10681792090597,TRZARUP128F9348146,0.206594580660969,TRDFOXO128F42BBDCD,0.19556988536857647,TRHKGFY128F42ACC54,0.19400599403426205,TRGBUXG128F428E684,223.91027789912943,TRTQOTU128E0789689,192.72596202038412,TRQACQR128F931471A,190.5762866734794,TRZARUP128F9348146,0.302817071572276,TRGBUXG128F428E684,0.30087560324504936,TRTQOTU128E0789689,0.2958102184045927
TRWTZGX128F149535F,TRFUJVJ128F426F2A2,5985.0,TRDPGXU128F9339C2A,4891.0,TRBVPVV128F425F14F,4576.0,TRFUJVJ128F426F2A2,6.517549999999999,TRBVPVV128F425F14F,5.339626562500008,TRDPGXU128F9339C2A,5.307829687500003,3,TRSKTET128F42BBABC,511.5809099371991,TRATUIZ128F423B591,498.7337098465496,TRPLDIL128F4276880,494.64297929042243,0,TRSKTET128F42BBABC,0.6575173470477002,TRATUIZ128F423B591,0.6444180361569123,TRKIELV12903CA25E5,0.640770187106105,0,3,0,0,0,0,2,TRDPGXU128F9339C2A,467.2497797049494,TRQWDRK128F4241A32,356.57954192827015,TRFEGNP128F93462CB,304.75078679086965,TRDPGXU128F9339C2A,0.296254615961827,TRLUXWO128F14618D6,0.2569489847412347,TRQWDRK128F4241A32,0.2322450542994651,TRXTAPD128F145A606,237.44481671985477,TRSQUMU128F148CBBA,207.2375944664451,TRLUXWO128F14618D6,195.24592788112483,TRXTAPD128F145A606,0.37660926696406405,TRDPGXU128F9339C2A,0.35992776965022233,TRSQUMU128F148CBBA,0.34001864037428503
TRCACEF128F42434D7,TRFUJVJ128F426F2A2,4262.0,TRQLSLN12903CA37C3,3395.0,TRDPGXU128F9339C2A,3224.0,TRFUJVJ128F426F2A2,4.747900000000001,TRQLSLN12903CA37C3,4.1610625000000026,TRWSYHO128F4282346,3.593712499999998,2,TRQLSLN12903CA37C3,662.037605617233,TRTUWLC12903C94E7A,532.6647810225907,TRFWLYB128F4291502,341.1595605159146,1,TRQLSLN12903CA37C3,0.8286527685473251,TRTUWLC12903C94E7A,0.6742611420066916,TRFWLYB128F4291502,0.4323110927386168,1,2,1,1,1,1,3,TRQLSLN12903CA37C3,345.9327586687606,TRGUBSR128E0786082,333.03127039630834,TRGMVZO128E078607E,316.34596307794965,TRQLSLN12903CA37C3,0.4022943548546402,TRTUWLC12903C94E7A,0.29956273777868303,TRGUBSR128E0786082,0.2892900925687074,TRQLSLN12903CA37C3,393.6187910664661,TRTUWLC12903C94E7A,354.2705975784926,TRFWLYB128F4291502,305.2889985008437,TRQLSLN12903CA37C3,0.5067183426592576,TRTUWLC12903C94E7A,0.4654088964974745,TRFWLYB128F4291502,0.38622985084522315
TRCQNWN128F92EA07D,TRFUJVJ128F426F2A2,5138.0,TRWSYHO128F4282346,4480.0,TRDPGXU128F9339C2A,4091.0,TRFUJVJ128F426F2A2,5.7117999999999975,TRWSYHO128F4282346,5.135534375000002,TRDPGXU128F9339C2A,4.519407812500009,3,TRJVBYA128F93434FD,578.3796595091111,TRPWCMZ128F9300B63,577.9936102808267,TRBHNHZ128F42A6BEF,574.7081601234437,0,TRPWCMZ128F9300B63,0.7484972895490318,TRJVBYA128F93434FD,0.7442728902025324,TRBHNHZ128F42A6BEF,0.7378569294732891,0,3,0,0,0,0,3,TRBKQJB128F934EEF7,503.9094125887411,TRQWDRK128F4241A32,486.49503365366246,TRKGULH128F428C170,449.28997997644706,TRBKQJB128F934EEF7,0.43612703008612735,TRHKGFY128F42ACC54,0.35364403355740875,TRQWDRK128F4241A32,0.35220661406289316,TRYHHXT128F4276F89,302.6309293514148,TRBKQJB128F934EEF7,274.4928618951734,TRBFRZX128F9341EAE,274.23764949571984,TRYHHXT128F4276F89,0.4674221647032378,TRTNPZQ128F148C125,0.4518111039300029,TRISBQQ128F93217A2,0.4439715230399117
TRYHHXT128F4276F89,TRFUJVJ128F426F2A2,6437.0,TRDPGXU128F9339C2A,5453.0,TRWSYHO128F4282346,5239.0,TRFUJVJ128F426F2A2,7.158450000000001,TRDPGXU128F9339C2A,6.073803125000007,TRWSYHO128F4282346,5.968543749999991,3,TRBXUMD12903CBB64D,634.4534472228785,TRDQIWP128F9342105,609.7706334894915,TRQSBLH128F148CB93,609.2533709940853,0,TRBXUMD12903CBB64D,0.8092966735575772,TRDQIWP128F9342105,0.7825224390980428,TRQSBLH128F148CB93,0.7775343206630656,0,3,0,0,0,0,3,TRGUBSR128E0786082,631.2361109425408,TRHKJVR128F42857EA,628.7484258935214,TRPWYWW128F422E08E,591.5682891219003,TRGUBSR128E0786082,0.5670189801804407,TRHKJVR128F42857EA,0.544701375206367,TRPWYWW128F422E08E,0.5301975501628156,TRAFLMU128F4274A4D,348.25593788990295,TRPWYWW128F422E08E,344.3093116621328,TRJUUKB128F428E973,340.8153454536659,TRJUUKB128F428E973,0.5149050984487226,TRPWYWW128F422E08E,0.5129386683653441,TRAFLMU128F4274A4D,0.5099434154693455
TRIGDUK128E0784045,TRFUJVJ128F426F2A2,5629.0,TRDPGXU128F9339C2A,5095.0,TRWSYHO128F4282346,4948.0,TRFUJVJ128F426F2A2,6.212849999999998,TRDPGXU128F9339C2A,5.680159374999997,TRWSYHO128F4282346,5.64688124999999,3,TRCNKKU12903D0CD48,522.9123324624786,TRXRIRD128F930AADB,515.9231579134357,TRTHFTG128F42550BC,515.8539715861494,0,TRCNKKU12903D0CD48,0.6788064827768119,TRTHFTG128F42550BC,0.6691453207971828,TRXRIRD128F930AADB,0.6671982078043007,0,3,0,0,0,0,3,TRBKQJB128F934EEF7,579.7554700807658,TRQWDRK128F4241A32,511.71913666462603,TRKQJBJ128F4241A45,455.3344451025231,TRBKQJB128F934EEF7,0.559474211129981,TRQWDRK128F4241A32,0.42143102187713133,TRKQJBJ128F4241A45,0.4022019342159815,TRBKQJB128F934EEF7,307.7356064678341,TRCQOTP128F146300B,292.38483237259766,TRMVPVK128F93462DE,278.64621152588745,TRBKQJB128F934EEF7,0.4470214597882578,TRMVPVK128F93462DE,0.4222220645091675,TRCQOTP128F146300B,0.41274269742396213
TRNVKOI128E0799173,TRFUJVJ128F426F2A2,15031.0,TRDPGXU128F9339C2A,13137.0,TRWSYHO128F4282346,11084.0,TRFUJVJ128F426F2A2,17.187950000000022,TRDPGXU128F9339C2A,15.08253750000001,TRWSYHO128F4282346,12.808824999999997,3,TRPJILS128F9301616,689.2821924397562,TRJPNAE128F425FAFB,688.5737017730498,TRDPGXU128F9339C2A,684.3369085597064,1,TRPJILS128F9301616,0.8702964194888465,TRJPNAE128F425FAFB,0.8695694012122461,TRDPGXU128F9339C2A,0.8650766272567033,1,3,1,1,1,1,3,TRDPGXU128F9339C2A,732.9143327058459,TRFUJVJ128F426F2A2,681.0683421470002,TRQWDRK128F4241A32,588.43760077673,TRDPGXU128F9339C2A,0.3729596154494598,TRSLSWO128E0786285,0.36212135315646754,TRBERRB128F932D534,0.35849881194935834,TRPYYFJ128F42818FC,244.96195111640506,TRBERRB128F932D534,238.4242858210318,TRSLSWO128E0786285,236.15078498664874,TRDPGXU128F9339C2A,0.4410044249983309,TRSLSWO128E0786285,0.4375548241144815,TRBERRB128F932D534,0.4361953181647443
TRLVRJP128F93519FB,TRFUJVJ128F426F2A2,10509.0,TRDPGXU128F9339C2A,9207.0,TRWSYHO128F4282346,7901.0,TRFUJVJ128F426F2A2,11.790750000000001,TRDPGXU128F9339C2A,10.383539062499997,TRWSYHO128F4282346,8.996921875,3,TRVDTEO128F14956CF,643.7562860178618,TRDPGXU128F9339C2A,640.1264347559396,TRAQDFB128F4234E3B,636.2184096905505,1,TRVDTEO128F14956CF,0.818815366805303,TRDPGXU128F9339C2A,0.8161024490747625,TRAQDFB128F4234E3B,0.8084758026197649,1,3,1,1,1,1,3,TRFUJVJ128F426F2A2,616.1442595917335,TRDPGXU128F9339C2A,560.5686076981954,TRCHZXW128E079288A,536.2024520778019,TRFUJVJ128F426F2A2,0.2681705683088611,TRCHZXW128E079288A,0.26581762328096376,TRLZVNA128F1474A16,0.26086973765544136,TRBYYXH128F429F794,222.47654151193115,TRTDVZO128F146EB73,220.55348541065806,TRSAGOE128F4260C77,217.6238614938367,TRTDVZO128F146EB73,0.3854716359191622,TRSAGOE128F4260C77,0.3839130484619704,TRFUJVJ128F426F2A2,0.38298134798991784
TRBZXAC12903CBB0CE,TRFUJVJ128F426F2A2,10649.0,TRDPGXU128F9339C2A,8009.0,TRWSYHO128F4282346,7264.0,TRFUJVJ128F426F2A2,12.306150000000004,TRDPGXU128F9339C2A,9.170707812499995,TRWSYHO128F4282346,8.423134375000004,3,TRTAYPD128F42A4C9C,650.4651391356794,TRFPLQD128F92FFB52,645.3847407529244,TRKXFLD128F1479BC0,641.3860019007354,0,TRTAYPD128F42A4C9C,0.824366035372372,TRFPLQD128F92FFB52,0.8177630584938008,TRVUUKM128F425FB16,0.812877151116447,0,3,0,0,0,0,2,TRFUJVJ128F426F2A2,458.49763303997685,TRDPGXU128F9339C2A,360.74062671581675,TRGLNKG128F9307689,319.805910117849,TRFUJVJ128F426F2A2,0.24049938445384075,TRDFOXO128F42BBDCD,0.20420490197666458,TRPIELK128F931F06C,0.18645471835077346,TRPIELK128F931F06C,204.7205344853783,TRGXDVA128F9350A48,182.81447860836448,TRAYJOF128F92F9EEA,182.73766443768048,TRFUJVJ128F426F2A2,0.34728833197465986,TRPIELK128F931F06C,0.3379200227400892,TRAQDFB128F4234E3B,0.32053530329972957
TRUNSXQ128E078B97D,TRFUJVJ128F426F2A2,2939.0,TRUGLTC128F4227B93,2498.0,TRVLIZK128F428845E,2452.0,TRFUJVJ128F426F2A2,3.3195500000000004,TRUGLTC128F4227B93,2.9583937499999937,TRVLIZK128F428845E,2.9292875000000014,3,TRNCIOP128F426A93D,548.5419574992501,TRMBEML128F148D1C7,542.273966048356,TRZHFGK128F423B618,537.4747516900328,0,TRNCIOP128F426A93D,0.6976633312578044,TRMBEML128F148D1C7,0.6897901908854601,TRZHFGK128F423B618,0.6810213726814099,0,3,0,0,0,0,3,TRFUJVJ128F426F2A2,148.24382585511935,TRUWTMI128F92E3892,135.3641633897413,TRQWDRK128F4241A32,124.33863924889793,TRXWCAM128F4261C7C,0.10516530751243187,TRUWTMI128F92E3892,0.10235313245992456,TRNODEK128E07861DD,0.10225260238832531,TRFXTXA128F148206F,216.58518471093856,TRNZPAS128F148D3EB,207.3460964753483,TRQZPJS12903CD6FFB,200.55550655468576,TRNZPAS128F148D3EB,0.30542687421315967,TRQZPJS12903CD6FFB,0.2984291328644451,TRFXTXA128F148206F,0.29738054296489475
TRFUJLG128F4255312,TRFUJVJ128F426F2A2,6146.0,TRWSYHO128F4282346,5387.0,TRDPGXU128F9339C2A,5357.0,TRFUJVJ128F426F2A2,7.109800000000004,TRWSYHO128F4282346,6.359471875000009,TRDPGXU128F9339C2A,6.217314062499997,3,TRAZHNL12903CC1B6C,664.0685274363774,TRBWKZD128F428AAEB,659.6007600919546,TRKXFLD128F1479BC0,649.0276632886613,0,TRAZHNL12903CC1B6C,0.837945199176861,TRBWKZD128F428AAEB,0.8326642603915566,TRKXFLD128F1479BC0,0.819070083963102,0,3,0,0,0,0,3,TRFUJVJ128F426F2A2,232.01872798019326,TRDPGXU128F9339C2A,204.1596877636303,TRRKBRB128EF35E2DA,203.44014884724828,TRWTRMR128F1499D24,0.17513566424331287,TRRKBRB128EF35E2DA,0.1709657572135374,TRPUCBD128F428BB20,0.16467663690125472,TRPUCBD128F428BB20,264.0966092329249,TRKEINR128F4258B98,244.300475181942,TRWTRMR128F1499D24,240.84673026964253,TRPUCBD128F428BB20,0.38754610705228576,TRWTRMR128F1499D24,0.350071978304412,TRKEINR128F4258B98,0.3480347550559233
TRQPMHA128E078B979,TRFUJVJ128F426F2A2,8846.0,TRWSYHO128F4282346,8012.0,TRGLNKG128F9307689,6826.0,TRFUJVJ128F426F2A2,10.257099999999998,TRWSYHO128F4282346,9.491912499999994,TRGLNKG128F9307689,8.042581250000003,3,TRPWHQK128F9326149,592.3631696836454,TRHBWQF128F933687C,580.7870247198232,TRZEQMX128F42883EF,579.8593904335341,0,TRPWHQK128F9326149,0.7457744617225673,TRZEQMX128F42883EF,0.7317463099137409,TRHBWQF128F933687C,0.7307450668572184,0,3,0,0,0,0,3,TRYAWRN128F42792CB,270.8610471287011,TRFUJVJ128F426F2A2,253.18215131773053,TRFEEWH128F145174E,247.7510659604706,TRFEEWH128F145174E,0.2774306006541664,TRYAWRN128F42792CB,0.2619454299595462,TRGBRBV128F148194F,0.22021371081478935,TRFEEWH128F145174E,336.05408168354677,TRGBRBV128F148194F,292.79837430845475,TRUICTA128F92F0AFB,282.5577673784373,TRFEEWH128F145174E,0.4462807293622054,TRGBRBV128F148194F,0.39733233213358743,TRUICTA128F92F0AFB,0.3792284557700939
TRZPSAF128F9349767,TRUGLTC128F4227B93,2766.0,TRFUJVJ128F426F2A2,2715.0,TRVLIZK128F428845E,2651.0,TRUGLTC128F4227B93,3.267818749999998,TRVLIZK128F428845E,3.156887499999995,TRFUJVJ128F426F2A2,2.984350000000002,3,TROTCDE128F4267AB1,530.7072329179016,TRYIILA128F4281F96,493.0527164773119,TRDKRBH128F148AF14,490.9555259597416,0,TROTCDE128F4267AB1,0.6717406806374625,TRYIILA128F4281F96,0.6271205255021244,TRDKRBH128F148AF14,0.6246459926082454,0,3,0,0,0,0,3,TRDPGXU128F9339C2A,157.41910180732702,TRCEYQJ128E07862DE,117.51155860042907,TRFUJVJ128F426F2A2,115.13319182420759,TRJKRIH128F426697D,0.11718859431753806,TRWJOFH128F9314DAF,0.1117396015972581,TRNZNSR128F429F04B,0.11167442904375813,TRNZNSR128F429F04B,270.2417621030152,TRJKRIH128F426697D,254.53390589078353,TRYIILA128F4281F96,247.6443122138912,TRNZNSR128F429F04B,0.3704057058398399,TRJKRIH128F426697D,0.35486863509460764,TRYIILA128F4281F96,0.3423484893996136
TRAEPAC12903CE5DC8,TRFUJVJ128F426F2A2,4629.0,TRWSYHO128F4282346,4033.0,TRUGLTC128F4227B93,3503.0,TRFUJVJ128F426F2A2,5.4596499999999955,TRWSYHO128F4282346,4.827806250000003,TRUGLTC128F4227B93,4.227431249999995,3,TRGTQCP128F932573A,668.5145190896641,TRNFUML128F92E41EA,654.9180549375546,TRUBHKR128F427ECDE,653.8940977831221,0,TRGTQCP128F932573A,0.8396840181999419,TRNFUML128F92E41EA,0.8233483257866896,TRUBHKR128F427ECDE,0.8221095552280268,0,3,0,0,0,0,3,TRDPGXU128F9339C2A,122.96690931163815,TRFUJVJ128F426F2A2,113.03421836070298,TRGLNKG128F9307689,108.58727560211658,TRRZMLV128F9314D5E,0.09871762500343531,TRQGOOD128F429CD06,0.09144642418267006,TRYQPDL128F4265A48,0.0848631592346842,TREGVOT128F92F15C8,282.2340299600183,TRLGCXQ128F1496464,270.0257570897039,TRQCAIL128F425F0B0,249.05792204291382,TREGVOT128F92F15C8,0.3855359845938115,TRLGCXQ128F1496464,0.3724648100934476,TRRZMLV128F9314D5E,0.3483956121309203
TRMJMVW12903CD44F4,TRFUJVJ128F426F2A2,628.0,TREXCMT128F933D825,436.0,TRDPGXU128F9339C2A,412.0,TRFUJVJ128F426F2A2,0.6584999999999991,TREXCMT128F933D825,0.4870781250000006,TRFSCLD12903CD213F,0.45387500000000003,2,TRLKDAS128F14610D7,352.4903345611993,TRGAPEV12903D09678,349.512290548136,TRFJQMU128F4273B8F,339.39735522780995,0,TRLKDAS128F14610D7,0.4655051307245378,TRGAPEV12903D09678,0.45978957318854374,TRFJQMU128F4273B8F,0.45068090520852994,0,2,0,0,0,0,3,TRTCOWO128F930C444,94.07435492805851,TROPMTP128F931C9D8,84.62905631850757,TRDPGXU128F9339C2A,74.21078124469916,TROPMTP128F931C9D8,0.09410610432023057,TRTCOWO128F930C444,0.07988868827277938,TREMWFU12903CEB28F,0.07031089168028452,TROPMTP128F931C9D8,266.92109031683077,TREMWFU12903CEB28F,245.6614950137352,TRNIDUE12903CCD61D,230.89214386325398,TROPMTP128F931C9D8,0.36000752574789635,TREMWFU12903CEB28F,0.33026915458004097,TROLLRQ12903CF7205,0.2998663782212259
TRBXTYM128F930793B,TRFUJVJ128F426F2A2,5170.0,TRDPGXU128F9339C2A,4761.0,TRQAWKR128F425EEC3,4288.0,TRFUJVJ128F426F2A2,5.896699999999997,TRDPGXU128F9339C2A,5.478084374999998,TRWSYHO128F4282346,4.967731250000015,2,TRMTSMP128F92F621B,520.2850992578643,TRLRCZU128F1475FBA,518.2745164568868,TRTNPZQ128F148C125,516.9968598465882,0,TRMTSMP128F92F621B,0.6640112241959808,TRLRCZU128F1475FBA,0.6616251667757008,TRTNPZQ128F148C125,0.6597749337002387,0,2,0,0,0,0,3,TRHGZOJ128F14A2ED0,190.48518127640062,TRYCBLK12903CE6A0E,176.54215565240588,TRKCOFR128F42418DC,167.90578270448154,TROLRVR128F42437D1,0.17975213043539362,TREAUPB128F4266117,0.178283037303872,TRHGZOJ128F14A2ED0,0.17584773334115728,TRWLYED128E078A45F,229.67606990814278,TRRHMRE12903CE73EE,222.83513836165798,TROLRVR128F42437D1,220.04518222972757,TRWLYED128E078A45F,0.31519848869596817,TREAUPB128F4266117,0.3059154032334079,TRRHMRE12903CE73EE,0.3031122577165662
TRFORZM12903CDF88C,TRFUJVJ128F426F2A2,1674.0,TRDPGXU128F9339C2A,1136.0,TRQAWKR128F425EEC3,944.0,TRFUJVJ128F426F2A2,1.8992999999999969,TRDPGXU128F9339C2A,1.2584312499999997,TRQAWKR128F425EEC3,1.0143625000000014,3,TRCDUCG128F4262F0C,759.7614120004092,TRVOQHA12903CF601C,486.9463469958971,TRKHTKI128F92EA339,476.08567761451917,0,TRCDUCG128F4262F0C,0.9522158241939748,TRVOQHA12903CF601C,0.6323971716269889,TRKHTKI128F92EA339,0.6182285620531937,0,3,0,0,0,0,3,TRFUJVJ128F426F2A2,140.55452283788892,TRCDUCG128F4262F0C,119.47036806497668,TRKHTKI128F92EA339,107.62864370853355,TRCDUCG128F4262F0C,0.14133188757727722,TRFUJVJ128F426F2A2,0.09039368072738461,TRKHTKI128F92EA339,0.08624894588284773,TRCDUCG128F4262F0C,761.9569479663721,TRUNNVP128F147F8A9,200.4639882153175,TRPEWXU12903CE6EA2,194.47603258804074,TRCDUCG128F4262F0C,0.9548660651850563,TRUNNVP128F147F8A9,0.2931903874368352,TRPEWXU12903CE6EA2,0.2849800875057949
TREMJFY12903CF1630,TRFUJVJ128F426F2A2,1400.0,TRDPGXU128F9339C2A,806.0,TRUWTMI128F92E3892,714.0,TRFUJVJ128F426F2A2,1.5199999999999978,TRDPGXU128F9339C2A,0.8151562500000002,TRUWTMI128F92E3892,0.7785937500000004,3,TRGDFQG128F4264F30,415.0678782823598,TRMXXLD12903CD5C1B,408.1689090326115,TRJDKEI128F9337CDF,385.2607192900322,0,TRGDFQG128F4264F30,0.5324500101412878,TRMXXLD12903CD5C1B,0.5321206915650755,TRJDKEI128F9337CDF,0.5051737784923711,0,3,0,0,0,0,3,TRDPGXU128F9339C2A,137.3838143170771,TRFUJVJ128F426F2A2,133.62233500680802,TRDUSIG12903CA5FCB,124.26658682397971,TRIQUNM128F4285A01,0.11029004257132004,TRNQDAJ128F92F4AE0,0.1017018272965424,TRQYDIY128F4214A1A,0.09447688210037684,TRIQUNM128F4285A01,272.48766573599477,TRUFUBA128F14B0FA9,261.51621688027365,TRSTSNL128E0781C06,214.9657428697825,TRIQUNM128F4285A01,0.37034774025990536,TRUFUBA128F14B0FA9,0.3548767697506141,TRSTSNL128E0781C06,0.3055376381563647
TRKBPHV128F92E3B2D,TRFUJVJ128F426F2A2,1899.0,TRQAWKR128F425EEC3,1525.0,TRFLWJZ128F425C9E4,1354.0,TRFUJVJ128F426F2A2,2.152949999999999,TRQAWKR128F425EEC3,1.7169500000000013,TRFLWJZ128F425C9E4,1.57775,3,TRPNVGR128F1460F31,465.539800216828,TRQLVEF128F426370C,452.6116474672998,TRIDJMD128E078B984,450.5204237095765,0,TRPNVGR128F1460F31,0.6016092411518471,TRQLVEF128F426370C,0.5822395834631303,TRMKGXJ128F423A067,0.5797494446083384,0,3,0,0,0,0,2,TRFUJVJ128F426F2A2,119.68201383766205,TRGLNKG128F9307689,112.92803816313602,TRDPGXU128F9339C2A,111.10119720601219,TRKEHBK128F92F2780,0.10054153126140372,TRIMCYW12903CF18AA,0.09308749760070865,TRBCZNE12903D09503,0.08965541033997028,TRARSWT12903CB735E,228.78191390056313,TRHOXSK128F145C9F9,223.73989988465368,TRBCZNE12903D09503,217.6611341401848,TRARSWT12903CB735E,0.3191161754863027,TRHOXSK128F145C9F9,0.3125682714754412,TRBCZNE12903D09503,0.3071044801976042
TRHYGVQ12903D046A9,TRFUJVJ128F426F2A2,1572.0,TRDPGXU128F9339C2A,1120.0,TRWSYHO128F4282346,1070.0,TRFUJVJ128F426F2A2,1.7487999999999997,TRDPGXU128F9339C2A,1.2191968750000008,TRGLNKG128F9307689,1.196415625000001,2,TRFBASZ128F42317D3,468.97121876171354,TRTMJLR128F1463837,446.7739035541858,TREFQCV128F92FC88B,440.8462310996812,0,TRFBASZ128F42317D3,0.6035304042203067,TRTMJLR128F1463837,0.5788828223712844,TRLFKXW128F425B9A2,0.5754381238653518,0,2,0,0,0,0,2,TRGLNKG128F9307689,108.4702471385991,TRDPGXU128F9339C2A,106.83382730569578,TRFUJVJ128F426F2A2,106.25613969983968,TRTSJDG128F429B2BD,0.07984360058920655,TRYPZQG128E07999D6,0.07510708089594019,TRGQBAX128F426EFCA,0.07169323484638399,TRBCVSA128E0792027,192.5908147759264,TRPTSDT12903CF2175,180.39176925216526,TRNWXWI128F14A2CEF,178.18587288570188,TRBCVSA128E0792027,0.2837234156357952,TRPTSDT12903CF2175,0.2727691710732909,TRJFPFY128F932B628,0.26947779476131606
TRWIGSY128F92FE6B6,TRFUJVJ128F426F2A2,1247.0,TRQAWKR128F425EEC3,1090.0,TRDPGXU128F9339C2A,1004.0,TRFUJVJ128F426F2A2,1.3356499999999971,TRQAWKR128F425EEC3,1.1712281250000023,TRDPGXU128F9339C2A,1.0684265624999993,3,TRJWBUM128C7196B23,456.3926030662649,TRARREW128F92CD3D9,454.67931008831533,TRREMEE128F932A4C4,444.23617627625686,0,TRARREW128F92CD3D9,0.5853694070049635,TRJWBUM128C7196B23,0.5849201282374121,TRREMEE128F932A4C4,0.575161050162068,0,3,0,0,0,0,3,TRDPGXU128F9339C2A,134.9727794333725,TRDGICW128F42963E2,108.19392764540055,TRFFJLM128F148BCEF,100.76816140387774,TRPUUSG128E07953B7,0.08354979803390089,TRSWZCK128F423CD2E,0.08190730513300906,TRFPSCB128F4294AF9,0.08019311196384496,TRWAYCE128F9304FDF,221.561734341157,TRFIUPB128F4291360,201.60004213821762,TRFTIBH12903CFB937,196.8034546066081,TRWAYCE128F9304FDF,0.29652649480468934,TRFTIBH12903CFB937,0.2820733998434845,TREDTFM128F429484F,0.27790565008267726
TRHEGPE128F9311A85,TRDPGXU128F9339C2A,1997.0,TRFUJVJ128F426F2A2,1906.0,TRWSYHO128F4282346,1771.0,TRDPGXU128F9339C2A,2.2635140625000023,TRFUJVJ128F426F2A2,2.1042000000000005,TRWSYHO128F4282346,2.0318718750000087,3,TRUSMEO128F1469319,767.9047752764623,TRTFNGC128F9343C22,559.2581357816786,TRQGAOW128F92FBF94,555.285048947488,0,TRUSMEO128F1469319,0.9615489344015546,TRTFNGC128F9343C22,0.7078443967508355,TRQGAOW128F92FBF94,0.702430049446232,0,3,0,0,0,0,3,TRUSMEO128F1469319,211.53018990585548,TRFUJVJ128F426F2A2,146.15002723542452,TRGLNKG128F9307689,127.78191235266814,TRUSMEO128F1469319,0.2503171728348792,TRKUCYF12903D06F03,0.0974920721864155,TRBRZRE128E0783781,0.09731719121972249,TRUSMEO128F1469319,755.6473101203948,TRCOIXB128F93451E0,204.67063046770932,TRKEAKN12903CCA2E5,201.29049579274087,TRUSMEO128F1469319,0.9473557804305535,TRCOIXB128F93451E0,0.3073973886320073,TRQLYMS12903CE81DD,0.2759102154438124
TRWZCIQ12903C97881,TRFUJVJ128F426F2A2,3250.0,TRPZAPZ128F9341D3E,2375.0,TRDPGXU128F9339C2A,2150.0,TRFUJVJ128F426F2A2,3.7450999999999994,TRPZAPZ128F9341D3E,2.8628781250000004,TRGLNKG128F9307689,2.4669718749999974,2,TRPZAPZ128F9341D3E,593.6520241013404,TRTBBGQ128E078FE63,534.3134310801577,TRSEAVW128F429E22F,517.5531321168921,1,TRPZAPZ128F9341D3E,0.7486364422954158,TRTBBGQ128E078FE63,0.6800893517252719,TRSEAVW128F429E22F,0.6610104303769662,1,2,1,1,1,1,3,TRFUJVJ128F426F2A2,136.58115404504605,TRLVRJP128F93519FB,125.90272306384962,TRCDLUM128F9331CA9,101.35767287499024,TRQNQIX128F424EF1C,0.10724518050338083,TRCDLUM128F9331CA9,0.10042459522618939,TRLVRJP128F93519FB,0.09728918087006001,TRQNQIX128F424EF1C,251.44983635382957,TRJWAVI128F426602D,228.43585183358886,TRKEINR128F4258B98,227.16199703883754,TRQNQIX128F424EF1C,0.3496488683673867,TRKEINR128F4258B98,0.3186742712576989,TRMOZFR128F425F610,0.31367489186963493
TREENNZ128F145B67D,TRFUJVJ128F426F2A2,3712.0,TRDPGXU128F9339C2A,3221.0,TRGLNKG128F9307689,3085.0,TRFUJVJ128F426F2A2,4.281199999999997,TRDPGXU128F9339C2A,3.726193750000001,TRGLNKG128F9307689,3.63663125,3,TRFUZQB128F4235491,649.5015788527469,TRKAEFD128F428C723,635.7739414486362,TRZCHKB128F92CB740,613.0086767414682,0,TRFUZQB128F4235491,0.8169047955167411,TRKAEFD128F428C723,0.8020789901428723,TRZCHKB128F92CB740,0.7754714430742043,0,3,0,0,0,0,3,TROGOFF128F42827CE,135.7690022460165,TRDPGXU128F9339C2A,127.20461998967912,TRFUJVJ128F426F2A2,117.7755631438875,TROGOFF128F42827CE,0.1420719201390225,TROSAQJ128F92D308C,0.10761118728622915,TRAJVCL128F932A6F3,0.10477257178042786,TROSAQJ128F92D308C,260.9272481515353,TREQTXJ128F92FFE9C,254.12495818169293,TROGOFF128F42827CE,249.60769439898723,TROSAQJ128F92D308C,0.3754044664296681,TROGOFF128F42827CE,0.3513635367728779,TRJKYAO128F427420D,0.34473907904164586
TRVUYIL128F4275FAD,TRFUJVJ128F426F2A2,2218.0,TRDPGXU128F9339C2A,1625.0,TRLUXWO128F14618D6,1563.0,TRFUJVJ128F426F2A2,2.524100000000003,TRLUXWO128F14618D6,1.8627937499999845,TRDPGXU128F9339C2A,1.82351875,3,TRLUXWO128F14618D6,505.9683482330227,TRTYQXA128F147F7F8,459.63179261932976,TREFQCV128F92FC88B,455.8332347691472,1,TRLUXWO128F14618D6,0.6430775696660427,TRTYQXA128F147F7F8,0.5877345201340949,TREFQCV128F92FC88B,0.5832268370598154,1,3,1,1,1,1,3,TRDPGXU128F9339C2A,89.62135042658404,TRITESU128F425F778,84.87687021965766,TRCLVPW128F92F1ED1,83.55263095432842,TRITESU128F425F778,0.09458698485375132,TRCLVPW128F92F1ED1,0.08177878307919832,TRUKCBZ128F92F155C,0.07289204499185424,TRITESU128F425F778,263.90656387935536,TRSEDGR12903CF88B3,256.5400245043723,TRUKCBZ128F92F155C,213.1600347849634,TRITESU128F425F778,0.35571320494710923,TRSEDGR12903CF88B3,0.33750823863195634,TRUKCBZ128F92F155C,0.29708746037679234
TRHOXSK128F145C9F9,TRFUJVJ128F426F2A2,3398.0,TRWSYHO128F4282346,2878.0,TRDPGXU128F9339C2A,2441.0,TRFUJVJ128F426F2A2,3.9369999999999994,TRWSYHO128F4282346,3.394578125000005,TRHNOMB12903CB2544,2.8523671875000094,2,TRDNUNW128F933DB3D,588.0177950197325,TRJIQFW128F428DE49,575.7970869098516,TRDZHMB128F14925BA,567.088327619252,0,TRDNUNW128F933DB3D,0.7446471259315678,TRJIQFW128F428DE49,0.7308070669318518,TRDZHMB128F14925BA,0.7208331122794644,0,2,0,0,0,0,3,TRDPGXU128F9339C2A,136.87228209839526,TRFUJVJ128F426F2A2,117.61888041043052,TRDUSIG12903CA5FCB,111.74644994799203,TRDGEKV128F1487CCF,0.09795610244554716,TREABTP128F424B802,0.09619743380262655,TRFDIPO128F425B470,0.08993276309361202,TREABTP128F424B802,235.60613354243387,TRKBPHV128F92E3B2D,223.73989988465271,TRTMJLR128F1463837,217.06605870173067,TREABTP128F424B802,0.32934179795329754,TRTMJLR128F1463837,0.3167530251739916,TRKBPHV128F92E3B2D,0.3125682714754412
TRETXLU12903CD5688,TRFUJVJ128F426F2A2,3806.0,TRWSYHO128F4282346,2567.0,TRDPGXU128F9339C2A,2556.0,TRFUJVJ128F426F2A2,4.3665,TRWSYHO128F4282346,2.953218749999997,TRDPGXU128F9339C2A,2.8680156249999964,3,TRDBNWO12903CC8E18,606.7927371913207,TROMMRU128F4250C74,574.2598451084425,TRRGWST128F930E4AE,560.7428641578862,0,TRDBNWO12903CC8E18,0.7688021592271441,TROMMRU128F4250C74,0.73169100437109,TRRGWST128F930E4AE,0.7139231121911069,0,3,0,0,0,0,3,TRDPGXU128F9339C2A,245.95829135656967,TRFUJVJ128F426F2A2,216.99588554358525,TRDUSIG12903CA5FCB,156.40435703612525,TRDBNWO12903CC8E18,0.16008863520085564,TRDPGXU128F9339C2A,0.15808299381183166,TRAXQYP128F930458D,0.1357520266002753,TRDBNWO12903CC8E18,446.15725811717095,TRSYGTC128F1483C4B,245.92918471174949,TRKSGSC128F4288E48,238.8917437399703,TRDBNWO12903CC8E18,0.581871718519869,TRSYGTC128F1483C4B,0.3627531179171238,TRNVCTM128E0781AE2,0.3401306254319874
TRORBTM128F93368FB,TRWSYHO128F4282346,2451.0,TRDPGXU128F9339C2A,2307.0,TRFUJVJ128F426F2A2,2297.0,TRWSYHO128F4282346,2.8713500000000045,TRDPGXU128F9339C2A,2.637550000000001,TRFUJVJ128F426F2A2,2.57685,3,TRARHIC128F424B27B,526.4995379728199,TRMYJUA128F428A590,521.9780054004486,TRZRCGB128F146F82B,521.6163876693557,0,TRARHIC128F424B27B,0.667356774338222,TRMYJUA128F428A590,0.6613952399697519,TRZRCGB128F146F82B,0.6610822342429592,0,3,0,0,0,0,3,TRCUITI128F42982DB,101.25688285508971,TRFFJLM128F148BCEF,97.76905275570451,TRTVVYX128F9328DBA,94.75667440626809,TRCUITI128F42982DB,0.10365375671159777,TRGGHRZ128F427836C,0.09428769800742591,TROWYLI128F4263DB4,0.08782506904599385,TRDBOVM128F4268BB9,224.1358898146791,TRNUBEN12903CB7896,222.9260562363134,TRLFYKX128F1493334,219.30805450898845,TRDBOVM128F4268BB9,0.3077182050728292,TRLFYKX128F1493334,0.2997115066124613,TRNUBEN12903CB7896,0.2985566163011473
TRFCNIJ128F423F32E,TRDPGXU128F9339C2A,3481.0,TRFUJVJ128F426F2A2,3363.0,TROIJDA128F9341E70,3249.0,TRDPGXU128F9339C2A,4.070428125000002,TROIJDA128F9341E70,3.919128124999999,TRKLJAG128F42B31CF,3.8923437500000007,2,TRURGUR128F149409A,637.1628408217093,TRDQNSS128F4240C31,620.3687187169152,TRVVBPB128F4250C72,614.2849465504034,0,TRURGUR128F149409A,0.8008764409912635,TRDQNSS128F4240C31,0.7808365982363298,TRVVBPB128F4250C72,0.7738191946775766,0,2,0,0,0,0,3,TRFLWJZ128F425C9E4,126.53968304300484,TRDPGXU128F9339C2A,122.18812075992047,TRCHZXW128E079288A,112.08117021352642,TRFLWJZ128F425C9E4,0.10569157256468814,TRQQLZD128F425E9BC,0.0761444904196735,TRSARDQ128F4233F7E,0.07560801460884763,TRXZGWQ128E078E781,206.38450856982092,TRDZTFK12903D0CF13,189.84433495242888,TRSARDQ128F4233F7E,174.8278433012724,TRXZGWQ128E078E781,0.30189602931068865,TRDZTFK12903D0CF13,0.2892662515209629,TRFLWJZ128F425C9E4,0.2797792373133624
TRYNZAL128F1464B5A,TRFUJVJ128F426F2A2,5323.0,TRWSYHO128F4282346,5013.0,TRUGLTC128F4227B93,4160.0,TRFUJVJ128F426F2A2,6.205250000000001,TRWSYHO128F4282346,5.973140624999992,TRUGLTC128F4227B93,4.992203124999997,3,TRRBFPC12903CDF853,653.22309036055,TRGNWZK128F42960A4,649.3892299518972,TRDJYOH128F429B2F8,631.6578541082979,0,TRRBFPC12903CDF853,0.8221052713222236,TRGNWZK128F42960A4,0.8171996183834259,TRKKXHG128F421A24C,0.7968144145664815,0,3,0,0,0,0,2,TRCHZXW128E079288A,183.7077375810813,TRGHYGG12903CAC100,172.412758401551,TRFUJVJ128F426F2A2,166.72040301286108,TRGHYGG12903CAC100,0.15134267241366653,TRYPHVM128F42437C0,0.12237438086762255,TRGHZMA128F42838C2,0.1215231052798838,TRKKPGV128F426A2EE,213.99239220946433,TRHTANU12903CF09E2,211.3316257134634,TRNZNSR128F429F04B,209.72289983983472,TRHTANU12903CF09E2,0.3096789950541426,TRPVLRW12903CE7217,0.30884315330381895,TRNZNSR128F429F04B,0.3072870541344013
TRNGOHS128E0781235,TRFUJVJ128F426F2A2,3882.0,TRWSYHO128F4282346,3674.0,TRDPGXU128F9339C2A,3420.0,TRFUJVJ128F426F2A2,4.4776,TRWSYHO128F4282346,4.347490624999999,TREBGAA128E078FC52,4.044714062499994,2,TRYATVR128F4283D4A,638.4480420132896,TRQBHPO128F9307C8E,632.3994819589944,TRKLJAG128F42B31CF,616.4667189670993,0,TRYATVR128F4283D4A,0.8042621450617822,TRQBHPO128F9307C8E,0.79558930609822,TRKLJAG128F42B31CF,0.7747224262263515,0,2,0,0,0,0,3,TRDPGXU128F9339C2A,146.3877787801968,TRDGICW128F42963E2,129.36188249217125,TROYKQM128F428CCED,124.82527567456894,TRPJBLC128F933B748,0.1054022576955337,TRHQAPS128F42A51F4,0.1029375757227959,TRDGICW128F42963E2,0.09236072022916436,TRXKTZE128F1477152,246.11234214972737,TRRIJBS128F92F733A,243.83441864936302,TRUBWFL128F9316414,243.06158936380285,TRXKTZE128F1477152,0.33587268526217356,TRRIJBS128F92F733A,0.3352845411299019,TRBEWAM128F145CA91,0.3312362815570994
TRPPHPQ128F4258FFC,TRFUJVJ128F426F2A2,1880.0,TRFSCLD12903CD213F,1845.0,TRDPGXU128F9339C2A,1345.0,TRFSCLD12903CD213F,2.2411750000000037,TRFUJVJ128F426F2A2,2.0349,TRVDAHO128F92F231E,1.495804687500006,2,TRFGWTJ128E0783A47,487.1105237248485,TRNKIVH128F421D429,484.2029868022146,TRJOQXR128F92EB51A,481.29363017721283,0,TRNKIVH128F421D429,0.6187127253648694,TRFGWTJ128E0783A47,0.6162911634776579,TRJOQXR128F92EB51A,0.6137257989065713,0,2,0,0,0,0,3,TRDPGXU128F9339C2A,166.74153025094625,TRFUJVJ128F426F2A2,145.75266448082127,TRRRRDU128E0785197,143.64399822292896,TRRRRDU128E0785197,0.15351153587302965,TRVGXWV128F148640B,0.11858221734207905,TRQRAKE128F9322866,0.11851747967648503,TRMGLTT128F4275DDF,224.8567645696691,TRRRRDU128E0785197,220.43612694930883,TREFFEP128F1484DE6,208.41535188474614,TRMGLTT128F4275DDF,0.3193125281209023,TRRRRDU128E0785197,0.3078614110877942,TRMCHAV128F9306B8D,0.2835832604718127
TRSSOKM128F1464B5C,TRFUJVJ128F426F2A2,3704.0,TRWSYHO128F4282346,3049.0,TRDPGXU128F9339C2A,2970.0,TRFUJVJ128F426F2A2,4.2182999999999975,TRWSYHO128F4282346,3.5421906249999977,TREBGAA128E078FC52,3.5149390625000017,2,TRKLJAG128F42B31CF,573.8316697691567,TRGLGNR128F1487A6F,570.1614720114485,TRDQLTF128E0787809,559.8182122204004,0,TRGLGNR128F1487A6F,0.7243430639706159,TRKLJAG128F42B31CF,0.7219462124932764,TRYYRLU12903D082FF,0.7132739503730822,0,2,0,0,0,0,2,TRFUJVJ128F426F2A2,205.47261491174157,TRDPGXU128F9339C2A,202.21551373077324,TRKGULH128F428C170,168.5510870596286,TRNTGCI128F145E95C,0.11822496649122174,TRIJWAB128F148AA50,0.11330585932982513,TRDMCIO128F427252B,0.11291273595737347,TRIJWAB128F148AA50,221.02774290953246,TRNTGCI128F145E95C,217.83700499538702,TRKJSXZ128F148AF12,217.54501300402754,TRIJWAB128F148AA50,0.33758928987878956,TRNTGCI128F145E95C,0.3144192004964551,TRKJSXZ128F148AF12,0.3087414675186914
TRKMCAV128E0782298,TRFUJVJ128F426F2A2,2801.0,TRWSYHO128F4282346,2007.0,TRDPGXU128F9339C2A,1913.0,TRFUJVJ128F426F2A2,3.193049999999996,TRWSYHO128F4282346,2.3073312499999967,TRDPGXU128F9339C2A,2.1335093749999965,3,TRLQBZP12903CECC4A,492.4322247917987,TRWAKFC128F424561B,492.30913344063947,TRNHSZN128F930FF03,490.45389241181493,0,TRWAKFC128F424561B,0.6357729901878229,TRMRNDW128F4292475,0.6312851549806506,TRLQBZP12903CECC4A,0.6291416057782379,0,3,0,0,0,0,2,TRFUJVJ128F426F2A2,142.5120559172431,TRDPGXU128F9339C2A,138.28225229629555,TRNVKOI128E0799173,129.40185098031984,TRVMLEW128F425A82D,0.11073294764340266,TRTYLFM12903CD2C97,0.08808192020576781,TRIKLJK128F428C9A4,0.08764191741780669,TRAGGSB128F932E323,230.23842641225,TRLLIJZ128E0782FC2,216.18452190438862,TRQHCRN128F425E7FC,200.7017950523303,TRAGGSB128F932E323,0.31841435012220815,TRLLIJZ128E0782FC2,0.3076033083888296,TRQHCRN128F425E7FC,0.2987169523483235
TRBQFLA128F423F329,TRFUJVJ128F426F2A2,3054.0,TRDPGXU128F9339C2A,2646.0,TRWSYHO128F4282346,2505.0,TRFUJVJ128F426F2A2,3.4679000000000024,TRDPGXU128F9339C2A,3.015137500000002,TRWSYHO128F4282346,2.902774999999999,3,TRTPMBB128F42934F8,569.3725030762382,TRRQUHL128F4259E45,568.5885817096703,TRCHTBA128F92EAC62,568.0409222991293,0,TRTPMBB128F42934F8,0.7263399641309348,TRCHTBA128F92EAC62,0.723416799878318,TRRQUHL128F4259E45,0.7202896112367141,0,3,0,0,0,0,3,TRDPGXU128F9339C2A,191.6192789957735,TRCHZXW128E079288A,179.73888872052436,TRFUJVJ128F426F2A2,176.54033853608672,TRBDCAH128EF362D31,0.14991875797974696,TREZLSG128F9322A53,0.13269038711338765,TRBERRB128F932D534,0.12405583456657775,TRFPMSD128F427AB6B,242.33934422392065,TREZLSG128F9322A53,238.43181610265793,TRBDCAH128EF362D31,227.71974176245217,TRBDCAH128EF362D31,0.3541483412183478,TREZLSG128F9322A53,0.34786413212667283,TRFPMSD128F427AB6B,0.34241079581772227
TRCLZPO128F427CD3A,TRFUJVJ128F426F2A2,4157.0,TRDPGXU128F9339C2A,3183.0,TRBEBJO128C719646B,2584.0,TRFUJVJ128F426F2A2,4.777649999999998,TRDPGXU128F9339C2A,3.6286843749999944,TRBEBJO128C719646B,3.0215531250000036,3,TRDPGXU128F9339C2A,569.20443220382,TRZPHVT128F4298109,565.2432443706066,TREBQOW128F92C4549,560.8856185659548,1,TRDPGXU128F9339C2A,0.7287728118461179,TRZPHVT128F4298109,0.7211970909550356,TRJIUQV128F92C654D,0.7181582639713501,1,3,1,1,1,1,2,TRFUJVJ128F426F2A2,246.81449631597025,TRDPGXU128F9339C2A,206.51467145443846,TRDGICW128F42963E2,172.6417119483266,TRFUJVJ128F426F2A2,0.1481747411241609,TRPZYYZ128F4229F12,0.1339353678065739,TRDGICW128F42963E2,0.11733722204931286,TRVDYZC128F4268761,269.65256875008754,TRPZYYZ128F4229F12,222.08092105278058,TRTUJGV128EF3409B2,213.22426742738867,TRVDYZC128F4268761,0.3696852347935626,TRPZYYZ128F4229F12,0.3364244846424355,TRHCZNN12903CB1FFB,0.3112490197769911
TRWAPCT128F1494611,TRFUJVJ128F426F2A2,5872.0,TRWSYHO128F4282346,5743.0,TREBGAA128E078FC52,5142.0,TRWSYHO128F4282346,6.85257187499999,TRFUJVJ128F426F2A2,6.840900000000002,TREBGAA128E078FC52,6.244067187499993,3,TRQMZTE128F42B5074,619.4930967029545,TRGPUVY128F9313AD9,573.2934036044525,TRFGQTH128F1453D85,568.0745142440729,0,TRQMZTE128F42B5074,0.7803755978073242,TRGPUVY128F9313AD9,0.7214033419938675,TRFGQTH128F1453D85,0.7143962708611991,0,3,0,0,0,0,3,TRFUJVJ128F426F2A2,193.38687228843767,TRDPGXU128F9339C2A,189.85361489939118,TRLVRJP128F93519FB,161.79529804817003,TRQAWKR128F425EEC3,0.12498694807535081,TRLVRJP128F93519FB,0.12051578835673052,TRFUJVJ128F426F2A2,0.1066459433293183,TRONKCV128F92FA005,250.5262281755674,TRUWRTA128F92CEACE,211.50150347083152,TROZSRO128F1456A12,207.23673856265503,TRONKCV128F92FA005,0.3422549526618198,TRUWRTA128F92CEACE,0.3200169905892391,TROZSRO128F1456A12,0.29687398631702133
TRNBZVW128F92EE688,TRDPGXU128F9339C2A,1466.0,TRCHZXW128E079288A,1291.0,TRWSYHO128F4282346,1271.0,TRDPGXU128F9339C2A,1.5882234374999984,TRCHZXW128E079288A,1.4294015624999998,TRWSYHO128F4282346,1.3978531249999993,3,TRVYERM128F93137C1,424.4243866844505,TRDDTJP128F42437DA,416.7402373114099,TRIZEFA128F148582F,410.78878335830996,0,TRVYERM128F93137C1,0.5511063866647862,TRIZEFA128F148582F,0.5370846194594372,TRDDTJP128F42437DA,0.528870346493555,0,3,0,0,0,0,3,TRSABJR128F429C84B,393.32651410806966,TRRHCLC128F427D727,385.856464269451,TRIAELA128F149EEE6,371.5723573643205,TRSABJR128F429C84B,0.42271573715877286,TRRHCLC128F427D727,0.41184682149213875,TRMLZFP128F932290C,0.39075352914567135,TRGAKVA128F145FFC0,408.3423306720825,TRQFLBS128F933B566,364.61385382310857,TRDGOCB128F933B3C2,354.6199080544423,TRGAKVA128F145FFC0,0.5266704615144867,TRQFLBS128F933B566,0.4800116851029244,TRDGOCB128F933B3C2,0.46416970778074995
TRHZOEX128F93588AB,TRTLIKK128E07862DA,1301.0,TRFUJVJ128F426F2A2,1254.0,TRLINLH128F9346400,1110.0,TRTLIKK128E07862DA,1.495531250000006,TRFUJVJ128F426F2A2,1.3512999999999993,TRLINLH128F9346400,1.3034875,3,TRGVQSU128F4260009,423.17134947063937,TRDJIWI128F426498B,410.7321134624328,TRXCHEC128F42958D4,405.8248766272981,0,TRGVQSU128F4260009,0.54007117964669,TRDJIWI128F426498B,0.5344556251986885,TRXCHEC128F42958D4,0.526420330777086,0,3,0,0,0,0,3,TRDPGXU128F9339C2A,131.7131543774416,TRAVDBM128EF35E257,112.81487606238113,TRFUJVJ128F426F2A2,112.15892619672279,TRYPZQG128E07999D6,0.11448007142712292,TRAVDBM128EF35E257,0.10400699878884087,TREXDDS128F4277776,0.08598000684283352,TRYPZQG128E07999D6,236.40434186798117,TRIGZIY128F42348C1,219.92602073114998,TROASXG128F932E1CE,205.59732811818031,TRYPZQG128E07999D6,0.33569434830930023,TRIGZIY128F42348C1,0.30615134610983813,TROASXG128F932E1CE,0.2883951067603858
TREOPOB128F427CD42,TRFUJVJ128F426F2A2,2258.0,TRDPGXU128F9339C2A,1667.0,TRFLWJZ128F425C9E4,1444.0,TRFUJVJ128F426F2A2,2.505100000000001,TRDPGXU128F9339C2A,1.8183156249999994,TRFLWJZ128F425C9E4,1.6400468750000021,3,TRXWSOU128F42662B0,481.3200645606378,TRYEMLL128F42796B1,479.62453688811024,TRJIBBZ128F425149A,479.0968448374718,0,TRXWSOU128F42662B0,0.6294858390015771,TRJIBBZ128F425149A,0.6264482454202317,TRYEMLL128F42796B1,0.6198494574872324,0,3,0,0,0,0,3,TRFUJVJ128F426F2A2,215.98852038262933,TRDPGXU128F9339C2A,172.88377437962927,TRBERRB128F932D534,154.55402659078177,TRFUJVJ128F426F2A2,0.13002172797159198,TRFPJDH128F93480A3,0.11750679097406587,TRBERRB128F932D534,0.11534948726722515,TRFPJDH128F93480A3,211.38695196316675,TRAUQNG128F429B062,201.38925210330905,TREDVYB128F4258236,196.27716172518046,TRFPJDH128F93480A3,0.31023028060075586,TRAUQNG128F429B062,0.29426016100888863,TRGJSOU128F4271EF3,0.2871102010404737
TRELLQK128F147AD94,TRFUJVJ128F426F2A2,4951.0,TRWSYHO128F4282346,3945.0,TRGLNKG128F9307689,3365.0,TRFUJVJ128F426F2A2,5.77475,TRWSYHO128F4282346,4.660687499999997,TRGLNKG128F9307689,3.9528437500000018,3,TRWLKBS12903CC57D7,585.7355810190152,TRMVVDP128E0787806,578.8936410207968,TRONQKR12903CA1A0B,578.1847258878136,0,TRWLKBS12903CC57D7,0.7428970589282737,TRMVVDP128E0787806,0.7337352353811268,TRONQKR12903CA1A0B,0.7309337625427584,0,3,0,0,0,0,3,TRFUJVJ128F426F2A2,222.51776441768874,TREOXDU12903CD0E5E,200.389155489715,TRWHPVV128F149D0F0,195.46602170540726,TRWHPVV128F149D0F0,0.21709095341693757,TRKFCPW128F149FABF,0.21063998051678556,TRGNWDX128F9309449,0.20154881445044517,TRIRGHL128F92C44F1,280.1699056483279,TRWDTRZ12903CB01D2,239.181830660178,TRKFCPW128F149FABF,236.25675905250765,TRIRGHL128F92C44F1,0.35310558699115824,TRWDTRZ12903CB01D2,0.32060135787154764,TRKFCPW128F149FABF,0.31746538088242326
TRMOHUN128F424DEE6,TRUGLTC128F4227B93,2902.0,TRFUJVJ128F426F2A2,2801.0,TRBEBJO128C719646B,2711.0,TRUGLTC128F4227B93,3.3941281249999973,TRBEBJO128C719646B,3.137926562500003,TRFUJVJ128F426F2A2,2.997549999999998,3,TRDIOJU128F931BF15,458.55746738444884,TRIIMSD128F14739FD,418.0697433067269,TRYZACI128F4298560,408.72745198701875,0,TRDIOJU128F931BF15,0.5850156522938843,TRIIMSD128F14739FD,0.5386758590549793,TRYZACI128F4298560,0.5241248337542679,0,3,0,0,0,0,3,TRDIOJU128F931BF15,201.39091191071603,TRRZXBK128F1458418,175.2062733707612,TREMJCL128F1484AB4,159.75715016531444,TRDIOJU128F931BF15,0.23179015293386096,TRRZXBK128F1458418,0.18665564438557336,TREMJCL128F1484AB4,0.18262406547621768,TRDIOJU128F931BF15,320.77468272954604,TREMJCL128F1484AB4,294.2056208789794,TRLZUOM128F42854C5,232.84335500271365,TRDIOJU128F931BF15,0.4209489384911442,TREMJCL128F1484AB4,0.38876848906596245,TRLZUOM128F42854C5,0.3164534215110591
TRSPEPD128F147AD9A,TRFUJVJ128F426F2A2,5940.0,TRWSYHO128F4282346,5442.0,TRDPGXU128F9339C2A,5336.0,TRFUJVJ128F426F2A2,6.735000000000022,TRWSYHO128F4282346,6.351562500000007,TRDPGXU128F9339C2A,6.0929687499999705,3,TRLNQSB128F933844C,757.6561865133726,TRARHIC128F424B27B,574.7343762805195,TRJIONO128F1452C88,557.8316421029472,0,TRLNQSB128F933844C,0.9492431078620265,TRARHIC128F424B27B,0.7272569055470027,TRJIONO128F1452C88,0.710505587422134,0,3,0,0,0,0,3,TRLNQSB128F933844C,336.2886964769409,TRDPGXU128F9339C2A,205.08739534103663,TRFUJVJ128F426F2A2,200.75550217832293,TRLNQSB128F933844C,0.38731201531199383,TREADOS128E078EC1F,0.1661064359309962,TRGBXNB128F428CC3B,0.16148861648439403,TRLNQSB128F933844C,720.9943315401933,TRPNIKB12903CE690B,269.9992742309459,TRGBXNB128F428CC3B,259.8698752167459,TRLNQSB128F933844C,0.9081565629861232,TRGBXNB128F428CC3B,0.3637861808791981,TRXGRBD128F4261C72,0.36122355995438854
TRAQUUU128F147A689,TRFUJVJ128F426F2A2,4460.0,TRDPGXU128F9339C2A,4131.0,TROIJDA128F9341E70,3401.0,TRFUJVJ128F426F2A2,4.995400000000001,TRDPGXU128F9339C2A,4.679043750000007,TREBGAA128E078FC52,4.034481249999988,2,TRPNPXS128F424F339,488.39923600143334,TRAYKJD128F932E569,477.4427749679735,TRAFLMU128F4274A4D,472.2724406347973,0,TRPNPXS128F424F339,0.6276703600726269,TRAYKJD128F932E569,0.6120088147723041,TRAFLMU128F4274A4D,0.607916504603817,0,2,0,0,0,0,3,TRFUJVJ128F426F2A2,228.31889178298928,TRHGZOJ128F14A2ED0,210.44765214675022,TRYHHPK128F42A4CAF,208.84595827326342,TRALNTK12903CF4AF6,0.2070419924220242,TRHGZOJ128F14A2ED0,0.1716346804220865,TREMIDG128F92E5580,0.16667802342026977,TRSFDTK12903CC189F,287.0408989734094,TRALNTK12903CF4AF6,284.45618400221275,TRKNLOA128F4272646,282.6342374621845,TRALNTK12903CF4AF6,0.39507451894654105,TRSFDTK12903CC189F,0.38811355749478665,TRKNLOA128F4272646,0.3586338059456363
TREIANS128F147AD97,TRFUJVJ128F426F2A2,9817.0,TRDPGXU128F9339C2A,8300.0,TRWSYHO128F4282346,7863.0,TRFUJVJ128F426F2A2,11.33284999999999,TRDPGXU128F9339C2A,9.590237499999992,TRWSYHO128F4282346,9.215474999999987,3,TRDPNYI12903D0517A,667.2246246641138,TRKLJAG128F42B31CF,665.12203589762,TRCTLQY128F92F1539,653.2435265394889,0,TRDPNYI12903D0517A,0.8400588906766766,TRKLJAG128F42B31CF,0.8329673339203951,TRCTLQY128F92F1539,0.822059213363587,0,3,0,0,0,0,3,TRFUJVJ128F426F2A2,402.8011412966415,TRDPGXU128F9339C2A,351.52285313465137,TRIFVKW128F145C141,270.64981066403607,TRFUJVJ128F426F2A2,0.22194601556134516,TRIFVKW128F145C141,0.182784414184241,TRDPNYI12903D0517A,0.1653492023855933,TRFXHZR128F92F6BFF,226.0301159241175,TRTPFAP128F92FE92B,220.73878306102057,TRWLKVE128F92D5BCC,212.34717587384014,TRFXHZR128F92F6BFF,0.35371509841981047,TRTPFAP128F92FE92B,0.337578016271736,TRIFVKW128F145C141,0.33332870019572775
TRPWTNZ128F147AD9F,TRFUJVJ128F426F2A2,4859.0,TRDPGXU128F9339C2A,4484.0,TRWSYHO128F4282346,3974.0,TRFUJVJ128F426F2A2,5.455050000000003,TRDPGXU128F9339C2A,5.087595312499993,TRWSYHO128F4282346,4.563159375000005,3,TRQSIZR128EF362D3A,570.7924564592043,TRTPMBB128F42934F8,567.0394239849331,TRMBNRH12903D02C23,562.0759004458465,0,TRQSIZR128EF362D3A,0.7295200646140947,TRTPMBB128F42934F8,0.7242958708268249,TRMBNRH12903D02C23,0.7147628554624083,0,3,0,0,0,0,3,TRFUJVJ128F426F2A2,267.43634462094934,TRDPGXU128F9339C2A,226.37092833747036,TRMZUWA12903C9AF06,206.15217742575595,TRVLIZK128F428845E,0.1690708629856862,TRNWQYN128F4284F1D,0.16901424050229635,TRYJEQX128F4287555,0.15461517741009953,TRUSTCJ128F4259305,222.33309736759753,TRTPLZP128F426AC13,214.62005327855582,TRCTHSQ12903CA82D3,201.37453820942184,TRUSTCJ128F4259305,0.3160239013282646,TRTPLZP128F426AC13,0.3124110286490902,TRNEUEW128F9330D05,0.30533263034888636
TRNDNKN12903CC8A4C,TRFUJVJ128F426F2A2,7297.0,TRWSYHO128F4282346,6537.0,TRDPGXU128F9339C2A,5055.0,TRFUJVJ128F426F2A2,8.304750000000002,TRWSYHO128F4282346,7.6376406249999915,TREBGAA128E078FC52,5.847414062499979,2,TRZBVZA128F429C955,507.743434465014,TRFFMKD128F42303A4,507.4568720519074,TRQPVSP128F92E6DCC,504.1402056662049,0,TRFFMKD128F42303A4,0.6545102826679078,TRZBVZA128F429C955,0.6542646757730994,TRQPVSP128F92E6DCC,0.6486180987691934,0,2,0,0,0,0,3,TRFUJVJ128F426F2A2,371.76248399747124,TRGHYGG12903CAC100,281.07472377394765,TRDPGXU128F9339C2A,264.7038836389468,TRGHYGG12903CAC100,0.2574664098699561,TRFUJVJ128F426F2A2,0.22511393975252333,TRVCBFB128F42832A4,0.20201863390558206,TRFRWCW128F9316687,264.48370955026115,TRGHYGG12903CAC100,234.96597527109537,TRIGERV128F1478764,224.09332260640616,TRFRWCW128F9316687,0.3714665292725678,TRGHYGG12903CAC100,0.3615699065059029,TRIGERV128F1478764,0.3545377440867611
TRJALGV12903D0447E,TRUGLTC128F4227B93,3082.0,TRVLIZK128F428845E,3028.0,TRFUJVJ128F426F2A2,2730.0,TRUGLTC128F4227B93,3.723559375000005,TRVLIZK128F428845E,3.6783687500000055,TRFUJVJ128F426F2A2,3.1342000000000017,3,TRSUMJS12903CA98EE,567.4325738785012,TRKZRCW128F4233621,539.383166742982,TRXKSAZ12903CAFB8E,534.9262901024375,0,TRSUMJS12903CA98EE,0.7153791078828564,TRKZRCW128F4233621,0.6791598801046382,TRXKSAZ12903CAFB8E,0.6737487430261436,0,3,0,0,0,0,3,TRFUJVJ128F426F2A2,109.10501663112953,TRDPGXU128F9339C2A,106.67863873036687,TRKWRJT128F42BC234,97.4900316007347,TRKWRJT128F42BC234,0.10528428104702303,TRZFNKJ128F428D877,0.10212994190563388,TRUAZZD128F932A9EB,0.09830112605485838,TRUAZZD128F932A9EB,309.32247673719525,TRZUYPV12903CBA482,276.6113457026496,TRNVHDM128F4257502,271.9279787704185,TRUAZZD128F932A9EB,0.4049181566717205,TRZUYPV12903CBA482,0.36750114544241286,TRNVHDM128F4257502,0.3629435727482471
TRPQFJA128F145AC60,TRFUJVJ128F426F2A2,1799.0,TRDPGXU128F9339C2A,1739.0,TRFLWJZ128F425C9E4,1620.0,TRFUJVJ128F426F2A2,1.9336499999999963,TRDPGXU128F9339C2A,1.9102390624999968,TRFLWJZ128F425C9E4,1.8612421875000025,3,TRCYEZX128F9336C8E,446.9677690843602,TRTAMAU128F4291473,411.2700769711048,TRNFNNE128F14A94F7,398.7162602463471,0,TRCYEZX128F9336C8E,0.5792850446739107,TRTAMAU128F4291473,0.5339097178395226,TRNFNNE128F14A94F7,0.5186392549293459,0,3,0,0,0,0,3,TRRVXQX128F429A0C4,173.2671674070346,TRKKUWM128F92E4E1C,170.42372935050435,TREUHLN128F148B499,165.51420187725904,TRRVXQX128F429A0C4,0.18301333159866065,TRKKUWM128F92E4E1C,0.1830101979127897,TRXFJGZ128F1474655,0.17573853832737082,TRPBFRW128F42902F1,333.9193186384968,TRWKLLM12903CA67BA,304.8100385260539,TRISBOH128E0788AC8,299.7833721626465,TRPBFRW128F42902F1,0.42530006731416586,TRWKLLM12903CA67BA,0.3981447168868385,TRISBOH128E0788AC8,0.3933621552548301
TRHBSKB128E07924CB,TRTHNFG12903D0CE54,3303.0,TRLRQUX128F932ECC5,2942.0,TRWAGNG128F4286598,2858.0,TRTHNFG12903D0CE54,3.9584296875000096,TRLRQUX128F932ECC5,3.598554687499993,TRWAGNG128F4286598,3.4569375000000058,3,TRLRQUX128F932ECC5,646.4019713847616,TRRGVQK128F423B513,641.520687180599,TRIBWOP128F92E4E17,619.3319202519536,1,TRLRQUX128F932ECC5,0.8113457523147225,TRRGVQK128F423B513,0.8053881780570903,TRIBWOP128F92E4E17,0.7780688835356941,1,3,1,1,1,1,3,TRTHNFG12903D0CE54,653.068705187495,TRIJHLY12903D0CE4D,631.9307890801298,TRQEFSL12903CAAC57,584.170423447903,TRTHNFG12903D0CE54,0.7421473172916332,TRIJHLY12903D0CE4D,0.7176347690627009,TRQEFSL12903CAAC57,0.6800607171318426,TRBCLJB128F93423D0,553.9262634591375,TRKJMJN128EF34E2FC,547.2516244339605,TRENEPN128F148867B,511.3813056256599,TRBCLJB128F93423D0,0.7017821726387734,TRKJMJN128EF34E2FC,0.6947394440573373,TRENEPN128F148867B,0.6516919550156204
TRBSLQC128F9333C5D,TRTHNFG12903D0CE54,2333.0,TRIJHLY12903D0CE4D,1857.0,TRWQZXS128F92DB731,1581.0,TRTHNFG12903D0CE54,2.8021750000000067,TRIJHLY12903D0CE4D,2.2206749999999973,TRWQZXS128F92DB731,1.9164000000000028,3,TRNKQFR128F93425A3,636.5468721000865,TRHXEXY128F93167E9,635.5045499808393,TRZVPJH128F931D774,609.3423149766012,0,TRNKQFR128F93425A3,0.7998713666928152,TRHXEXY128F93167E9,0.798463415818205,TRZVPJH128F931D774,0.768230608501723,0,3,0,0,0,0,3,TRTHNFG12903D0CE54,559.9514344721199,TRIJHLY12903D0CE4D,516.0634078317853,TRDVUEH12903D0FAA9,477.2309784662757,TRTHNFG12903D0CE54,0.6247114226175684,TRIJHLY12903D0CE4D,0.5717879912338482,TRXEKAS128F423B50E,0.5362090125838087,TRDWJYF12903CB161A,451.8047949953488,TREHRGV128F93071D3,444.503279778978,TRBNNFU128F932ECCB,438.00371175402705,TRDWJYF12903CB161A,0.5806817989316969,TREHRGV128F93071D3,0.5722922006571776,TRASSZL128F428FA5D,0.5655323509964537
TRGJXTC128F4278ECC,TRTHNFG12903D0CE54,2618.0,TRIJHLY12903D0CE4D,2117.0,TRWAGNG128F4286598,1872.0,TRTHNFG12903D0CE54,3.1608015624999974,TRIJHLY12903D0CE4D,2.547770312500003,TRWAGNG128F4286598,2.2642124999999975,3,TRBGUUF128F9334B97,644.8381004383566,TRGALDE128F9306AA7,633.4299341548277,TRDXBBP128F1474CFD,632.5828231572976,0,TRBGUUF128F9334B97,0.8097341995030434,TRGALDE128F9306AA7,0.7957888817872214,TRDXBBP128F1474CFD,0.7945766632425001,0,3,0,0,0,0,3,TRTHNFG12903D0CE54,613.4900258830596,TRIJHLY12903D0CE4D,565.0241588028721,TRDVUEH12903D0FAA9,532.9770133940896,TRTHNFG12903D0CE54,0.7071264124414802,TRIJHLY12903D0CE4D,0.648081874139511,TRDVUEH12903D0FAA9,0.6156667648401223,TRNMIBF12903D1125E,530.4900726050572,TREIAZT128F425EEF4,520.1678422111331,TRFGZHR128F92F3434,501.40378329750916,TRNMIBF12903D1125E,0.6754144487201396,TREIAZT128F425EEF4,0.6599215533437215,TRFGZHR128F92F3434,0.6387425998598528
TRQEQHH12903CA6CE5,TRTHNFG12903D0CE54,3176.0,TRTJLTW12903CFF1E9,2689.0,TRWQZXS128F92DB731,2671.0,TRTHNFG12903D0CE54,3.817107812500002,TRTJLTW12903CFF1E9,3.275304687500009,TRWQZXS128F92DB731,3.258534374999998,3,TRHUGTY128F92F1FCE,643.2075609368533,TRRGVQK128F423B513,641.1083931835058,TRXICIN12903CD26F1,638.8817222337094,0,TRHUGTY128F92F1FCE,0.8069001678014539,TRRGVQK128F423B513,0.8048195108405131,TRXICIN12903CD26F1,0.8022013139991617,0,3,0,0,0,0,3,TRTHNFG12903D0CE54,653.7299967133686,TRMTPJG128F428F66B,602.4075495353924,TRIJHLY12903D0CE4D,585.8106407026463,TRTHNFG12903D0CE54,0.7365147909032843,TRMTPJG128F428F66B,0.6774552510320264,TRIJHLY12903D0CE4D,0.6536917213880042,TRWHWCD128E0788AF3,545.1427765537672,TRFASPF128F4277844,537.4322418007296,TRMYHXH128F14A232D,500.8797345322017,TRWHWCD128E0788AF3,0.6924265393682871,TRFASPF128F4277844,0.6846491784216401,TRMYHXH128F14A232D,0.6405520044617257
TRXMTST12903CCD9E1,TRTHNFG12903D0CE54,1910.0,TRIJHLY12903D0CE4D,1524.0,TRSABJR128F429C84B,1327.0,TRTHNFG12903D0CE54,2.2884765625000076,TRIJHLY12903D0CE4D,1.8176953125000028,TRRHCLC128F427D727,1.567539062499999,2,TRIXDIY128F425CDB4,624.1943897882867,TRLDVRO128F42941FD,609.4232915595621,TROIQZW128F9314A09,602.9302309930448,0,TRIXDIY128F425CDB4,0.7852584688314189,TRLDVRO128F42941FD,0.7665407811673396,TROIQZW128F9314A09,0.7589095832130647,0,2,0,0,0,0,3,TRIJHLY12903D0CE4D,557.8329980450914,TRXEKAS128F423B50E,514.948215722667,TRMTPJG128F428F66B,488.0113072379495,TRIJHLY12903D0CE4D,0.6314757098113912,TRXEKAS128F423B50E,0.6012701737282635,TRAWUCS128F92FAA8E,0.5505644790153379,TRUDLAI128F9317944,530.3860569882357,TRAWUCS128F92FAA8E,529.8820494325723,TRAXMWV128F14612AB,521.1091595064727,TRAWUCS128F92FAA8E,0.6752684264573231,TRUDLAI128F9317944,0.6735461987718505,TRAXMWV128F14612AB,0.6632043856193671
TRAQEOP12903CA65E2,TRTHNFG12903D0CE54,1271.0,TRIJHLY12903D0CE4D,1038.0,TRUKWZW128F92CADC2,939.0,TRTHNFG12903D0CE54,1.5190375,TRIJHLY12903D0CE4D,1.2360375000000023,TRUKWZW128F92CADC2,1.1198499999999991,3,TRPMUDQ128F425218E,666.1261359958603,TRCTWGR128F9336F07,651.5928857418604,TROBWIG12903CB0FD7,628.6409489479075,0,TRPMUDQ128F425218E,0.8362489262818654,TRCTWGR128F9336F07,0.8188561345120972,TROBWIG12903CB0FD7,0.7903073371354952,0,3,0,0,0,0,3,TRTHNFG12903D0CE54,465.0835469896919,TRIJHLY12903D0CE4D,432.0265049664385,TRDVUEH12903D0FAA9,420.6751634803906,TRTHNFG12903D0CE54,0.5263500518068167,TRIJHLY12903D0CE4D,0.48644473501287067,TRDVUEH12903D0FAA9,0.4792939083310799,TRPMUDQ128F425218E,551.3382085029514,TRIKCWM128F92E54E7,537.584412351731,TRCGFAS128F9315CEE,520.2879766193158,TRPMUDQ128F425218E,0.6999615367476244,TRIKCWM128F92E54E7,0.6865415217265854,TRKJMJN128EF34E2FC,0.6623917883948305
TRSRORJ128E0791C74,TRZZQIP128F92EFEAD,1407.0,TRDOJIR128F42840C0,1343.0,TRTHNFG12903D0CE54,1222.0,TRZZQIP128F92EFEAD,1.7076250000000015,TRDOJIR128F42840C0,1.6327499999999986,TRTHNFG12903D0CE54,1.4641250000000001,3,TRGEHSC128F9334DD1,609.4674872353683,TRQNPKL128F9309215,597.162877889687,TRLQZLU128F42942A7,594.6116861435855,0,TRGEHSC128F9334DD1,0.7668571851736232,TRQNPKL128F9309215,0.752991291300014,TRLQZLU128F42942A7,0.7472755860636138,0,3,0,0,0,0,3,TRTHNFG12903D0CE54,441.89746345117857,TRIJHLY12903D0CE4D,387.37417067738005,TRCQGRH128F429222F,368.36810196899245,TRTHNFG12903D0CE54,0.5057475143688763,TRIJHLY12903D0CE4D,0.4387936548640284,TRCQGRH128F429222F,0.43320822867879544,TRMGUNA128F92E4CC0,495.89078792869077,TRNJDFC128F146D619,489.8840822706977,TRXSALV128F4242795,489.52561756520697,TRMGUNA128F92E4CC0,0.6322514615168907,TRNJDFC128F146D619,0.6231420141522386,TRXSALV128F4242795,0.6224459282742609
TRYDDZE128F92F3B79,TRTHNFG12903D0CE54,1983.0,TRIJHLY12903D0CE4D,1710.0,TRWQZXS128F92DB731,1406.0,TRTHNFG12903D0CE54,2.3765578125000038,TRIJHLY12903D0CE4D,2.0474015624999966,TRWQZXS128F92DB731,1.7038843749999981,3,TRUGDLC128F428EA24,632.0663768231287,TRZQKDS128F92F22F3,626.925120058455,TRHZGZO128F9341C4A,624.1894636126887,0,TRUGDLC128F428EA24,0.796114779262946,TRZQKDS128F92F22F3,0.7890451967444105,TRHZGZO128F9341C4A,0.7856641174982398,0,3,0,0,0,0,3,TRIJHLY12903D0CE4D,596.42351396081,TRTHNFG12903D0CE54,582.2547896996789,TRMTPJG128F428F66B,523.1188374783527,TRIJHLY12903D0CE4D,0.6737702817048682,TRTHNFG12903D0CE54,0.6541632592263079,TRMTPJG128F428F66B,0.5848952096669136,TRFSCEK128F4279179,528.5273020479259,TRHUUVG128F92E68D6,509.6965735515098,TRUGDLC128F428EA24,505.02827334667865,TRFSCEK128F4279179,0.6724019377162346,TRHUUVG128F92E68D6,0.6516504705102008,TRUGDLC128F428EA24,0.6489083663155616
TREGBAS128F145EC8B,TRWQZXS128F92DB731,1633.0,TRTHNFG12903D0CE54,1622.0,TRIJHLY12903D0CE4D,1550.0,TRWQZXS128F92DB731,1.9942843750000032,TRTHNFG12903D0CE54,1.937982812500001,TRIJHLY12903D0CE4D,1.8585765625000028,3,TRFCKGO128F92F0C78,640.2481247632447,TRENEPN128F148867B,634.6172604967207,TRFGZXT128F1492BA2,633.7993543968587,0,TRFCKGO128F92F0C78,0.8048735205818199,TRENEPN128F148867B,0.7977568423979617,TRFGZXT128F1492BA2,0.7971076508349461,0,3,0,0,0,0,3,TRTHNFG12903D0CE54,513.8795136324836,TRIJHLY12903D0CE4D,496.8285510707191,TRMTPJG128F428F66B,469.5535559152033,TRTHNFG12903D0CE54,0.5877148585945627,TRIJHLY12903D0CE4D,0.5678076200646214,TRMTPJG128F428F66B,0.5357579999021925,TROIVHS128F931D5F0,516.1009286826172,TRFCKGO128F92F0C78,513.7364903546554,TRJHDIB128F92E5849,501.58838184279875,TROIVHS128F931D5F0,0.6578551361465543,TRFCKGO128F92F0C78,0.6544101259840045,TRJHDIB128F92E5849,0.6403206781469309
TRXQFEE128F145EC9A,TRTHNFG12903D0CE54,1636.0,TRIJHLY12903D0CE4D,1433.0,TRWQZXS128F92DB731,1349.0,TRTHNFG12903D0CE54,1.9483531249999968,TRIJHLY12903D0CE4D,1.706040625000002,TRWQZXS128F92DB731,1.6355437499999974,3,TRGALDE128F9306AA7,556.6649019295058,TRFGZXT128F1492BA2,547.3753457187829,TRIFSVO128F429F94F,530.2899590573664,0,TRGALDE128F9306AA7,0.7020804367392917,TRFGZXT128F1492BA2,0.6912959317893964,TRIFSVO128F429F94F,0.6706164254888761,0,3,0,0,0,0,3,TRSVRQN128F42722CC,477.39783476437367,TRTHNFG12903D0CE54,474.4881401951478,TRIJHLY12903D0CE4D,466.05103033814294,TRSVRQN128F42722CC,0.5533491434325657,TRTHNFG12903D0CE54,0.536670166349197,TRIJHLY12903D0CE4D,0.5275767223150105,TRPHJVT128EF34217F,476.85460238365897,TRAGDLM128F4233397,468.28326755039427,TRZVCFO128F9309204,466.57233354777765,TRPHJVT128EF34217F,0.6074127048750652,TRAGDLM128F4233397,0.5995042988745182,TRZVCFO128F9309204,0.5942338765420896
TRZGBAF128F145ECA8,TRTHNFG12903D0CE54,945.0,TRIJHLY12903D0CE4D,748.0,TRUGLTC128F4227B93,718.0,TRTHNFG12903D0CE54,1.1257968750000038,TRIJHLY12903D0CE4D,0.8861093750000022,TRDALZN128F92DC514,0.8472187500000024,2,TRRKRXC128F4242791,576.5083373519317,TRNOIDW128F427467E,547.5126770499564,TRUQGGJ128F427E02B,541.126757312358,0,TRRKRXC128F4242791,0.725253641400674,TRNOIDW128F427467E,0.6892827735923821,TRUQGGJ128F427E02B,0.681798255414245,0,2,0,0,0,0,3,TRTHNFG12903D0CE54,368.4251541579082,TRIJHLY12903D0CE4D,336.2623122245224,TRMTPJG128F428F66B,309.5293094068842,TRTHNFG12903D0CE54,0.4235512692427422,TRIJHLY12903D0CE4D,0.38429970276343056,TRMTPJG128F428F66B,0.35226704396164416,TRRXYNM128F4285058,458.17991133173444,TRNJNHB128EF346571,457.6996115736716,TRYDDZE128F92F3B79,446.1703728492001,TRNJNHB128EF346571,0.5829532100580482,TRRXYNM128F4285058,0.5821276762865142,TRYDDZE128F92F3B79,0.5701178800382924
TRUQGGJ128F427E02B,TRTHNFG12903D0CE54,2870.0,TRIJHLY12903D0CE4D,2305.0,TRWQZXS128F92DB731,1816.0,TRTHNFG12903D0CE54,3.443321875000007,TRIJHLY12903D0CE4D,2.754134374999994,TRWQZXS128F92DB731,2.1943562499999962,3,TRRKRXC128F4242791,645.6030693661382,TRDYKYQ12903CAD2B8,617.3382343985568,TRHPSHA128F92EFD94,605.2259732775287,0,TRRKRXC128F4242791,0.8111340524279981,TRDYKYQ12903CAD2B8,0.7766371888415745,TRHPSHA128F92EFD94,0.7606448332307226,0,3,0,0,0,0,3,TRTHNFG12903D0CE54,640.0130267626988,TRMTPJG128F428F66B,613.5025668064668,TRSVRQN128F42722CC,602.6956828227122,TRTHNFG12903D0CE54,0.7267561072635447,TRMTPJG128F428F66B,0.6982449725000563,TRSVRQN128F42722CC,0.6970380015451247,TRNKQFR128F93425A3,541.1648502159045,TRQXUSM128F4223ED1,540.4163268094862,TRIXDIY128F425CDB4,526.4592922833359,TRQXUSM128F4223ED1,0.6869241022781765,TRNKQFR128F93425A3,0.6867212848594235,TRIXDIY128F425CDB4,0.6708682614746574
TRDEKRZ128E0791C7A,TRTHNFG12903D0CE54,1694.0,TRIJHLY12903D0CE4D,1623.0,TRTJLTW12903CFF1E9,1450.0,TRTHNFG12903D0CE54,2.0248140624999955,TRIJHLY12903D0CE4D,1.947032812499996,TRTJLTW12903CFF1E9,1.7603984375000041,3,TRCUPON128F1494547,634.9349057105044,TRWBQDG128F4272241,619.6605925367434,TRRSIYK128F427CCE3,617.860823130063,0,TRCUPON128F1494547,0.7983060717671225,TRWBQDG128F4272241,0.781184766205748,TRRSIYK128F427CCE3,0.7779809488814922,0,3,0,0,0,0,3,TRIJHLY12903D0CE4D,556.6558290774824,TRTHNFG12903D0CE54,523.3039219885742,TRKHIVL128F9303677,469.1605946515338,TRIJHLY12903D0CE4D,0.6347437866055486,TRTHNFG12903D0CE54,0.5914400693302352,TRKHIVL128F9303677,0.5422101443832255,TRZVPJH128F931D774,497.7987434998836,TRFLKNV128F9319FD1,496.71569393796904,TROOZEZ128F4243798,494.4348430568804,TRZVPJH128F931D774,0.6370280155657482,TROOZEZ128F4243798,0.6342197512876276,TRFLKNV128F9319FD1,0.6328223184113304
TRFFSMS128F428BC88,TRFUJVJ128F426F2A2,13632.0,TRWSYHO128F4282346,12008.0,TREBGAA128E078FC52,10887.0,TRFUJVJ128F426F2A2,15.947499999999975,TRWSYHO128F4282346,14.296015624999995,TREBGAA128E078FC52,13.20722656249996,3,TRXDCIY128F93112FB,616.186701228864,TRLUGVB128F428E704,601.2268359698497,TRURSTR12903CD0F40,582.8436028874411,0,TRXDCIY128F93112FB,0.7737294430604407,TRLUGVB128F428E704,0.7550425327997425,TRURSTR12903CD0F40,0.7335975568454328,0,3,0,0,0,0,3,TRFUJVJ128F426F2A2,237.97554019213982,TRCHZXW128E079288A,213.00758723246184,TRWZUDO128F1495E26,207.88225720824903,TRHDMWX128F427F0C7,0.2096970489393014,TRQPMHA128E078B979,0.20860414113450118,TRDRHRG128F428BBDB,0.2043542019724654,TRDRHRG128F428BBDB,261.80503373121354,TRHDMWX128F427F0C7,259.2597701350788,TRDQZEL128F92FCDC3,240.371469266968,TRDRHRG128F428BBDB,0.3639132352569434,TRHDMWX128F427F0C7,0.35033720547282005,TRDQZEL128F92FCDC3,0.33406981705643635
TRUPWID128F4215874,TRTHNFG12903D0CE54,2101.0,TRIJHLY12903D0CE4D,1912.0,TRGQZPV12903CC3EB3,1730.0,TRTHNFG12903D0CE54,2.462267187500009,TRIJHLY12903D0CE4D,2.245423437499997,TRGQZPV12903CC3EB3,2.078082812499997,3,TRCYWMK128F14A2343,534.2667943704771,TRIXDIY128F425CDB4,481.1077203581562,TRYTRML128F426A3A9,478.30555329889404,0,TRCYWMK128F14A2343,0.6722947027867966,TRIXDIY128F425CDB4,0.6106130596152857,TRYTRML128F426A3A9,0.604483787776118,0,3,0,0,0,0,3,TRTHNFG12903D0CE54,490.468949644783,TRIJHLY12903D0CE4D,489.4081464391703,TRGQZPV12903CC3EB3,485.73402550179907,TRGQZPV12903CC3EB3,0.5684535962135727,TRIJHLY12903D0CE4D,0.5448742887352015,TRTHNFG12903D0CE54,0.544432942365018,TREGBAS128F145EC8B,479.2355151152581,TRNONNX128F42903F6,471.0255060559952,TROOIOM128F423D00D,470.4444899368825,TREGBAS128F145EC8B,0.6110944718647309,TRNONNX128F42903F6,0.6026928529157017,TROOIOM128F423D00D,0.5998291718701698
TRIIBVP128E0792750,TRFUJVJ128F426F2A2,6600.0,TRWSYHO128F4282346,6088.0,TRQAWKR128F425EEC3,4367.0,TRFUJVJ128F426F2A2,7.559999999999998,TRWSYHO128F4282346,7.159062500000005,TRQAWKR128F425EEC3,4.8671875000000036,3,TRVRZZI128F426846B,588.9743101495951,TRMFKTA128F92FE268,585.4571208957223,TRMTQUU128F1481F2B,544.9403628468818,0,TRVRZZI128F426846B,0.7437487791483225,TRMFKTA128F92FE268,0.739590795519174,TRMTQUU128F1481F2B,0.6894555971893391,0,3,0,0,0,0,3,TRDPGXU128F9339C2A,311.25004100871473,TRYCBLK12903CE6A0E,288.0934628261127,TRBVPVV128F425F14F,265.78029827393806,TRBVPVV128F425F14F,0.2535431270753011,TRYCBLK12903CE6A0E,0.23756984930672306,TRBKQJB128F934EEF7,0.19467420883378328,TRVRZZI128F426846B,247.92817026144903,TRHAKOR128F423772E,244.62291021188892,TRBVPVV128F425F14F,242.24841168297505,TRVRZZI128F426846B,0.36499830350011747,TRBVPVV128F425F14F,0.36235956111543965,TRMQQGH128F9301E4B,0.3457210153670117
TRQMXBD128F145ECA2,TRTHNFG12903D0CE54,1950.0,TRIJHLY12903D0CE4D,1664.0,TRUKWZW128F92CADC2,1515.0,TRTHNFG12903D0CE54,2.3376843750000034,TRIJHLY12903D0CE4D,1.991996875,TRUKWZW128F92CADC2,1.8165750000000023,3,TRHACES128F427CCDE,645.3832186705065,TRRUSZX128F1480C9F,608.5244895118383,TRECXGP128F147CEE8,578.3044662141281,0,TRHACES128F427CCDE,0.8107519604972093,TRRUSZX128F1480C9F,0.7655637412106407,TRECXGP128F147CEE8,0.728733969848113,0,3,0,0,0,0,3,TRTHNFG12903D0CE54,597.6163018459958,TRIJHLY12903D0CE4D,577.4167599889448,TRMTPJG128F428F66B,444.02800677671394,TRTHNFG12903D0CE54,0.681800776342272,TRIJHLY12903D0CE4D,0.6582303066126333,TREENSW128F92EAA8B,0.5049505752206259,TREGRRQ128F145EC8D,534.6231409314355,TRHACES128F427CCDE,520.1506483559981,TRNPAZE128F42AF411,484.8530299089177,TREGRRQ128F145EC8D,0.6808043370759882,TRHACES128F427CCDE,0.6612664327844339,TRNPAZE128F42AF411,0.6182321103674419
TREGRRQ128F145EC8D,TRTHNFG12903D0CE54,2723.0,TRIJHLY12903D0CE4D,2313.0,TRWQZXS128F92DB731,1972.0,TRTHNFG12903D0CE54,3.264325,TRIJHLY12903D0CE4D,2.768325000000004,TRWQZXS128F92DB731,2.3918499999999985,3,TREPEYQ128F9334F30,670.28325655249,TRFASPF128F4277844,660.6775931865707,TRIFSVO128F429F94F,656.1655659989817,0,TREPEYQ128F9334F30,0.8419892355587912,TRFASPF128F4277844,0.8305141623440622,TRIFSVO128F429F94F,0.8251332986321729,0,3,0,0,0,0,3,TRTHNFG12903D0CE54,697.8285580148566,TRIJHLY12903D0CE4D,590.8676491561304,TRDVUEH12903D0FAA9,587.141383822931,TRTHNFG12903D0CE54,0.7913629128203646,TRDVUEH12903D0FAA9,0.6654420160245212,TRIJHLY12903D0CE4D,0.6597449836617142,TRFVAJQ128F427CCE4,537.2097708515498,TRQMXBD128F145ECA2,534.6231409314325,TRLRQUX128F932ECC5,534.2875608938959,TRFVAJQ128F427CCE4,0.6827817358016455,TRLRQUX128F932ECC5,0.6823420432306129,TRQMXBD128F145ECA2,0.6808043370759882
TRLILBA128F42158A3,TRTHNFG12903D0CE54,1781.0,TRWQZXS128F92DB731,1540.0,TRWAGNG128F4286598,1532.0,TRTHNFG12903D0CE54,2.1050453124999966,TRWQZXS128F92DB731,1.8614093750000047,TRWAGNG128F4286598,1.8327625000000052,3,TRJTUMY128F92DC8D1,564.0624483213281,TREDWEP128F4233168,557.8675384020141,TRXBUFX128F42941F1,556.3298949533767,0,TRJTUMY128F92DC8D1,0.7132860159735198,TREDWEP128F4233168,0.7047160219839157,TRXBUFX128F42941F1,0.7033752313996001,0,3,0,0,0,0,3,TRTHNFG12903D0CE54,663.6472211601961,TRIJHLY12903D0CE4D,612.6312554231239,TRSVRQN128F42722CC,570.9545247000758,TRTHNFG12903D0CE54,0.7561290044193817,TRIJHLY12903D0CE4D,0.6942493668930687,TRSVRQN128F42722CC,0.6572309551298126,TRUGDLC128F428EA24,513.4884764470783,TRWQZXS128F92DB731,504.53408173048985,TRMYHXH128F14A232D,504.10748004279594,TRUGDLC128F428EA24,0.6569922372070511,TRMYHXH128F14A232D,0.644137663851708,TRWQZXS128F92DB731,0.6439278459689816
TRBFJPO128F4295BE3,TRTHNFG12903D0CE54,687.0,TRRKWPY12903CAAC5D,576.0,TRWAGNG128F4286598,543.0,TRTHNFG12903D0CE54,0.8056734374999988,TRRKWPY12903CAAC5D,0.6862906250000002,TRWAGNG128F4286598,0.6427374999999995,3,TRUSYXT128F423787F,600.5313020015135,TRJNFUT128F933AF9F,596.7164352558872,TRRHTRT128F931E984,574.10961935029,0,TRUSYXT128F423787F,0.7535410105085976,TRJNFUT128F933AF9F,0.7496491157650809,TRRHTRT128F931E984,0.7217252418300996,0,3,0,0,0,0,3,TRJNFUT128F933AF9F,372.0106568266398,TRWCBJZ128F1492960,327.60709877193653,TRIQGPN128F14795B1,307.4160367623343,TRJNFUT128F933AF9F,0.45293792657158716,TRWCBJZ128F1492960,0.397965705656354,TRIQGPN128F14795B1,0.37343712711929833,TRJNFUT128F933AF9F,586.0672189003984,TRMWWQC128F1495ABB,577.4802921591647,TRUEPMU128F424951E,536.9088773717152,TRJNFUT128F933AF9F,0.7377059163417734,TRMWWQC128F1495ABB,0.7266937143011744,TRUEPMU128F424951E,0.6757869014859792
TRCLERB12903CBBC8D,TRFUJVJ128F426F2A2,1944.0,TRWSYHO128F4282346,1399.0,TRDPGXU128F9339C2A,1243.0,TRFUJVJ128F426F2A2,2.2345000000000006,TRWSYHO128F4282346,1.6209843749999984,TRDPGXU128F9339C2A,1.3902578124999991,3,TRPRGEY128F42466DB,551.4050060388295,TRVWMKK128F422AD41,511.5629832235639,TRFBASZ128F42317D3,466.5242625549877,0,TRPRGEY128F42466DB,0.6979276657996403,TRVWMKK128F422AD41,0.6509717320768102,TRFBASZ128F42317D3,0.5958706870221957,0,3,0,0,0,0,3,TRFUJVJ128F426F2A2,140.86980975189795,TRDPGXU128F9339C2A,126.94527406989488,TRDUSIG12903CA5FCB,100.50206777977067,TRFUJVJ128F426F2A2,0.10069151537407577,TRMLWXO128F1484DEB,0.08690213917707021,TRDPGXU128F9339C2A,0.08183353781834825,TRPRGEY128F42466DB,257.53772899516923,TRMLWXO128F1484DEB,227.14192680996936,TRNGTLR128F931B4AB,222.59012097740998,TRPRGEY128F42466DB,0.34916568025031247,TRMLWXO128F1484DEB,0.31569575969516206,TRNGTLR128F931B4AB,0.3026862316162802
TRNXCMJ128F4295BC6,TRTHNFG12903D0CE54,2540.0,TRDVUEH12903D0FAA9,1973.0,TRRCXJT128F425BB27,1868.0,TRTHNFG12903D0CE54,3.0530031249999974,TRDVUEH12903D0FAA9,2.38395625000001,TRRCXJT128F425BB27,2.2782124999999986,3,TRMGTKW128F42359E9,606.0942374756883,TRQIRWO128F428787E,593.4690299274445,TRMFPWC128F42A3887,591.6608077872331,0,TRMGTKW128F42359E9,0.7623361782989397,TRQIRWO128F428787E,0.7437103690368632,TRMFPWC128F42A3887,0.7430553759796567,0,3,0,0,0,0,3,TRDVUEH12903D0FAA9,556.9757268300414,TRMTPJG128F428F66B,550.8988519816469,TRTHNFG12903D0CE54,535.0590959361023,TRDVUEH12903D0FAA9,0.6374545227147469,TRMTPJG128F428F66B,0.6235711481892523,TRTHNFG12903D0CE54,0.5993859154735174,TRLLFVB128F92C3138,520.7134757128038,TRYFBLW128F428A81A,496.2525187986645,TRPMUDQ128F425218E,495.43332139726374,TRLLFVB128F92C3138,0.6621457430135216,TRYFBLW128F428A81A,0.635953561416606,TRPMUDQ128F425218E,0.6321674594857195
TRNXJGR128F93044E7,TRTHNFG12903D0CE54,1325.0,TRIJHLY12903D0CE4D,1247.0,TRWQZXS128F92DB731,1004.0,TRTHNFG12903D0CE54,1.58336875,TRIJHLY12903D0CE4D,1.4944937499999995,TRWQZXS128F92DB731,1.2167624999999986,3,TRIOIZQ128F42BBC6C,614.4889262823621,TRGTGWE128F42ACB3A,598.1961971958764,TRYFBLW128F428A81A,597.918446870616,0,TRIOIZQ128F42BBC6C,0.7738504648542559,TRGTGWE128F42ACB3A,0.75420571824152,TRYFBLW128F428A81A,0.7541124213306418,0,3,0,0,0,0,3,TRIJHLY12903D0CE4D,579.4883671178757,TRTHNFG12903D0CE54,509.95659740519466,TRMTPJG128F428F66B,403.3098057135975,TRIJHLY12903D0CE4D,0.667142896405459,TRTHNFG12903D0CE54,0.5787163037449536,TRGDVMS128F9334F25,0.45112868877928053,TRIOIZQ128F42BBC6C,535.112890137549,TRJZGFP128F92F342E,516.9540645879074,TRIJHLY12903D0CE4D,507.54801977526927,TRIOIZQ128F42BBC6C,0.6801457129128257,TRJZGFP128F92F342E,0.6571378849581352,TRIJHLY12903D0CE4D,0.6504470858217082
TRJHDIB128F92E5849,TRTHNFG12903D0CE54,1756.0,TRIJHLY12903D0CE4D,1436.0,TRRKWPY12903CAAC5D,1398.0,TRTHNFG12903D0CE54,2.0896390624999985,TRIJHLY12903D0CE4D,1.7021078125000022,TRRKWPY12903CAAC5D,1.6805843749999974,3,TREPEYQ128F9334F30,676.8420741197552,TRUGDLC128F428EA24,664.1244625772146,TRWHWCD128E0788AF3,662.4966492092681,0,TREPEYQ128F9334F30,0.8502642554113827,TRUGDLC128F428EA24,0.8351481735151566,TRWHWCD128E0788AF3,0.8320262743702862,0,3,0,0,0,0,3,TRTHNFG12903D0CE54,651.7098294624885,TRMTPJG128F428F66B,587.0703444490949,TRIJHLY12903D0CE4D,578.415502119763,TRTHNFG12903D0CE54,0.7374829390903495,TRMTPJG128F428F66B,0.6615564697086121,TRIJHLY12903D0CE4D,0.6478512254106538,TROIVHS128F931D5F0,550.225300675865,TRLLFVB128F92C3138,531.078485321802,TRCJJHT128F92F3435,519.5972069230857,TROIVHS128F931D5F0,0.7033654595182293,TRLLFVB128F92C3138,0.6758529700819925,TRYFBLW128F428A81A,0.6668713910900346
TRYQVKS128F4259A11,TRFUJVJ128F426F2A2,3945.0,TRDPGXU128F9339C2A,2783.0,TRQAWKR128F425EEC3,2768.0,TRFUJVJ128F426F2A2,4.5632500000000045,TRDPGXU128F9339C2A,3.1710000000000007,TRQAWKR128F425EEC3,3.144499999999994,3,TRVVIWJ128F42697BA,538.2106680980623,TRENDJC128F42790D9,536.9200032594674,TRCJKRP128F14A8FCC,535.7735741838259,0,TRVVIWJ128F42697BA,0.688377986229675,TRBZXAC12903CBB0CE,0.6853527735800584,TREWWOJ128F42742B2,0.6848710777238295,0,3,0,0,0,0,1,TRDPGXU128F9339C2A,168.34884501295087,TRFUJVJ128F426F2A2,146.82394980561733,TRQAWKR128F425EEC3,145.41496560411838,TROLRVR128F42437D1,0.12377556899379676,TRQAWKR128F425EEC3,0.11981050711902022,TRDXZYL128E0791E8D,0.11847731837109707,TRTZPUX128F930F5CB,235.08612045851189,TRLGCXQ128F1496464,224.53226481981235,TRITWYU128F42922FA,218.308038189461,TRTZPUX128F930F5CB,0.3280646875267458,TRLGCXQ128F1496464,0.32013349837804256,TRITWYU128F42922FA,0.3167835945142845
TRSOTQI128E0789132,TRFUJVJ128F426F2A2,2965.0,TRUGLTC128F4227B93,2314.0,TRDPGXU128F9339C2A,2066.0,TRFUJVJ128F426F2A2,3.234749999999999,TRUGLTC128F4227B93,2.6740468749999997,TRVLIZK128F428845E,2.191843749999999,2,TRNIELN128F4275E78,447.180582129402,TRVVZFC128F42359E5,439.616793879259,TRJKOIH12903CE7D34,398.55740964498034,0,TRNIELN128F4275E78,0.5687488472595515,TRVVZFC128F42359E5,0.558964734607865,TRXKQGQ12903CB5CDA,0.5144103695797536,0,2,0,0,0,0,2,TRDVUEH12903D0FAA9,296.66092723011053,TRIJHLY12903D0CE4D,283.5613626209924,TRNTYGF128F9302BD8,276.3267126266248,TRDVUEH12903D0FAA9,0.28638388978701146,TRNTYGF128F9302BD8,0.2834685398370242,TRRATGY12903D138DB,0.27763010383997444,TRQPNOU128F429488E,281.94573182932635,TRJWWFP128F934D169,280.2571578558851,TRPGDLF128F9340FAA,275.2037352385075,TRQPNOU128F429488E,0.37377380447353953,TRPGDLF128F9340FAA,0.3705493564961002,TRJWWFP128F934D169,0.36057672921489586
TRZHOUV128F9316269,TRZZQIP128F92EFEAD,627.0,TRTHNFG12903D0CE54,614.0,TRDOJIR128F42840C0,601.0,TRZZQIP128F92EFEAD,0.7492406249999994,TRTHNFG12903D0CE54,0.7247218750000018,TRDOJIR128F42840C0,0.7201999999999978,3,TRSRORJ128E0791C74,511.7959481729816,TRKRGBE128EF34AB72,469.90982525740526,TRAQEOP12903CA65E2,469.65617109025374,0,TRSRORJ128E0791C74,0.6470591680907622,TRKRGBE128EF34AB72,0.5960973863107749,TRAQEOP12903CA65E2,0.5956847588351356,0,3,0,0,0,0,3,TRTHNFG12903D0CE54,287.4308521144123,TROOGTK128F421BBE5,272.9363310905544,TRSVRQN128F42722CC,269.66753458533236,TRTHNFG12903D0CE54,0.32481356391341754,TROOGTK128F421BBE5,0.32003340818008785,TRDHBXD128F93211F0,0.31163321653612747,TRFGZHR128F92F3434,459.66386073810213,TRXBTXI128F42BBC74,414.5480023268526,TROOGTK128F421BBE5,409.87991699106686,TRFGZHR128F92F3434,0.5853672521757631,TRXBTXI128F42BBC74,0.5316012248324076,TROOGTK128F421BBE5,0.5262454487487807
TRPXMGA128F42A98BA,TRDPGXU128F9339C2A,1122.0,TRRSNPA128F148C45E,1113.0,TRIMKIC128F4271EA8,1109.0,TRIMKIC128F4271EA8,1.314849999999996,TRRSNPA128F148C45E,1.2762749999999972,TRDPGXU128F9339C2A,1.1870750000000012,3,TRIMKIC128F4271EA8,372.5983559111421,TRWAHZI12903D075D1,371.41902817004006,TRFAWIW128F9318B9B,355.2511999229315,1,TRWAHZI12903D075D1,0.48348364324196236,TRIMKIC128F4271EA8,0.4783821398184999,TRFAWIW128F9318B9B,0.46160054217113705,1,3,1,1,1,1,3,TRIJHLY12903D0CE4D,271.52927849143737,TRWAGNG128F4286598,270.21805312299125,TRMTPJG128F428F66B,267.07345955827526,TRWAGNG128F4286598,0.300444839006318,TRKHIVL128F9303677,0.285448897948424,TRQXFBU128F92C30CD,0.2848341198397376,TRQXFBU128F92C30CD,388.4782556740538,TRIFNHB128F426A5A3,361.6021963602934,TRVIQQH128F930E704,338.1609733383892,TRQXFBU128F92C30CD,0.5044347592419145,TRIFNHB128F426A5A3,0.46401445658311513,TRVIQQH128F930E704,0.4455729568825545
TRBYMWR128F425DD8E,TRFFSMS128F428BC88,1932.0,TRTHNFG12903D0CE54,1779.0,TRLUGVB128F428E704,1748.0,TRFFSMS128F428BC88,2.3051562499999942,TRLUGVB128F428E704,2.118168750000002,TRTHNFG12903D0CE54,2.1065062500000016,3,TRWCDDJ128F9343D91,545.6801613127438,TRRCXJT128F425BB27,536.8722845301077,TRFKPYW128F92F21C5,514.7734036449125,0,TRWCDDJ128F9343D91,0.6859793305271504,TRRCXJT128F425BB27,0.6770187355102132,TRFKPYW128F92F21C5,0.6510024687072693,0,3,0,0,0,0,3,TRIJHLY12903D0CE4D,697.4056678718887,TRTHNFG12903D0CE54,667.3065871161175,TRMTPJG128F428F66B,531.8617348524248,TRIJHLY12903D0CE4D,0.7975898678695347,TRTHNFG12903D0CE54,0.7580062695037333,TRMTPJG128F428F66B,0.5935082039467156,TRIJHLY12903D0CE4D,476.33873131907774,TRMAYJY128F4281A3C,462.3278841293488,TRUSLBO128F42B234E,453.26209292040727,TRIJHLY12903D0CE4D,0.6141373226798931,TRMAYJY128F4281A3C,0.5950309300704897,TRUSLBO128F42B234E,0.582684254749637
TRPAZDJ128F42881A1,TRZZQIP128F92EFEAD,2808.0,TRDOJIR128F42840C0,2595.0,TRTHNFG12903D0CE54,2494.0,TRZZQIP128F92EFEAD,3.4135015625000067,TRDOJIR128F42840C0,3.1569249999999927,TRTHNFG12903D0CE54,2.997879687499995,3,TRRQFHI128F42AC06B,661.3471665834148,TRRHCOS128F4248193,632.2598736802237,TRVPQIU128F427CF25,606.6878724936998,0,TRRQFHI128F42AC06B,0.8298251097347298,TRRHCOS128F4248193,0.7937309125358529,TRVPQIU128F427CF25,0.7626811957876786,0,3,0,0,0,0,3,TRDVUEH12903D0FAA9,580.5162714703972,TRMQFDU128F93333E7,579.2673652660634,TRTHNFG12903D0CE54,567.2087800251645,TRMQFDU128F93333E7,0.6756489230456107,TRDVUEH12903D0FAA9,0.6650881362950591,TRDHBXD128F93211F0,0.6587415313429129,TRATDIZ128F4242796,482.3234590909654,TRTSYZZ128F14A234C,481.7711279383546,TRAJKDR128F42270D6,467.71812301644934,TRATDIZ128F4242796,0.6156095776277264,TRTSYZZ128F14A234C,0.6153066080890784,TRAJKDR128F42270D6,0.600692101569626
TRHZGZO128F9341C4A,TRTHNFG12903D0CE54,2421.0,TRIJHLY12903D0CE4D,2178.0,TRDVUEH12903D0FAA9,1658.0,TRTHNFG12903D0CE54,2.9240578125000045,TRIJHLY12903D0CE4D,2.632401562499997,TRTJLTW12903CFF1E9,2.0075546875000057,2,TRFASPF128F4277844,707.0470771846991,TRPHPAU128F933CF88,689.7036173354874,TRZKNKR128F146B508,686.5937454305771,0,TRFASPF128F4277844,0.8865650602336969,TRPHPAU128F933CF88,0.8654340962571605,TRZKNKR128F146B508,0.86156836677929,0,2,0,0,0,0,3,TRTHNFG12903D0CE54,593.7730655231278,TRIJHLY12903D0CE4D,581.8188171914792,TRDVUEH12903D0FAA9,530.7410795906516,TRTHNFG12903D0CE54,0.6767975230186762,TRIJHLY12903D0CE4D,0.6635387984339977,TRDVUEH12903D0FAA9,0.6080626046870116,TRJGMCS128F42941DD,554.1107809856339,TRQFRJM128F92F0EB8,549.9621189889476,TRZKNKR128F146B508,546.7830062250845,TRJGMCS128F42941DD,0.7044632839768111,TRQFRJM128F92F0EB8,0.697562385480217,TRZKNKR128F146B508,0.6965366846398287
TRDFNLR12903CB0FE4,TRTHNFG12903D0CE54,2804.0,TRWQZXS128F92DB731,2504.0,TRTJLTW12903CFF1E9,2440.0,TRTHNFG12903D0CE54,3.3536921875000063,TRWQZXS128F92DB731,3.050615625000004,TRTJLTW12903CFF1E9,2.9649453125000065,3,TRUGDLC128F428EA24,627.3022658050286,TRFCKGO128F92F0C78,624.6220047227231,TRTUZCM128F92F0530,614.2481414055861,0,TRUGDLC128F428EA24,0.7898638191270088,TRFCKGO128F92F0C78,0.7863864435880652,TRTUZCM128F92F0530,0.7735494241238626,0,3,0,0,0,0,3,TRTHNFG12903D0CE54,743.880461242836,TRUKWZW128F92CADC2,663.473688256411,TRIJHLY12903D0CE4D,662.8965462580028,TRTHNFG12903D0CE54,0.8468212109813552,TRUKWZW128F92CADC2,0.7646622187052902,TRIJHLY12903D0CE4D,0.7477287541802552,TRVRPTI128F92EB390,562.329287565651,TRGDVMS128F9334F25,504.8824853366229,TRZVCFO128F9309204,495.08168863268935,TRVRPTI128F92EB390,0.7107875507710657,TRGDVMS128F9334F25,0.6470741923482867,TRZVCFO128F9309204,0.6298890993072591
TROBWIG12903CB0FD7,TRTHNFG12903D0CE54,1915.0,TRIJHLY12903D0CE4D,1542.0,TRWQZXS128F92DB731,1308.0,TRTHNFG12903D0CE54,2.299479687499995,TRIJHLY12903D0CE4D,1.844385937499996,TRWQZXS128F92DB731,1.5855406249999993,3,TRPMUDQ128F425218E,652.7044971554021,TROIVHS128F931D5F0,638.8872709984638,TRLTIHK128F42521C0,630.6248425715147,0,TRPMUDQ128F425218E,0.8195208037719853,TROIVHS128F931D5F0,0.8025887616656597,TRLTIHK128F42521C0,0.7918395959918446,0,3,0,0,0,0,3,TRTHNFG12903D0CE54,492.2421250051935,TRIJHLY12903D0CE4D,490.52611268461015,TRJQEVJ128F9348106,458.22598086221353,TRTHNFG12903D0CE54,0.5560895726488064,TRIJHLY12903D0CE4D,0.5554688881973345,TRJQEVJ128F9348106,0.5394296931467729,TRUQGGJ128F427E02B,523.8306861820453,TRQXAVO128F42BBC77,510.07775644098115,TRQWLTN128F4289D77,508.1400203191985,TRUQGGJ128F427E02B,0.6656133421366833,TRQXAVO128F42BBC77,0.6494213925497083,TRQWLTN128F4289D77,0.6458396748942069
TRDWUTF12903CA9249,TRTHNFG12903D0CE54,1368.0,TRIJHLY12903D0CE4D,1265.0,TRUKWZW128F92CADC2,1257.0,TRTHNFG12903D0CE54,1.6181062499999994,TRIJHLY12903D0CE4D,1.500231249999999,TRUKWZW128F92CADC2,1.5002000000000015,3,TRWHWCD128E0788AF3,557.6314916664285,TRENEPN128F148867B,552.0538408963341,TREGBAS128F145EC8B,549.5103040779684,0,TRWHWCD128E0788AF3,0.7033607175156156,TRENEPN128F148867B,0.6967956337518377,TREGBAS128F145EC8B,0.693488685426632,0,3,0,0,0,0,3,TRTHNFG12903D0CE54,528.551162469587,TRIJHLY12903D0CE4D,473.02451290621525,TRYECON128F423ABA0,428.88645090247786,TRTHNFG12903D0CE54,0.6037317100985051,TRIJHLY12903D0CE4D,0.5357896566632178,TRYECON128F423ABA0,0.4997686472917223,TRYBLUI12903CED189,471.0916978401506,TRKRVZL128F427F848,455.02370981293757,TRUSJCP128F9302495,453.2368508039112,TRYBLUI12903CED189,0.6012606478596212,TRKRVZL128F427F848,0.5819665112003407,TRUSJCP128F9302495,0.5818873963841845
TRCRNBS128F9347F55,TRFFSMS128F428BC88,3888.0,TRLUGVB128F428E704,3474.0,TRTJLTW12903CFF1E9,2940.0,TRFFSMS128F428BC88,4.717500000000015,TRLUGVB128F428E704,4.255799999999986,TRTJLTW12903CFF1E9,3.5895000000000064,3,TRTFDDQ128F932252E,654.2716712706118,TRQPNOU128F429488E,624.6636865505996,TRUSJCP128F9302495,545.8089579572061,0,TRTFDDQ128F932252E,0.8202663217275167,TRQPNOU128F429488E,0.78266981996399,TRUSJCP128F9302495,0.6868530733604221,0,3,0,0,0,0,3,TRIJHLY12903D0CE4D,526.2208836306183,TRSVRQN128F42722CC,488.9170143254234,TRTHNFG12903D0CE54,488.9130521987026,TRIJHLY12903D0CE4D,0.5980339485568084,TRSVRQN128F42722CC,0.5639951966626053,TRTHNFG12903D0CE54,0.549820570492824,TRTFDDQ128F932252E,454.7737095252821,TRNONNX128F42903F6,452.88789017203845,TRXSRCA128F4234DA5,440.75568407936163,TRTFDDQ128F932252E,0.5802999489086781,TRNONNX128F42903F6,0.5788657412155469,TRXSRCA128F4234DA5,0.5644360761008821
TRDYKYQ12903CAD2B8,TRTHNFG12903D0CE54,1123.0,TRIJHLY12903D0CE4D,963.0,TRDVUEH12903D0FAA9,811.0,TRTHNFG12903D0CE54,1.3435437499999956,TRIJHLY12903D0CE4D,1.1506687499999995,TRDVUEH12903D0FAA9,0.973137500000001,3,TRUQGGJ128F427E02B,617.3382343985619,TROGMKJ128F92F0924,591.0161248093453,TRBMGCF128F42785D0,584.2413824927687,0,TRUQGGJ128F427E02B,0.7766371888415745,TROGMKJ128F92F0924,0.7448531250656283,TRBMGCF128F42785D0,0.7356504997947901,0,3,0,0,0,0,3,TRDVUEH12903D0FAA9,385.8546915483395,TRIJHLY12903D0CE4D,380.53080573036345,TRTHNFG12903D0CE54,375.75778306331574,TRDVUEH12903D0FAA9,0.4425666860640399,TRNMIBF12903D1125E,0.43220261245740205,TRIJHLY12903D0CE4D,0.4299013893532138,TRIRWZI128F933FDE3,506.48869376207443,TRHPSHA128F92EFD94,488.8792601363337,TRGJXTC128F4278ECC,487.78626856387984,TRIRWZI128F933FDE3,0.64509503881579,TRGJXTC128F4278ECC,0.6210171953931092,TRHPSHA128F92EFD94,0.6209211958474123
TRAYQRI12903CAD2A1,TRTHNFG12903D0CE54,1263.0,TRTJLTW12903CFF1E9,1189.0,TRIJHLY12903D0CE4D,1154.0,TRTHNFG12903D0CE54,1.4939859375000017,TRTJLTW12903CFF1E9,1.438601562500002,TRIJHLY12903D0CE4D,1.367767187500001,3,TRFCKGO128F92F0C78,549.1121226161596,TRMTPJG128F428F66B,537.6207556645182,TRCUPON128F1494547,527.5414763704539,0,TRFCKGO128F92F0C78,0.6949663275352392,TRMTPJG128F428F66B,0.682693490330219,TRCUPON128F1494547,0.6674967319502595,0,3,0,0,0,0,3,TRMTPJG128F428F66B,518.7700244854651,TRTHNFG12903D0CE54,480.9333904771456,TRIJHLY12903D0CE4D,468.33179834801797,TRMTPJG128F428F66B,0.5851411824150087,TRTHNFG12903D0CE54,0.5335765530063986,TRIJHLY12903D0CE4D,0.5195645467256015,TRVCMJB128F1484281,438.71413905110177,TRQYCDU128F14725AA,436.9257934842429,TRMTPJG128F428F66B,420.68691981296917,TRVCMJB128F1484281,0.5660923637469066,TRQYCDU128F14725AA,0.5640449073383921,TRMTPJG128F428F66B,0.5493372599216735
TRGFMTT12903CAD2A2,TRIJHLY12903D0CE4D,1253.0,TRTHNFG12903D0CE54,1226.0,TRWQZXS128F92DB731,1193.0,TRIJHLY12903D0CE4D,1.4880250000000015,TRWQZXS128F92DB731,1.4446999999999992,TRTHNFG12903D0CE54,1.4437750000000014,3,TRKHWEU128F14A1E03,497.65203604226986,TRNTYGF128F9302BD8,478.92269858071273,TRDFNLR12903CB0FE4,474.3455391795525,0,TRKHWEU128F14A1E03,0.6320537686475144,TRNTYGF128F9302BD8,0.608231897975064,TRDFNLR12903CB0FE4,0.6027363984654994,0,3,0,0,0,0,3,TRIJHLY12903D0CE4D,591.1201497328944,TRNTYGF128F9302BD8,501.13955845446355,TRMTPJG128F428F66B,494.29467764640356,TRIJHLY12903D0CE4D,0.6785893507451847,TRNTYGF128F9302BD8,0.587995812330114,TRMTPJG128F428F66B,0.5598736347775543,TRNTYGF128F9302BD8,475.8288823484316,TRZVPJH128F931D774,455.6524598800342,TRDJOQZ128F42AF0BD,434.6017269864473,TRNTYGF128F9302BD8,0.6086665967351881,TRZVPJH128F931D774,0.5838625717078453,TRDJOQZ128F42AF0BD,0.5581996756059194
TRJXNZL128F92E54EE,TRTHNFG12903D0CE54,2547.0,TRTJLTW12903CFF1E9,2002.0,TRIJHLY12903D0CE4D,1951.0,TRTHNFG12903D0CE54,3.0680906249999937,TRTJLTW12903CFF1E9,2.4374843750000004,TRIJHLY12903D0CE4D,2.336778125000002,3,TRCGFAS128F9315CEE,662.362472791969,TREPEYQ128F9334F30,657.6507164608927,TRTUZCM128F92F0530,649.4902053120647,0,TRCGFAS128F9315CEE,0.8315872982003084,TREPEYQ128F9334F30,0.8260536790580612,TRTUZCM128F92F0530,0.8160223564817328,0,3,0,0,0,0,3,TRTHNFG12903D0CE54,601.943218694525,TRIJHLY12903D0CE4D,550.3739782498798,TRDVUEH12903D0FAA9,485.3772147505005,TRTHNFG12903D0CE54,0.6817852641094145,TRIJHLY12903D0CE4D,0.6191423060343415,TRQEFSL12903CAAC57,0.5522109978326616,TRXBTXI128F42BBC74,494.12517220123135,TRXCVRQ128F92DE6A5,485.4867156678254,TRFLKNV128F9319FD1,483.945488737341,TRXBTXI128F42BBC74,0.63348150638916,TRXCVRQ128F92DE6A5,0.6229438610763682,TRFLKNV128F9319FD1,0.6176540748472196
TRDOVAF128F93112F7,TRFUJVJ128F426F2A2,2783.0,TRQAWKR128F425EEC3,2126.0,TRLCWTH128F92C7F82,2124.0,TRFUJVJ128F426F2A2,3.142950000000001,TRLCWTH128F92C7F82,2.5407093750000005,TRCDMRL12903CB105C,2.4678031249999997,2,TRKBZBS128F148328F,466.99775634696675,TRLYAKZ128F42A3750,452.1192073890846,TRWWVGC12903CB5C50,447.46112170129084,0,TRKBZBS128F148328F,0.5941177712013598,TRLYAKZ128F42A3750,0.5773178593548627,TRWWVGC12903CB5C50,0.5692627890631652,0,2,0,0,0,0,3,TRIFVKW128F145C141,141.21818268596556,TRYCBLK12903CE6A0E,131.18492461878165,TRFUJVJ128F426F2A2,127.17750080840959,TRIFVKW128F145C141,0.12923422393234407,TRZYBSS128F145806B,0.11942048147617569,TRYCBLK12903CE6A0E,0.11096160435616671,TRDQART128F149E047,247.8325366059362,TRWWVGC12903CB5C50,234.79418332960438,TRHDFNW12903CCD371,229.78442797517368,TRDQART128F149E047,0.333543432396993,TRWWVGC12903CB5C50,0.3186917282118539,TRHDFNW12903CCD371,0.30742956653482373
TRVPMSA128F9331D03,TRDPGXU128F9339C2A,1689.0,TRFUJVJ128F426F2A2,1523.0,TREBGAA128E078FC52,1448.0,TRDPGXU128F9339C2A,1.8823609375000003,TREBGAA128E078FC52,1.709407812500003,TRFUJVJ128F426F2A2,1.6300499999999989,3,TRSWKNA128F9309B44,444.28015573985977,TRTKXNY12903CB661C,429.6664453880737,TRQILML128F4262175,421.6771998194506,0,TRSWKNA128F9309B44,0.5705951008000594,TRTKXNY12903CB661C,0.5592928659148159,TRQILML128F4262175,0.5432249025218393,0,3,0,0,0,0,3,TRDPGXU128F9339C2A,148.36288961330567,TRDUSIG12903CA5FCB,124.53723403959893,TRTLIKK128E07862DA,121.80415993119982,TRKHOOZ128F42387D7,0.0969993338669683,TRSZGTQ128F42BBA74,0.09539160950629409,TRJZYQR128F148C5CE,0.09278226501539903,TRYBBGR12903CB1675,240.330308665255,TRJTHGK12903CB120B,230.5918177240063,TRKHOOZ128F42387D7,190.42307860357232,TRYBBGR12903CB1675,0.3271254765486023,TRJTHGK12903CB120B,0.31240439812272036,TRKHOOZ128F42387D7,0.287701909782517
TRPCZPE12903CAF5BD,TRFUJVJ128F426F2A2,3310.0,TRDPGXU128F9339C2A,2658.0,TRWSYHO128F4282346,2620.0,TRFUJVJ128F426F2A2,3.6131000000000015,TRWSYHO128F4282346,2.9322874999999993,TRDPGXU128F9339C2A,2.8839562500000016,3,TRWUTHA128F423EE32,517.8963802323318,TRROYWN128F92E41F7,510.38644097726274,TRCKMDM128F148BEA7,510.138264666192,0,TRWUTHA128F423EE32,0.6689599218780159,TRROYWN128F92E41F7,0.6590634224753672,TRCKMDM128F148BEA7,0.658762686126843,0,3,0,0,0,0,3,TRDUSIG12903CA5FCB,253.71388398180062,TRCHZXW128E079288A,249.77491780224565,TRDPGXU128F9339C2A,231.0282481180598,TRDUSIG12903CA5FCB,0.1744220463118545,TRCHZXW128E079288A,0.14643946457839005,TRVADAK12903CDDEEB,0.14608714523161204,TRMRLGG128F92E2653,241.19545382004495,TRVADAK12903CDDEEB,239.14086308697784,TRWNSHP128F42424E8,224.6995654206346,TRVADAK12903CDDEEB,0.3732069040673081,TRWNSHP128F42424E8,0.3397763094237898,TRPNFBQ128F9319B2B,0.33925422320934795
TRNUDHG12903CAF56B,TRFUJVJ128F426F2A2,626.0,TRTLIKK128E07862DA,343.0,TRLDRYJ128F930BBB4,341.0,TRFUJVJ128F426F2A2,0.7226999999999996,TRLDRYJ128F930BBB4,0.3974874999999997,TRTLIKK128E07862DA,0.3925937500000011,3,TRGFZZN128F14530CA,458.7685573476671,TRFCNPY128F934AF94,443.016879823827,TRBDCVT128F428CB03,432.7918068032884,0,TRGFZZN128F14530CA,0.583115436899835,TRFCNPY128F934AF94,0.5634006699500398,TRQENBA128F426093C,0.5513067596400915,0,3,0,0,0,0,2,TRDUSIG12903CA5FCB,52.159222958358505,TRDFTPP128F427550C,43.67713846339686,TRDGICW128F42963E2,42.399027958243806,TRDFTPP128F427550C,0.050400369178049936,TROQKIY128F14940BE,0.04426710505730469,TRDUSIG12903CA5FCB,0.042474398654450136,TRZEEDN128F427F141,239.96488902904238,TRDFTPP128F427550C,215.83295074442216,TRBDCVT128F428CB03,214.54399613483017,TRZEEDN128F427F141,0.3189580366336884,TRDFTPP128F427550C,0.28581163166305346,TRBDCVT128F428CB03,0.28546663370917
TRJAABI12903CF759F,TRFUJVJ128F426F2A2,5559.0,TRWSYHO128F4282346,4362.0,TRGLNKG128F9307689,3888.0,TRFUJVJ128F426F2A2,6.456550000000004,TRWSYHO128F4282346,5.130831249999997,TRGLNKG128F9307689,4.558728124999998,3,TRGLJRY128F14841E2,604.0261420365704,TRECPVN128F4220E22,602.9120464135633,TRQYUKJ12903C9A1CE,601.3385002468093,0,TRECPVN128F4220E22,0.7617512019044316,TRGLJRY128F14841E2,0.7607870252913538,TRQYUKJ12903C9A1CE,0.7596541767604351,0,3,0,0,0,0,3,TRTLIKK128E07862DA,203.3061826526858,TRFUJVJ128F426F2A2,171.56200956809968,TRDPGXU128F9339C2A,165.4896767072907,TRTLIKK128E07862DA,0.17256547816987364,TRVGTSJ128F92DF8E2,0.16164931118459971,TRLAJBH128F145C5D8,0.14136032773990656,TRHNRCJ128F93293A9,241.03876104693487,TREAJPF128F429E1E2,234.46636248558383,TRVGTSJ128F92DF8E2,229.92737815080048,TRVGTSJ128F92DF8E2,0.328735930585923,TREAJPF128F429E1E2,0.3222688714571388,TRMUKCM128F42731D1,0.31377515867649725
TRREMAP128F42983BD,TRFUJVJ128F426F2A2,2505.0,TRGUCIR128F933D817,1834.0,TRDPGXU128F9339C2A,1811.0,TRFUJVJ128F426F2A2,2.78625000000001,TRGUCIR128F933D817,2.1293749999999907,TRBVPVV128F425F14F,2.0225781250000003,2,TRETXJR128F422B4E0,444.10648804126686,TRUQTEZ128F9314E5D,435.2627601596798,TROMMRU128F4250C74,432.29293332957076,0,TRETXJR128F422B4E0,0.5733116454565457,TROMMRU128F4250C74,0.56094269289156,TRUQTEZ128F9314E5D,0.5607269076324319,0,2,0,0,0,0,3,TRXNMLB128F92ED60B,155.15467997718423,TRFIFYV128F93556D2,126.52793411416673,TRFUJVJ128F426F2A2,125.40293387003578,TRXNMLB128F92ED60B,0.16655043479951107,TRRVIRD128F42AED3E,0.12077164466019845,TRUHUSZ128F42A6ACF,0.11915582622836403,TRXNMLB128F92ED60B,277.77903873068834,TRMVVDP128E0787806,219.61912413282084,TRTZHIZ12903CAEC08,217.64684674921298,TRXNMLB128F92ED60B,0.3820945757753572,TRMVVDP128E0787806,0.3172713853942507,TRTZHIZ12903CAEC08,0.31364176532809396
TRFRDZW128F429C337,TRFUJVJ128F426F2A2,7876.0,TREBGAA128E078FC52,6915.0,TRDPGXU128F9339C2A,6895.0,TRFUJVJ128F426F2A2,9.265400000000005,TREBGAA128E078FC52,8.430731249999985,TRDPGXU128F9339C2A,8.134043749999993,3,TRMEKRF12903CC80A6,609.384975789194,TRGEZSO128F426268D,600.3427273403728,TRQMGEQ128F145F0AF,590.0788169113448,0,TRMEKRF12903CC80A6,0.7674733890742158,TRGEZSO128F426268D,0.7560001819507821,TRQMGEQ128F145F0AF,0.7437197471761641,0,3,0,0,0,0,3,TRGLNKG128F9307689,158.52594317466952,TRDPGXU128F9339C2A,134.32969603506163,TRFUJVJ128F426F2A2,117.99996010551828,TRGLNKG128F9307689,0.13354841176244947,TRJXTLY128F146344E,0.10238799302207281,TRYZETA128F4261913,0.10066528011976737,TRXZVAD128E078F34E,252.91864825006516,TRIKPWO128F4265FA9,236.98615755646122,TRHJXVO128F9308F9F,227.90112458225667,TRXZVAD128E078F34E,0.3430875046438105,TRIKPWO128F4265FA9,0.3299585665880734,TRHJXVO128F9308F9F,0.31448073864894455
TRHVUCJ128F934B68C,TRWSYHO128F4282346,1451.0,TRFUJVJ128F426F2A2,1318.0,TRDPGXU128F9339C2A,1187.0,TRWSYHO128F4282346,1.7370906249999976,TRFUJVJ128F426F2A2,1.5301999999999987,TRDPGXU128F9339C2A,1.3856546874999973,3,TRKVZXR128F429035D,616.2755958834289,TRTVTYS128E0792887,603.6134045681712,TRPYPOE128F4248543,598.7906160938119,0,TRKVZXR128F429035D,0.7769301279624139,TRTVTYS128E0792887,0.7614979452464139,TRPYPOE128F4248543,0.7545010379247884,0,3,0,0,0,0,3,TRHOONO128E0786019,52.55538052249886,TRNOOJX128F14570D2,51.00385519263833,TRGLNKG128F9307689,48.44450339221351,TRNOOJX128F14570D2,0.056909317711933305,TRHOONO128E0786019,0.0566539050321116,TRVGTSJ128F92DF8E2,0.04859406195517258,TRNOOJX128F14570D2,242.2624479747344,TRHOONO128E0786019,222.5367176105629,TRUYHIL128F92E4B2C,221.4308485546399,TRNOOJX128F14570D2,0.3271515133529804,TRHOONO128E0786019,0.30794804319753805,TRUYHIL128F92E4B2C,0.3027610197254363
TRIBZVH128F934B68D,TRFUJVJ128F426F2A2,1358.0,TRDPGXU128F9339C2A,1172.0,TRGLNKG128F9307689,1076.0,TRFUJVJ128F426F2A2,1.5089000000000004,TRDPGXU128F9339C2A,1.3072781249999996,TRGLNKG128F9307689,1.2295593749999987,3,TRTQSPW128F147714F,502.6055877966588,TRABYAR128F931B1A4,491.67093705775653,TRNQCSM128F930C97C,471.23092936574034,0,TRTQSPW128F147714F,0.6429775687565498,TRABYAR128F931B1A4,0.6307495590298327,TRZLNPM128F42B3BF5,0.607793765392342,0,3,0,0,0,0,2,TRRZAFM128F92CFFA4,109.28505766146198,TRTLIKK128E07862DA,98.07047828492144,TRQIYYJ12903CC5B03,97.0547918349191,TRRZAFM128F92CFFA4,0.11245701202343977,TRAUYZG12903CDA4E9,0.09301817821301071,TRNOEST128F422AD89,0.0922276202696183,TRRZAFM128F92CFFA4,249.95608359497757,TRNOEST128F422AD89,243.5236980413928,TRAQRNL128F428A054,219.88394498705358,TRRZAFM128F92CFFA4,0.354463764727756,TRNOEST128F422AD89,0.3391252081267467,TRAUYZG12903CDA4E9,0.3156780898318001
TRZOLOQ128F428FA00,TRFUJVJ128F426F2A2,623.0,TRTLIKK128E07862DA,527.0,TRFLWJZ128F425C9E4,510.0,TRFUJVJ128F426F2A2,0.59935,TRTLIKK128E07862DA,0.5502812500000003,TRTUCHE128F425B7CC,0.5476187500000017,2,TRHVGTM128F148D772,416.22061054010464,TRWCLUA12903CFEFCD,401.5958239945955,TRCGSQQ128F42A352E,396.666496492179,0,TRHVGTM128F148D772,0.534408956120613,TRWCLUA12903CFEFCD,0.5189855735517976,TRCGSQQ128F42A352E,0.518232718424729,0,2,0,0,0,0,3,TRTCOWO128F930C444,113.06413713476802,TRTLIKK128E07862DA,107.69256631441469,TRFUJVJ128F426F2A2,106.98193406151817,TRTCOWO128F930C444,0.09466073849033318,TRTLIKK128E07862DA,0.0873880457927911,TRJAPCW128F930BBC8,0.0816604489938772,TRLCONT128F421FF97,235.75284819942348,TRCWVLO128F421A0B2,192.07691623390858,TRLMNJK128F4243FBA,189.3538540819901,TRLCONT128F421FF97,0.3212195041419097,TRCWVLO128F421A0B2,0.2842193240610487,TRLMNJK128F4243FBA,0.2788006075204048
TRFQWAQ128F14B084D,TRFUJVJ128F426F2A2,3021.0,TRWSYHO128F4282346,2329.0,TRDPGXU128F9339C2A,2184.0,TRFUJVJ128F426F2A2,3.449649999999995,TRWSYHO128F4282346,2.697806250000002,TRDPGXU128F9339C2A,2.4568718750000067,3,TRCKMDM128F148BEA7,584.8183367791299,TRYDNTB128F9331278,575.6709531579521,TRLQBZP12903CECC4A,573.7729899362905,0,TRCKMDM128F148BEA7,0.7449862482077669,TRYDNTB128F9331278,0.733394067028018,TRLQBZP12903CECC4A,0.7267941008784884,0,3,0,0,0,0,3,TRFUJVJ128F426F2A2,167.73421440141564,TRDPGXU128F9339C2A,154.7721654611468,TRDGICW128F42963E2,142.47750649629077,TRXDRNU128F42743CE,0.10480089479655867,TRTBBGQ128E078FE63,0.10364772822870746,TRXUQEE128F1468664,0.10292386806747471,TRPLRVY128F1473EBE,198.4494669060272,TRJQRAP128F9314B3F,192.98261942760828,TRXDRNU128F42743CE,191.86438200293568,TRPLRVY128F1473EBE,0.29521137992683744,TRTBBGQ128E078FE63,0.2936033595812697,TRXDRNU128F42743CE,0.2901893491617044
TRLKWJA128F92E154E,TRDPGXU128F9339C2A,787.0,TRBVPVV128F425F14F,776.0,TRRSNPA128F148C45E,719.0,TRBVPVV128F425F14F,0.8982828125000002,TRUEGMJ128F148D40C,0.8427234375000022,TRDPGXU128F9339C2A,0.831798437499998,2,TRNGQKV12903CD0AB4,441.9783098647192,TRSMEAQ128F931801D,419.8535901981538,TRJSFMG128F4294A6B,409.2720379102871,0,TRNGQKV12903CD0AB4,0.5613776561989384,TRSMEAQ128F931801D,0.5348470254830876,TRJSFMG128F4294A6B,0.5249714919813976,0,2,0,0,0,0,3,TRYVXVF128F9318052,482.0068922004344,TRMSLNM128F42AD842,453.03229485076236,TRNMWOG128F425E6D6,427.12035640785524,TRYVXVF128F9318052,0.5619820264903909,TRMSLNM128F42AD842,0.5364700424061509,TRNMWOG128F425E6D6,0.49911698248073877,TRSMEAQ128F931801D,520.2272839159667,TRTDIKN128F932C08B,496.08085171769324,TRPBCPV128F9302770,470.09950599333655,TRSMEAQ128F931801D,0.6588487267524257,TRTDIKN128F932C08B,0.6287589858984453,TRPBCPV128F9302770,0.5972369020175765
TRNQSWR128EF34375F,TRTLIKK128E07862DA,2670.0,TRFUJVJ128F426F2A2,2651.0,TRYQAJC128F145A2CF,2586.0,TRYQAJC128F145A2CF,3.1068937500000016,TRJAZRW12903CAFA01,2.953450000000001,TRTLIKK128E07862DA,2.9091875000000016,2,TRDGKXL128E07831AA,351.65632863684436,TRYQAJC128F145A2CF,335.4740149941778,TRXKZQN128F149CB73,324.9734050796399,1,TRDGKXL128E07831AA,0.45975612795704196,TRXKZQN128F149CB73,0.43066850856805156,TRYQAJC128F145A2CF,0.42653761230192777,1,2,1,1,1,1,3,TRWZUDO128F1495E26,253.09812656072734,TRFUJVJ128F426F2A2,234.07865487934535,TRTCOWO128F930C444,215.51360962004813,TRDFTPP128F427550C,0.22371653503973477,TRTAZFF128F425A282,0.19856019792082377,TRJAZRW12903CAFA01,0.18917724252810594,TRDFTPP128F427550C,228.84739613350004,TRBFVAA128F423C356,215.9162498658727,TRESEJT128F4271B69,215.8378728995479,TRDFTPP128F427550C,0.3100323398642787,TRTAZFF128F425A282,0.3054490160862343,TRESEJT128F4271B69,0.304428316037464
TRGQLSE128F93257D8,TRTLIKK128E07862DA,1494.0,TREADOS128E078EC1F,1075.0,TRFUJVJ128F426F2A2,1035.0,TRTLIKK128E07862DA,1.6575156249999976,TREADOS128E078EC1F,1.2071421874999992,TRLXCIQ128F429142D,0.9932500000000013,2,TRVHRFD12903CB432F,415.7423944804543,TRFLTPL128F429D92D,411.97789327969633,TRIILYW12903CDF75C,384.00631391992107,0,TRFLTPL128F429D92D,0.5332640701283287,TRVHRFD12903CB432F,0.5315028598171133,TRIILYW12903CDF75C,0.4948458974865205,0,2,0,0,0,0,3,TRNHPYS128F1460FAD,143.43863542910378,TRDUSIG12903CA5FCB,132.19471565743828,TRZKYAK128F4244485,126.94798975939088,TRNHPYS128F1460FAD,0.148668331565633,TRPFUBG128F934AD31,0.12257245505359358,TRZKYAK128F4244485,0.12046615835496302,TRNHPYS128F1460FAD,268.3731137989515,TRPFUBG128F934AD31,228.76141965191746,TRPYZYX128E0785B1E,226.60274966553138,TRNHPYS128F1460FAD,0.37680243779419564,TRPFUBG128F934AD31,0.3290833905961347,TREBGVR12903CFB56B,0.3094926735779371
TRCAWAA128F93257D1,TRFUJVJ128F426F2A2,3589.0,TRDPGXU128F9339C2A,2555.0,TRWSYHO128F4282346,2457.0,TRFUJVJ128F426F2A2,4.010149999999997,TRDPGXU128F9339C2A,2.7955984375000016,TRWSYHO128F4282346,2.760103125000005,3,TRYJFOZ12903CDCBD8,454.02648776684293,TRDIJKP12903CDCAF4,441.97827410448116,TRCBAMW128EF3435A0,440.60852017361026,0,TRYJFOZ12903CDCBD8,0.5841452226386992,TRDIJKP12903CDCAF4,0.5688475571419305,TRCBAMW128EF3435A0,0.56312139828566,0,3,0,0,0,0,3,TRTKAVS128F93096FD,189.167114043802,TRNEYNN128F92C21F7,181.5049601769215,TRGLNKG128F9307689,150.86985583158088,TRTKAVS128F93096FD,0.19796748027398628,TRNEYNN128F92C21F7,0.17678580112754563,TRWPSUL128F934AF4E,0.1458102924736141,TRHJYWA12903CF0831,277.05612877165817,TRTKAVS128F93096FD,248.4324370536725,TRWPSUL128F934AF4E,231.1239692710172,TRHJYWA12903CF0831,0.3574488793453273,TRTKAVS128F93096FD,0.3495283964705547,TRWPSUL128F934AF4E,0.321278154643634
TRWPRIF128EF34B8F8,TRFUJVJ128F426F2A2,2909.0,TRTLIKK128E07862DA,2041.0,TRDPGXU128F9339C2A,1815.0,TRFUJVJ128F426F2A2,3.2222499999999963,TRTLIKK128E07862DA,2.300937499999999,TRDPGXU128F9339C2A,1.9225312500000014,3,TRVWTVK128F429AAAB,533.7947300559698,TRFIFYV128F93556D2,483.18114993968936,TRMGICM128F92E2AB8,474.0404446543245,0,TRVWTVK128F429AAAB,0.6846821034003884,TRFIFYV128F93556D2,0.6247838357190857,TRMGICM128F92E2AB8,0.614847186264281,0,3,0,0,0,0,3,TRFUJVJ128F426F2A2,205.91065406809693,TRTLIKK128E07862DA,187.0999653784974,TROVSGS128F4274CEE,159.4196125530258,TRTLIKK128E07862DA,0.15456915264596588,TRMHIGD12903CB2AB5,0.12315300097071269,TREISQD128F9302F47,0.11850162853481472,TRWWVGC12903CB5C50,219.11164944736586,TRMIVIX128F42731D4,214.99686125999045,TRONFLL128F4277E99,214.5276511858568,TRMIVIX128F42731D4,0.3108174752756853,TRWWVGC12903CB5C50,0.30874698251049293,TREISQD128F9302F47,0.30846553058903103
TRKLLYD128F4273FF4,TRFUJVJ128F426F2A2,5555.0,TRWSYHO128F4282346,4147.0,TRGLNKG128F9307689,4014.0,TRFUJVJ128F426F2A2,6.377950000000001,TRWSYHO128F4282346,4.81398125,TRGLNKG128F9307689,4.671178125000003,3,TRKVLUS128EF345FD0,561.9981277825925,TRPBTSJ128F42A3168,560.6630118153267,TRMGLTT128F4275DDF,560.2936316012298,0,TRPBTSJ128F42A3168,0.7114579744009516,TRMGLTT128F4275DDF,0.7113010446343779,TRQYUKJ12903C9A1CE,0.7098931701274067,0,3,0,0,0,0,2,TRDPGXU128F9339C2A,201.89148178691073,TROYKQM128F428CCED,192.34953440992,TRAUNHR128F92DBBC1,182.4575032833909,TRRSRXG128E07888AF,0.17329126409842113,TRAUNHR128F92DBBC1,0.1593480094191633,TRNKKTV128F92DE53A,0.15629365824915076,TRPOKET12903CB2D00,218.46491380614827,TRVADAK12903CDDEEB,213.18611959252334,TRFPMSD128F427AB6B,196.1731549475888,TRVADAK12903CDDEEB,0.3233351987910357,TRPOKET12903CB2D00,0.2963676464540907,TRFPMSD128F427AB6B,0.2855448676968478
TRQJQNX128F4266704,TRFUJVJ128F426F2A2,2136.0,TRDPGXU128F9339C2A,1480.0,TRGLNKG128F9307689,1399.0,TRFUJVJ128F426F2A2,2.416999999999996,TRDPGXU128F9339C2A,1.638421875,TRGLNKG128F9307689,1.5938906249999996,3,TRDAJVD128F9303C8D,509.20272953060055,TRBIVSX128F145C183,492.86305235622876,TRNXDRD128F92DCE10,482.59055555178605,0,TRDAJVD128F9303C8D,0.6459665063087461,TRBIVSX128F145C183,0.6294273849928796,TRNXDRD128F92DCE10,0.6234445403238089,0,3,0,0,0,0,3,TRVVRNW128EF362423,124.73269276771089,TRDPGXU128F9339C2A,114.76603991181724,TRTLNAD128F428D058,109.79302680046627,TRVVRNW128EF362423,0.11896624763854308,TRTLNAD128F428D058,0.11701475600160675,TRIGRBJ128F1490099,0.08583719429679394,TRDIJWJ128F147F282,219.17777323777338,TRZUSDT128F4264391,207.77015990327723,TRTLNAD128F428D058,205.70656654813598,TRDIJWJ128F147F282,0.3078758364927148,TRZUSDT128F4264391,0.2990072217284643,TRRZZOH128F42ADA09,0.2922491542402074
TRYIKZR128E0783C64,TRDPGXU128F9339C2A,1522.0,TRFUJVJ128F426F2A2,1485.0,TRRSNPA128F148C45E,1342.0,TRDPGXU128F9339C2A,1.6736109375000001,TRFUJVJ128F426F2A2,1.582549999999999,TRRSNPA128F148C45E,1.5553390625000008,3,TRLNVUY128F1468C64,465.72654007757455,TRYWIXE128F9353971,461.8359338068206,TRQNGIX12903CF36EB,458.550641993919,0,TRLNVUY128F1468C64,0.6012765820603042,TRYWIXE128F9353971,0.5965315473346697,TRQNGIX12903CF36EB,0.5853071854852668,0,3,0,0,0,0,3,TRDPGXU128F9339C2A,121.57927069057023,TRIVUXU128F145A60B,116.27247413646535,TROVSGS128F4274CEE,114.13665966173356,TRQNGIX12903CF36EB,0.09915740474997815,TRTSJDG128F429B2BD,0.09596948317657943,TRJGIKY128F934B6AC,0.0957061574909435,TRQNGIX12903CF36EB,270.64814208174226,TROFTGV128F1458F77,241.16932367733676,TRWXPSX12903CEB577,209.08999969940896,TRQNGIX12903CF36EB,0.36205170063141234,TROFTGV128F1458F77,0.3267888346396581,TRWXPSX12903CEB577,0.3077964894406223
TRIOZOZ128F92FA0C2,TRDPGXU128F9339C2A,7906.0,TRCHZXW128E079288A,7598.0,TRKLJAG128F42B31CF,7414.0,TRDPGXU128F9339C2A,9.267000000000012,TRKLJAG128F42B31CF,9.042499999999968,TRCHZXW128E079288A,9.032999999999994,3,TRGLGNR128F1487A6F,604.9765177626276,TRRQENX128E078E5E2,596.4235027811523,TRFWLDO128F93613DF,590.5829344763306,0,TRGLGNR128F1487A6F,0.761836093336518,TRRQENX128E078E5E2,0.7505999415922849,TRFWLDO128F93613DF,0.7439489791176387,0,3,0,0,0,0,3,TREJHSZ128F148C11B,228.29648699286105,TRQWDRK128F4241A32,213.44559569856884,TRDGICW128F42963E2,203.8886787355564,TREJHSZ128F148C11B,0.17042930097810952,TRRQENX128E078E5E2,0.15151128214098888,TRDGICW128F42963E2,0.14375527610396288,TRSWSPD12903D01A14,259.7702680326413,TRYEMUJ128F92E0392,248.89888625784315,TROBKGY128F42644E4,231.74735424263898,TRSWSPD12903D01A14,0.35677926616042704,TRYEMUJ128F92E0392,0.32056442887835174,TROBKGY128F42644E4,0.3127932322791317
TRUHHWN128F93045BA,TRUGLTC128F4227B93,1981.0,TRRIRMX128F92E6272,1906.0,TRFUJVJ128F426F2A2,1870.0,TRUGLTC128F4227B93,2.1864000000000026,TRRIRMX128F92E6272,2.1797749999999962,TRSUMJS12903CA98EE,2.0489500000000036,2,TRRINDX128F426FFC7,308.5795989018667,TRJALGV12903D0447E,303.31607816366886,TRSUMJS12903CA98EE,262.30913588305447,1,TRRINDX128F426FFC7,0.40398375318503255,TRJALGV12903D0447E,0.3918310297917783,TRSUMJS12903CA98EE,0.344624943503443,0,2,0,0,1,1,3,TRJASND128F92E6260,243.25381019761465,TRJLMAI128F92EBB04,227.42104463046087,TRCLGZL128F14629E3,226.8266644366182,TRJASND128F92E6260,0.24577262423367116,TRCLGZL128F14629E3,0.2408185633184991,TRJLMAI128F92EBB04,0.2280806708308387,TRSCFAD128F42AA453,223.97795743993404,TRHHMHF128F423F004,222.9619778529861,TRJLMAI128F92EBB04,219.71896183154016,TRJLMAI128F92EBB04,0.3160502844539314,TRHHMHF128F423F004,0.3108169471237449,TRJASND128F92E6260,0.30584586310547823
TRJHNLI128F934B2CA,TRTLIKK128E07862DA,815.0,TRDPGXU128F9339C2A,724.0,TRFUJVJ128F426F2A2,724.0,TRTLIKK128E07862DA,0.9102812499999969,TRHNOMB12903CB2544,0.7705343750000008,TRFLWJZ128F425C9E4,0.770515625,1,TRWYKJO128F9321804,524.2447034377343,TRVHRFD12903CB432F,521.9285885725011,TRJGIKY128F934B6AC,491.5684565924251,0,TRWYKJO128F9321804,0.6720242612554111,TRVHRFD12903CB432F,0.6617835182605531,TRCOXLL128F427B2C0,0.632672464973576,0,1,0,0,0,0,2,TRDPGXU128F9339C2A,117.36857663018212,TRJZYQR128F148C5CE,105.85456313600268,TRDGICW128F42963E2,99.80817923534026,TROQUJK128F4254F90,0.09322726108724717,TRZYBSS128F145806B,0.09248074811693101,TRJZYQR128F148C5CE,0.09110417789881786,TRDCRSJ128F934AE59,238.08570411852392,TRNTOIK128F42586F1,231.08846508446308,TRZFBUY12903CD5663,216.90045853472765,TRDCRSJ128F934AE59,0.32923607488933876,TRNTOIK128F42586F1,0.3255024722473391,TREOTUB128F4294FD4,0.3030114022972633
TRQGFHN128F428643E,TRFUJVJ128F426F2A2,6553.0,TRWSYHO128F4282346,6296.0,TREBGAA128E078FC52,5931.0,TRFUJVJ128F426F2A2,7.531150000000006,TRWSYHO128F4282346,7.438603125000007,TREBGAA128E078FC52,7.171145312500007,3,TRIWDKR128F429D9EE,555.4256179196502,TRYYRLU12903D082FF,534.0020973257058,TRGXDVA128F9350A48,524.7636027438217,0,TRIWDKR128F429D9EE,0.7027788680568936,TRYYRLU12903D082FF,0.6772164810780862,TRGXDVA128F9350A48,0.6615524853091157,0,3,0,0,0,0,3,TRRUKSD128F9322FEF,349.9894177687306,TRQMAUL12903CE91AC,347.0706694889685,TRFMKJY128F92E89F1,321.7719864187508,TRRUKSD128F9322FEF,0.40807848206833364,TRQMAUL12903CE91AC,0.3638894701404378,TRONPIZ128F1454219,0.36106407205531554,TRRUKSD128F9322FEF,393.3378345326911,TRCQZCM128F425FD8C,388.1520961914767,TRCIOCW12903CD1DD6,379.10775879944487,TRRUKSD128F9322FEF,0.5087892481630195,TRCQZCM128F425FD8C,0.5066150452128548,TRCIOCW12903CD1DD6,0.4961618741398865
TRHCDHI128F92C4B9B,TRFUJVJ128F426F2A2,5014.0,TRWSYHO128F4282346,4682.0,TREBGAA128E078FC52,3907.0,TRFUJVJ128F426F2A2,5.7913999999999985,TRWSYHO128F4282346,5.541353124999989,TREBGAA128E078FC52,4.708770312500009,3,TRNHSZN128F930FF03,638.638279204461,TRBIMOX128F425EC2B,631.61087656978,TROUCXE128F426B6E7,630.8911937428431,0,TRNHSZN128F930FF03,0.8055664449826841,TRBIMOX128F425EC2B,0.7971794189891338,TROUCXE128F426B6E7,0.7964214263895867,0,3,0,0,0,0,3,TRQWDRK128F4241A32,273.01024395463406,TRYCBLK12903CE6A0E,260.3357690992652,TRBKQJB128F934EEF7,236.88869627489206,TRYCBLK12903CE6A0E,0.2268822177723132,TRQWDRK128F4241A32,0.22097643111147225,TRBKQJB128F934EEF7,0.20503800238675918,TRHKKHO128F930E29C,243.9060265054195,TRUTAJL128F423BDEA,229.83666990040047,TRYCBLK12903CE6A0E,213.40499823059795,TRYCBLK12903CE6A0E,0.33842819668095936,TRTVTYS128E0792887,0.33084055460952544,TRHKKHO128F930E29C,0.3274852359216364
TRVHKNP128F429DDCE,TRFUJVJ128F426F2A2,3135.0,TRWSYHO128F4282346,2542.0,TRDPGXU128F9339C2A,2420.0,TRFUJVJ128F426F2A2,3.4449499999999973,TRWSYHO128F4282346,2.8678562500000053,TRDPGXU128F9339C2A,2.6287718750000004,3,TRQWDLC128F93278E5,413.50470704423896,TRLBPSP128C719660D,400.5742185045865,TRYGDDQ128F42653A4,399.95882482396945,0,TRQWDLC128F93278E5,0.5377272114850229,TRQDUMO128F92E3896,0.5242725953050008,TRYGDDQ128F42653A4,0.5239390877455391,0,3,0,0,0,0,2,TRFUJVJ128F426F2A2,182.84553145749052,TRUWZJQ128F145E9F7,170.9585932218781,TRGAFJY128F1464C16,169.01891126197535,TRGAFJY128F1464C16,0.17762493371784463,TRUWZJQ128F145E9F7,0.15842087667730034,TRZLOFI128F9326477,0.15603603572195326,TRZLOFI128F9326477,239.0016584235928,TRGAFJY128F1464C16,234.21679782783627,TREIBLK128F148642C,210.22625494075027,TRZLOFI128F9326477,0.3377523120387453,TRGAFJY128F1464C16,0.32973176482895306,TRJNTQQ128F426BFD0,0.287550427934502
TREFLCZ128F4236589,TRFUJVJ128F426F2A2,1777.0,TRYQAJC128F145A2CF,1776.0,TRFFSMS128F428BC88,1498.0,TRYQAJC128F145A2CF,2.1645374999999993,TRFUJVJ128F426F2A2,1.9084500000000018,TRFFSMS128F428BC88,1.7715624999999966,3,TRZYFBE12903C9B44E,499.73175365022195,TRAVDBM128EF35E257,450.70393769165054,TRFXOCI128F42972B5,426.86958644462584,0,TRZYFBE12903C9B44E,0.6340553127318005,TRAVDBM128EF35E257,0.575011056267938,TRFXOCI128F42972B5,0.5454685055683166,0,3,0,0,0,0,3,TRNEYNN128F92C21F7,130.47799805605806,TRTCSSF128F425A986,108.73001663245435,TRXNMLB128F92ED60B,100.9359637212283,TRNEYNN128F92C21F7,0.1350527949126201,TRTCSSF128F425A986,0.1118951636146786,TRXNMLB128F92ED60B,0.10851744457294146,TRZZKOL128F93112EF,232.41380992436254,TRXNMLB128F92ED60B,223.55909255312446,TRNEYNN128F92C21F7,207.96266681520268,TRZZKOL128F93112EF,0.31828271931014435,TRXNMLB128F92ED60B,0.30957927141529884,TRNEYNN128F92C21F7,0.2952007130909491
TRQFRJG128F4260199,TRFUJVJ128F426F2A2,3473.0,TRDPGXU128F9339C2A,2908.0,TRWSYHO128F4282346,2291.0,TRFUJVJ128F426F2A2,3.9433500000000006,TRDPGXU128F9339C2A,3.302245312500007,TRWSYHO128F4282346,2.603709374999998,3,TRFLQUL128F93196AF,608.2528163244921,TRYKZBN128F427BC7B,580.7726126164099,TRNVKOI128E0799173,577.8900746759041,0,TRFLQUL128F93196AF,0.773323513414559,TRYKZBN128F427BC7B,0.7385221318397993,TRNVKOI128E0799173,0.7375630740202269,0,3,0,0,0,0,3,TRDPGXU128F9339C2A,181.2719857152588,TRFUJVJ128F426F2A2,157.56970076130088,TRDQIWP128F9342105,145.36179456936355,TRKTGZZ128F932A9E2,0.09740109271975922,TRVBRPP128F4294251,0.09069223257696599,TRRVIRD128F42AED3E,0.08910404977039953,TRVEUUV128F428AB29,234.89287100170952,TRKTGZZ128F932A9E2,187.7636115379616,TRFMQRD128F42890E5,184.49469252073,TRVEUUV128F428AB29,0.34077104523252494,TRKTGZZ128F932A9E2,0.29993714280626016,TRFMQRD128F42890E5,0.28355636388522754
TRMFSTL128F427B6C1,TRFUJVJ128F426F2A2,4268.0,TRDPGXU128F9339C2A,3816.0,TRWSYHO128F4282346,3325.0,TRFUJVJ128F426F2A2,4.854299999999998,TRDPGXU128F9339C2A,4.368001562499991,TRWSYHO128F4282346,3.842096874999988,3,TREUANG12903CF5E8E,604.9728552587454,TRPOHPA128F148B0EF,604.538165481228,TRGLGNR128F1487A6F,604.3988041778978,0,TREUANG12903CF5E8E,0.7664126056021127,TRPOHPA128F148B0EF,0.7658798907769248,TRGLGNR128F1487A6F,0.7653720646791049,0,3,0,0,0,0,3,TRCHZXW128E079288A,219.34325658449964,TRFUJVJ128F426F2A2,201.03289568313863,TRDPGXU128F9339C2A,191.32486037015883,TRQTPZY128F92F37F9,0.14500401893844347,TRCHZXW128E079288A,0.1383304344315991,TRDGICW128F42963E2,0.1202522416211588,TRNHATG128F428BC8A,213.53504535387054,TRSRDVR128F92E6CF4,210.48615223647954,TREUPHA128F4278F34,205.10078375785466,TREUPHA128F4278F34,0.32267810931970015,TRNHATG128F428BC8A,0.31934260908347745,TRANDPI128F425AF41,0.31897456620167003
TRALERK12903CDCAFD,TRFUJVJ128F426F2A2,1972.0,TRGUCIR128F933D817,1384.0,TRBVPVV128F425F14F,1382.0,TRFUJVJ128F426F2A2,2.198199999999998,TRBVPVV128F425F14F,1.6221937500000039,TRGUCIR128F933D817,1.603850000000001,3,TRNDRMY128E0792507,548.2930979335042,TRVFYVC128F426D705,537.8233618239905,TRYXRXL128F427F13A,523.7548088583561,0,TRNDRMY128E0792507,0.6986506430099624,TRVFYVC128F426D705,0.6878967658034362,TRYXRXL128F427F13A,0.6639397904075182,0,3,0,0,0,0,3,TRTLIKK128E07862DA,148.74866210284605,TRDPGXU128F9339C2A,147.73932909904303,TRQAWKR128F425EEC3,132.97074050135978,TRTLIKK128E07862DA,0.1306994238443364,TRQAWKR128F425EEC3,0.11511304859100642,TRCOXLL128F427B2C0,0.0889177439827592,TRFZIBC128F4236D35,222.17025312596815,TRCUFHY128F42485F0,211.7809853152738,TRMQMTC128F428A516,210.15395568954506,TRTLIKK128E07862DA,0.3170591427668153,TRFZIBC128F4236D35,0.3093155651779977,TRMQMTC128F428A516,0.3068543734078564
TRDIJKP12903CDCAF4,TRFUJVJ128F426F2A2,1761.0,TRDPGXU128F9339C2A,1390.0,TRGLNKG128F9307689,1161.0,TRFUJVJ128F426F2A2,1.9942500000000019,TRDPGXU128F9339C2A,1.5643906250000001,TRGLNKG128F9307689,1.3245468750000011,3,TRIWYZR128F92D289A,492.3502947419618,TRBZXAC12903CBB0CE,489.2859784289923,TROAPHC12903CF8CCB,487.67421157468937,0,TRIWYZR128F92D289A,0.6321840409012528,TRBZXAC12903CBB0CE,0.6292424298161395,TROAPHC12903CF8CCB,0.6228251496053563,0,3,0,0,0,0,3,TRFUJVJ128F426F2A2,102.87494246908406,TRQWDRK128F4241A32,92.50766248326603,TRZGZEJ128F92E99A7,89.83839305574826,TRZGZEJ128F92E99A7,0.07084092271393343,TRYVAWJ128E0781BA9,0.07025714512089787,TRGRDJF128F934EF03,0.06999178482964692,TRCICCA128F4234B4E,208.60287964480108,TRCMDXE128F92EC048,202.78508122784146,TRLOJQC128F932A9E6,195.4136567284669,TRCMDXE128F92EC048,0.2950622228917658,TRCICCA128F4234B4E,0.2947492749564852,TRLOJQC128F932A9E6,0.2868568283609948
TRZQYIJ128F92E7F49,TRFUJVJ128F426F2A2,1626.0,TRFSCLD12903CD213F,1182.0,TRKRVKD128F9327008,1013.0,TRFUJVJ128F426F2A2,1.7749000000000001,TRFSCLD12903CD213F,1.4243000000000003,TRKRVKD128F9327008,1.144974999999999,3,TRHYEBV12903CE8274,463.581758815246,TRUAOIK128F92EFCE7,436.73097767098255,TRORNTH12903CC53F0,432.66606768680487,0,TRHYEBV12903CE8274,0.5869391856534222,TRUAOIK128F92EFCE7,0.5552489765968329,TRFCTOF128F14B047B,0.5523507547078581,0,3,0,0,0,0,2,TRDUSIG12903CA5FCB,133.70744617389036,TRDPGXU128F9339C2A,128.70078387794345,TRWETTQ12903CF2084,106.13922091112964,TRFTCKF12903C9D9E3,0.11408863538983459,TRDFWPG128F148D4DF,0.102921653131581,TRDUSIG12903CA5FCB,0.09865841578097528,TRLXWYX128F426C74C,274.30436700911343,TRNQVNC12903CBE8E7,272.4556673981198,TRFTCKF12903C9D9E3,264.84953084919243,TRNQVNC12903CBE8E7,0.3609821262274906,TRFTCKF12903C9D9E3,0.3600149701154307,TRLXWYX128F426C74C,0.3546834644604173
TRMYVVL128F92E865E,TRFUJVJ128F426F2A2,2289.0,TRTLIKK128E07862DA,2216.0,TRDPGXU128F9339C2A,2135.0,TRTLIKK128E07862DA,2.5043906250000005,TRFUJVJ128F426F2A2,2.421950000000003,TRDPGXU128F9339C2A,2.3013734375000023,3,TRDWWFQ12903CDB482,451.4809289095372,TRRMQYQ128F42765E7,447.0036145926524,TRLXCIQ128F429142D,434.00469118132617,0,TRDWWFQ12903CDB482,0.5809928937741268,TRRMQYQ128F42765E7,0.5721870309909729,TRLXCIQ128F429142D,0.5582489746603887,0,3,0,0,0,0,3,TRWYKJO128F9321804,169.85142660926053,TRSFHPD128F149E8C1,146.81290852349346,TRCOXLL128F427B2C0,143.90267417316258,TRWYKJO128F9321804,0.15280213550739213,TRJOZBA128F9316640,0.1462672803128763,TRGGPDR128F42A56FC,0.12972437726593536,TRNBZTB12903CB120D,219.79965935149139,TRJOZBA128F9316640,218.80352218379772,TRDSHMN128E078F1D1,211.80119207219298,TRJOZBA128F9316640,0.31048116786053326,TRDSHMN128E078F1D1,0.3002066674209912,TRNBZTB12903CB120D,0.29163418384662426
TRIKFKO128F426A6FC,TRFUJVJ128F426F2A2,3160.0,TRDPGXU128F9339C2A,2246.0,TRQAWKR128F425EEC3,2051.0,TRFUJVJ128F426F2A2,3.6187999999999945,TRDPGXU128F9339C2A,2.5305249999999986,TRQAWKR128F425EEC3,2.2798000000000016,3,TRFUZAA128F428227C,448.71562268112916,TRUQRFW128F145877E,440.8171591330953,TRSAGOE128F4260C77,433.1927500079389,0,TRFUZAA128F428227C,0.5777648532054018,TRUQRFW128F145877E,0.5595505781204345,TRSAGOE128F4260C77,0.557300624962853,0,3,0,0,0,0,3,TRFUJVJ128F426F2A2,178.47205509578245,TRYPQUN12903D06214,131.8241637791693,TRIMUPV128F1486694,131.4263707509306,TRYPQUN12903D06214,0.12464063842993635,TRAXPGM128F428BBA6,0.11477571501126878,TRFUJVJ128F426F2A2,0.1118341183691529,TRAXPGM128F428BBA6,254.92097858348055,TRKVLUS128EF345FD0,244.78246259719523,TRXKSAZ12903CAFB8E,243.06149303599403,TRAXPGM128F428BBA6,0.34489333646637077,TRXKSAZ12903CAFB8E,0.3315329064185237,TRKVLUS128EF345FD0,0.3270601110158287
TRJAFPP128F426AB25,TRWSYHO128F4282346,5819.0,TRFUJVJ128F426F2A2,5190.0,TRHNOMB12903CB2544,4318.0,TRWSYHO128F4282346,6.925025,TRFUJVJ128F426F2A2,5.953899999999999,TRHNOMB12903CB2544,5.1760125000000095,3,TRDEPRW128F1456EB0,496.65121074740205,TRWDXEZ128F424A74E,496.65121074740205,TRMWREY128F427FCAD,484.3164407525082,0,TRDEPRW128F1456EB0,0.6292793229203554,TRWDXEZ128F424A74E,0.6292793229203554,TRMWREY128F427FCAD,0.6144659106620916,0,3,0,0,0,0,3,TRWTRMR128F1499D24,185.49663085591973,TRXOKDI12903CE3F75,154.24238485840684,TRFCCKL128F426EE8E,152.42112944091193,TRWTRMR128F1499D24,0.20755084038392366,TRXOKDI12903CE3F75,0.17685961206876707,TRCBAMW128EF3435A0,0.15327960999848073,TRXOKDI12903CE3F75,283.6381739965141,TRWTRMR128F1499D24,264.5643747294384,TRNYSCS128F427055D,245.31366927636768,TRXOKDI12903CE3F75,0.373313102241612,TRWTRMR128F1499D24,0.35285446428964073,TRNYSCS128F427055D,0.32685003376437266
TRYMCCD128F421CD27,TRFUJVJ128F426F2A2,4753.0,TRWSYHO128F4282346,3783.0,TRDPGXU128F9339C2A,3635.0,TRFUJVJ128F426F2A2,5.343249999999999,TRWSYHO128F4282346,4.337937499999996,TREBGAA128E078FC52,4.160218749999996,2,TRSTSNL128E0781C06,574.8750540641278,TRWLKBS12903CC57D7,569.4274170396346,TRYXJHS128F429E02B,566.9476555917644,0,TRSTSNL128E0781C06,0.7325219522759784,TRWLKBS12903CC57D7,0.7279971810899087,TRYXJHS128F429E02B,0.7233155202192146,0,2,0,0,0,0,3,TRFUJVJ128F426F2A2,347.23060202146206,TRDPGXU128F9339C2A,268.27306202338144,TRQWDRK128F4241A32,242.75719546786323,TRFUJVJ128F426F2A2,0.2063438708115959,TRKRVKD128F9327008,0.16224123849173494,TRFGQTH128F1453D85,0.15140273545683036,TRFGQTH128F1453D85,224.28660470764643,TRNUTPL12903D0517C,221.37800653864775,TRKBDQY128F92F1457,210.33943860793178,TROMMRU128F4250C74,0.3388101800988015,TRNUTPL12903D0517C,0.33094759841282173,TRFUJVJ128F426F2A2,0.327697503824459
TRVIFKS128F426813A,TRFUJVJ128F426F2A2,2491.0,TRDPGXU128F9339C2A,2308.0,TRFFSMS128F428BC88,2142.0,TRFUJVJ128F426F2A2,2.7641500000000003,TRDPGXU128F9339C2A,2.592637500000003,TRFFSMS128F428BC88,2.5646875000000064,3,TRHTXYK128F4293EEC,575.2688573722597,TRXDCIY128F93112FB,554.3655710860265,TRZZKOL128F93112EF,538.6108768353772,0,TRHTXYK128F4293EEC,0.730685325394385,TRXDCIY128F93112FB,0.7059013632518532,TRZZKOL128F93112EF,0.685946789689363,0,3,0,0,0,0,3,TRFUJVJ128F426F2A2,201.45932570375032,TRDPGXU128F9339C2A,151.47726491240925,TRYPQUN12903D06214,146.3739924262501,TRYPQUN12903D06214,0.1375665493040944,TRZXETI128C71965F2,0.13530950345253814,TRFUJVJ128F426F2A2,0.12598510762372556,TRZXETI128C71965F2,267.4393760897062,TRQMYAZ128F146672E,232.86818766730784,TRYPQUN12903D06214,216.68138436651614,TRZXETI128C71965F2,0.37718416023353823,TRQMYAZ128F146672E,0.3387268207065606,TRYPQUN12903D06214,0.32976723258166274
TRLHJMW128F1493BA1,TRFUJVJ128F426F2A2,3989.0,TRDPGXU128F9339C2A,3698.0,TRWSYHO128F4282346,3159.0,TRFUJVJ128F426F2A2,4.425049999999996,TRDPGXU128F9339C2A,4.153181249999999,TRWSYHO128F4282346,3.581987499999999,3,TRDPGXU128F9339C2A,542.4851664274614,TRKAIVZ128E07944DB,532.8361219162299,TRRYRGF128F42934E3,527.1439099284297,1,TRDPGXU128F9339C2A,0.7006273830040078,TRKAIVZ128E07944DB,0.6860587240275627,TRRYRGF128F42934E3,0.6789315977170077,1,3,1,1,1,1,3,TRFUJVJ128F426F2A2,274.76296982346605,TRDPGXU128F9339C2A,247.3404089465848,TRGLNKG128F9307689,223.03044514559872,TRGDBXO128F1480976,0.15982533411139482,TRLAVNZ128F92E4275,0.1595205227014154,TRLDJMI128E078F6F9,0.15131666006424502,TRKNLOA128F4272646,206.32354522301216,TREMGLA128F931FAB3,202.34144600679693,TRYIIMQ128F4279AA3,187.79025427700455,TRLAVNZ128F92E4275,0.293720289761126,TRYIIMQ128F4279AA3,0.2937048096281839,TREMGLA128F931FAB3,0.2829537377348955
TRZGXNM128F1451ADF,TRFUJVJ128F426F2A2,2778.0,TRDPGXU128F9339C2A,2016.0,TRTLIKK128E07862DA,1833.0,TRFUJVJ128F426F2A2,3.0654000000000003,TRDPGXU128F9339C2A,2.1795515625000004,TRTLIKK128E07862DA,2.0451093750000022,3,TRPIXDK128F92FAD24,513.0727076941646,TRNPTEG128F4226F32,501.64423746332096,TRKKSER128F4241C16,489.2506295313737,0,TRPIXDK128F92FAD24,0.649652866201779,TRNPTEG128F4226F32,0.6422040191894371,TRKKSER128F4241C16,0.6240552973474305,0,3,0,0,0,0,3,TRLLYKL128F426F270,184.96323021155507,TRFUJVJ128F426F2A2,180.36894634035306,TRDGICW128F42963E2,174.37419271225897,TRLLYKL128F426F270,0.16364468559970718,TRDGICW128F42963E2,0.13234500524660825,TRZSUSN128F4240FCE,0.12316755912892376,TRJNBKB12903CEE0E6,270.9065508824137,TRDBOVM128F4268BB9,256.2606914698664,TRIWIDE128F9350355,217.14406193194822,TRJNBKB12903CEE0E6,0.36914159705691013,TRDBOVM128F4268BB9,0.3523104498948682,TRLLYKL128F426F270,0.32782600540089046
TROGUOT128F147F39A,TRFUJVJ128F426F2A2,4990.0,TRWSYHO128F4282346,3658.0,TRGLNKG128F9307689,3483.0,TRFUJVJ128F426F2A2,5.8603,TRWSYHO128F4282346,4.325987499999999,TRGLNKG128F9307689,4.122868749999998,3,TRZBPGN128F92EDF7E,672.4985557407014,TRPBTSJ128F42A3168,669.704535341263,TRDENDW128F42747AE,667.9102971600602,0,TRZBPGN128F92EDF7E,0.8467369926646121,TRPBTSJ128F42A3168,0.8429679722119156,TRDENDW128F42747AE,0.840067919980346,0,3,0,0,0,0,3,TRPUEFZ128F146269E,164.3431252988251,TRHDXOY128F42B3BE9,164.3431252988251,TRDPGXU128F9339C2A,152.80133927425098,TRPUEFZ128F146269E,0.14830404132920372,TRHDXOY128F42B3BE9,0.14830404132920372,TRVRIIT12903CD89B7,0.10144293874350843,TRWYGFY128F1495A92,223.43063834001686,TRIUETR128F93202A8,222.63860435976693,TRRZDYD128F428BC8B,221.19438177297306,TRIUETR128F93202A8,0.3301421506205488,TRPUEFZ128F146269E,0.3265765429751827,TRHDXOY128F42B3BE9,0.3265765429751827
TRJYSJS128EF356B75,TRFUJVJ128F426F2A2,9791.0,TRWSYHO128F4282346,8922.0,TRVLIZK128F428845E,7795.0,TRFUJVJ128F426F2A2,11.461349999999996,TRWSYHO128F4282346,10.644443749999999,TRVLIZK128F428845E,9.445887500000003,3,TREOUWD128F14903BB,667.1150779351776,TRRBFPC12903CDF853,593.3294305763973,TRVWFVQ128F9316F97,592.8506078023429,0,TREOUWD128F14903BB,0.8377308272040479,TRVWFVQ128F9316F97,0.7489598668381433,TRRBFPC12903CDF853,0.748672022688164,0,3,0,0,0,0,3,TRFUJVJ128F426F2A2,282.301772237736,TRDPGXU128F9339C2A,228.03162946677253,TRDUSIG12903CA5FCB,223.50257516932194,TRFUJVJ128F426F2A2,0.17049837837228451,TRVNSDW128F933BB4F,0.1675019093478626,TROVSGS128F4274CEE,0.16705143854405274,TREOUWD128F14903BB,305.2487007687553,TRIRCTN128F93444F9,258.89676093993614,TRJZZCN128E07938C5,233.54233630888413,TREOUWD128F14903BB,0.4170842574571826,TRIRCTN128F93444F9,0.3669224453377999,TRJZZCN128E07938C5,0.33302440344908957
TRSUANW128F930BD52,TRFUJVJ128F426F2A2,2009.0,TRDPGXU128F9339C2A,1722.0,TRCHZXW128E079288A,1405.0,TRFUJVJ128F426F2A2,2.200749999999999,TRDPGXU128F9339C2A,1.8928359374999986,TRCHZXW128E079288A,1.5602890624999979,3,TRETTPG128F9343EE4,460.07465372836464,TRGQBAX128F426EFCA,457.98210151086164,TRVCMKE128F42454CC,452.78951573411445,0,TRETTPG128F9343EE4,0.5980200053758546,TRGQBAX128F426EFCA,0.5941583075925528,TRVCMKE128F42454CC,0.586963426420464,0,3,0,0,0,0,3,TRFUJVJ128F426F2A2,159.08222087003668,TRQWDRK128F4241A32,155.63689624947813,TRYCBLK12903CE6A0E,146.34136192006542,TRQFAIY128F1452CA5,0.12190643787839768,TRYCBLK12903CE6A0E,0.10748073124175572,TRQWDRK128F4241A32,0.10244795585546751,TRTSSRY128F149746B,220.87543572881526,TRHERLM12903CC610E,192.0334337262135,TRQFAIY128F1452CA5,185.19617341578112,TRTSSRY128F149746B,0.30814267276626717,TRQFAIY128F1452CA5,0.2756361754705262,TRHERLM12903CC610E,0.27250678210290186
TRRIRCF128F426A606,TRFUJVJ128F426F2A2,8798.0,TRWSYHO128F4282346,7672.0,TRGLNKG128F9307689,7036.0,TRFUJVJ128F426F2A2,10.220099999999992,TRWSYHO128F4282346,9.081943749999992,TRGLNKG128F9307689,8.319159375000005,3,TRYLMXY128C71967B6,624.9220159396858,TRPDVBK128F92FFEA1,620.1814822687002,TRJMIIA128F42A34AE,613.4944517163424,0,TRYLMXY128C71967B6,0.7874136640838154,TRPDVBK128F92FFEA1,0.7824166637149198,TRJMIIA128F42A34AE,0.7746958016316867,0,3,0,0,0,0,3,TRFUJVJ128F426F2A2,236.08213408875218,TRXOKBX128F426612B,221.1331200122185,TRDUSIG12903CA5FCB,211.71634913284691,TRXOKBX128F426612B,0.21148114492069292,TRMTSQY128E078EED6,0.17082590169554668,TRWLPQW128C7196C87,0.1600107909988535,TRWLPQW128C7196C87,250.85378226981462,TRXOKBX128F426612B,232.84782716822386,TRLFGEI128F145BCFB,232.79226445108964,TRWLPQW128C7196C87,0.3585380117322224,TRXOKBX128F426612B,0.34902635473980514,TRLFGEI128F145BCFB,0.3278026315608433
TREUPHA128F4278F34,TRFUJVJ128F426F2A2,7579.0,TRWSYHO128F4282346,6234.0,TRDPGXU128F9339C2A,5254.0,TRFUJVJ128F426F2A2,8.705549999999992,TRWSYHO128F4282346,7.290456249999994,TREBGAA128E078FC52,6.112665625000003,2,TRZNHJN128F4293FC2,608.4066187210115,TRANDPI128F425AF41,605.6042925419923,TRVVIWJ128F42697BA,580.8664140487807,0,TRZNHJN128F4293FC2,0.7709399009187753,TRANDPI128F425AF41,0.7679262438085412,TRVVIWJ128F42697BA,0.7391723196073088,0,2,0,0,0,0,3,TRIPIMD128F92D3E12,217.66494315247542,TRDPGXU128F9339C2A,210.86506158845464,TRFUJVJ128F426F2A2,210.0699745537494,TRIPIMD128F92D3E12,0.2030092383110471,TRWXSWA128F1456793,0.17541171865131364,TRTZIYO128E078879C,0.1745872994324172,TRPVEXL128F42732C5,310.7676503834592,TRZNHJN128F4293FC2,265.7529299858404,TROZGTB128F427488F,265.6201644855303,TRPVEXL128F42732C5,0.42722739760020473,TRZNHJN128F4293FC2,0.3899333887186531,TROZGTB128F427488F,0.38086206160528485
TRQAWKR128F425EEC3,TRFUJVJ128F426F2A2,22971.0,TRWSYHO128F4282346,19432.0,TRDPGXU128F9339C2A,15159.0,TRFUJVJ128F426F2A2,25.811149999999994,TRWSYHO128F4282346,22.39305624999999,TRDPGXU128F9339C2A,16.521371875000003,3,TRJEAVP128F42B83F0,457.44077989500136,TRMJBIJ128F93391B9,451.499058336073,TRPHUZK128F146A63D,432.9400661776199,0,TRJEAVP128F42B83F0,0.5897635004021178,TRMJBIJ128F93391B9,0.5880589018332385,TROWDOO128F9361D3E,0.5623304492220924,0,3,0,0,0,0,2,TRFUJVJ128F426F2A2,586.4028698272313,TRBCPZS128F145ECC1,537.6366216256879,TRQXYGU128E079236A,522.7680003150882,TRBCPZS128F145ECC1,0.4795931013418697,TROQUJK128F4254F90,0.4774129158966937,TRJJNLV128F92DF509,0.46631415555146033,TRGANKE128F4275BFF,299.4619639174974,TRJRCCY128F930C12F,294.73229431911795,TRJJNLV128F92DF509,272.49525929008047,TRJJNLV128F92DF509,0.3976972179083154,TRQXYGU128E079236A,0.3911129450535214,TROQUJK128F4254F90,0.3851028698729677
TRCYAYD128F92F3758,TRFUJVJ128F426F2A2,4979.0,TRUGLTC128F4227B93,4785.0,TRVLIZK128F428845E,4464.0,TRUGLTC128F4227B93,5.73189375,TRFUJVJ128F426F2A2,5.685550000000002,TRVLIZK128F428845E,5.373787499999997,3,TRJKOIH12903CE7D34,496.1283332081346,TRPOYGS128F426BF0C,478.3031349674029,TRMBQDJ128F425F283,476.99420559998674,0,TRJKOIH12903CE7D34,0.6283285693322629,TRPOYGS128F426BF0C,0.6096649878630613,TRMBQDJ128F425F283,0.604518605708452,0,3,0,0,0,0,3,TRFUJVJ128F426F2A2,291.92437342670723,TRQAWKR128F425EEC3,208.28029957800504,TRDPGXU128F9339C2A,190.831265639159,TRFUJVJ128F426F2A2,0.2243042530330747,TRQAWKR128F425EEC3,0.1896789962204567,TREMIDG128F92E5580,0.16887485742706254,TRTQMAZ128F4273C71,274.64325512360045,TRMVGKO128E078552F,245.90854631257562,TRBXTWV128F92F3634,227.5118330583853,TRTQMAZ128F4273C71,0.3690216024747901,TRMVGKO128E078552F,0.34993549415721353,TRQGOOD128F429CD06,0.3309045640789886
TRGJXNX128F92F8757,TRFUJVJ128F426F2A2,4104.0,TRDPGXU128F9339C2A,4058.0,TRWSYHO128F4282346,3618.0,TRDPGXU128F9339C2A,4.453153124999998,TRFUJVJ128F426F2A2,4.389399999999998,TRWSYHO128F4282346,4.038493749999998,3,TRKGULH128F428C170,533.3660209957123,TRQGOOD128F429CD06,529.1173220685318,TRWFXWM128F148D2D1,496.9410073812184,0,TRKGULH128F428C170,0.6893796234755959,TRQGOOD128F429CD06,0.6782559135932518,TRWFXWM128F148D2D1,0.6453767728066259,0,3,0,0,0,0,3,TRFUJVJ128F426F2A2,326.08827992462477,TRDPGXU128F9339C2A,311.4759360375377,TRWSYHO128F4282346,263.1729813549695,TRUWZJQ128F145E9F7,0.23471562842487775,TRWSYHO128F4282346,0.2329177036047785,TREXCMT128F933D825,0.22948306109922176,TRABNVL128F14A9685,266.74617555258527,TRQMBFX128F9309F32,230.4000353322272,TREXCMT128F933D825,227.38203689408823,TRABNVL128F14A9685,0.37093179480225213,TREXCMT128F933D825,0.3551921773243002,TRUWZJQ128F145E9F7,0.3392912627997535
TRNQDAJ128F92F4AE0,TRFUJVJ128F426F2A2,5698.0,TRWSYHO128F4282346,4709.0,TRBEBJO128C719646B,4008.0,TRFUJVJ128F426F2A2,6.393400000000001,TRWSYHO128F4282346,5.409759375000004,TREBGAA128E078FC52,4.742035937500007,2,TRRXHUS128F4289B89,558.2283822747924,TRWNUXN128F93095BF,503.0680470887993,TRBEBJO128C719646B,500.51201651332747,0,TRRXHUS128F4289B89,0.7116653289954948,TROHAHB128F4284DCA,0.6444344381904505,TRBEBJO128C719646B,0.6425857531241738,1,2,1,1,0,0,2,TRFUJVJ128F426F2A2,290.72820496741883,TRDPGXU128F9339C2A,285.7694297828769,TRWHWLL128F4264927,280.6312802034596,TRWHWLL128F4264927,0.3028527833839013,TRGOMIJ128F4263AD6,0.22166919241536362,TRFPSBS128F4298DD4,0.19325077614263075,TRWHWLL128F4264927,351.5820297738083,TRGOMIJ128F4263AD6,254.6066990472082,TRFPSBS128F4298DD4,240.09064818211655,TRWHWLL128F4264927,0.47358245040502,TRGOMIJ128F4263AD6,0.370536067310815,TRFPSBS128F4298DD4,0.35355511031013254
TRHKYKI128E07921BC,TRDPGXU128F9339C2A,5514.0,TRCHZXW128E079288A,4976.0,TRFUJVJ128F426F2A2,4622.0,TRDPGXU128F9339C2A,6.328932812499993,TRCHZXW128E079288A,5.794692187499997,TRXHFMI128F429B2F2,5.2490515624999965,2,TROSKLK128F145806A,604.2383798975316,TRCHZXW128E079288A,601.3964406859983,TRNDOZZ128F92F336C,589.0071043704658,1,TROSKLK128F145806A,0.7666848213591823,TRCHZXW128E079288A,0.7642215266355509,TRNDOZZ128F92F336C,0.7497658843732983,1,2,1,1,1,1,3,TRDPGXU128F9339C2A,312.51579873589634,TRCHZXW128E079288A,283.36993896432426,TRYHHPK128F42A4CAF,228.4407086832503,TRCHZXW128E079288A,0.208565550907898,TRDPGXU128F9339C2A,0.20637665340110073,TRBVPVV128F425F14F,0.18232626917970776,TRAWTIB128F4284E49,219.44282274452675,TRMHLKD12903C98020,213.3451498091741,TRFSQXF128F9311B25,198.3753388885199,TRMHLKD12903C98020,0.32373048877672145,TRAWTIB128F4284E49,0.3185896879118399,TRDPGXU128F9339C2A,0.3172659381135095
TRTJYFF128F9340CA9,TRFUJVJ128F426F2A2,2496.0,TRBVPVV128F425F14F,2054.0,TRGUCIR128F933D817,2044.0,TRFUJVJ128F426F2A2,2.6255000000000006,TRBVPVV128F425F14F,2.372320312500001,TRGUCIR128F933D817,2.321187500000001,3,TRIRFPC128E0792392,400.0402153692201,TRPHJTC128F92D2883,389.9945782942388,TRTQGTZ128E079387E,368.2095355704775,0,TRIRFPC128E0792392,0.5247903083791047,TRPHJTC128F92D2883,0.5052363035421391,TRFVYRV128F42BBAA0,0.4831657252356816,0,3,0,0,0,0,2,TRDPGXU128F9339C2A,264.5145201020481,TRFUJVJ128F426F2A2,211.20113725431247,TRWZUDO128F1495E26,193.18333756556996,TRGDMGM128F4263C48,0.16289252737840074,TRXJTJZ128F4295464,0.15779995699218546,TRDPGXU128F9339C2A,0.14788381755012522,TRCLAQP128F428C798,268.3898612616472,TRBLKDN12903CCB8B7,254.7806484194222,TRXXOGD12903CACFEC,232.39542762157555,TRCLAQP128F428C798,0.3691830397530088,TRBLKDN12903CCB8B7,0.35821554384206594,TRXXOGD12903CACFEC,0.326109985776538
TRMBGMX128F92FD769,TRFUJVJ128F426F2A2,12494.0,TRWSYHO128F4282346,9967.0,TRGLNKG128F9307689,8848.0,TRFUJVJ128F426F2A2,14.5112,TRWSYHO128F4282346,11.735746874999997,TREBGAA128E078FC52,10.598404687499999,2,TROSAQJ128F92D308C,639.2614940493321,TRGLJRY128F14841E2,610.5103631536298,TRBJXPW128F428D3CD,609.3578157072055,0,TROSAQJ128F92D308C,0.8054571054467728,TRBJXPW128F428D3CD,0.770880030994126,TRQYUKJ12903C9A1CE,0.769442004214009,0,2,0,0,0,0,2,TRFUJVJ128F426F2A2,384.2404164749253,TRDPGXU128F9339C2A,332.80538277238185,TRVDTEO128F14956CF,267.7381241735541,TRFUJVJ128F426F2A2,0.2401506133846113,TREHLBY128F92F81D2,0.21115962761861165,TRVDTEO128F14956CF,0.20340068497567945,TREHLBY128F92F81D2,209.29484659888402,TRQDCPN128F1453C8B,204.56218516205024,TRGIRRP128C7196606,196.1741007455235,TREHLBY128F92F81D2,0.3290830501229229,TRCEFOS128F933D79B,0.3202920168330497,TRVDTEO128F14956CF,0.3167994935089778
TRWMZQL128F9306DCB,TRFUJVJ128F426F2A2,7134.0,TRWSYHO128F4282346,6537.0,TRDPGXU128F9339C2A,6522.0,TRFUJVJ128F426F2A2,8.243599999999992,TRWSYHO128F4282346,7.7308343750000015,TREBGAA128E078FC52,7.592323437499967,2,TRPDWLW128F424DF76,765.6510808224486,TRKRUNZ128E0784AC1,632.4539691693954,TRWKDZE128F1451EAC,626.8238834074,0,TRPDWLW128F424DF76,0.9577936708564238,TRKRUNZ128E0784AC1,0.793572943575263,TRWKDZE128F1451EAC,0.7879539273141432,0,2,0,0,0,0,3,TRPDWLW128F424DF76,227.44109683580837,TRDPGXU128F9339C2A,184.5600288118123,TRFUJVJ128F426F2A2,155.66880155530615,TRPDWLW128F424DF76,0.26346738378210277,TRKJHIA128F4252CD7,0.1165050874021452,TRHVNJF128F934B8C0,0.11547576447888944,TRPDWLW128F424DF76,705.0154839096892,TRKTPMH128F42893A6,252.71125352295556,TRIUBAR128F146BD74,230.5639295580152,TRPDWLW128F424DF76,0.8889923564633931,TRKTPMH128F42893A6,0.36568061416960296,TRIUBAR128F146BD74,0.34123765228973024
TRRIZDV128F92C1F17,TRDPGXU128F9339C2A,1039.0,TRFUJVJ128F426F2A2,1025.0,TRBEBJO128C719646B,989.0,TRDPGXU128F9339C2A,1.1737265625,TRBEBJO128C719646B,1.1618046874999979,TRKLJAG128F42B31CF,1.134296874999996,2,TRQGVKY12903CDE8FD,455.5876456574904,TRXMQNH128F4287D61,451.98876248122673,TRHEDYV128F14856FC,451.2924290529435,0,TRQGVKY12903CDE8FD,0.5804846047689669,TRXMQNH128F4287D61,0.5771466951321084,TRHEDYV128F14856FC,0.575380998347272,0,2,0,0,0,0,3,TRFUJVJ128F426F2A2,92.28922178177795,TRKRVKD128F9327008,75.1135278345527,TRDPGXU128F9339C2A,66.63703643901408,TRUITJJ128F4226AA6,0.07118445724316849,TRKRVKD128F9327008,0.06854693943865792,TRFUJVJ128F426F2A2,0.06845792249332912,TRXJQRT128F147B958,284.2190096635055,TRUITJJ128F4226AA6,253.46437924820742,TRMGBED128F426259E,242.84358446752339,TRXJQRT128F147B958,0.3740609905782248,TRUITJJ128F4226AA6,0.33903519450207215,TRMGBED128F426259E,0.33076759808192313
TREXAZN128F425A825,TRFUJVJ128F426F2A2,4849.0,TRWSYHO128F4282346,3575.0,TRUGLTC128F4227B93,3340.0,TRFUJVJ128F426F2A2,5.54835,TRWSYHO128F4282346,4.133553125000002,TRUGLTC128F4227B93,3.9373656250000035,3,TRXYPVB12903CD976E,566.475817264884,TRDENDW128F42747AE,558.2868907311853,TRPDVBK128F92FFEA1,556.4469560004529,0,TRXYPVB12903CD976E,0.7196103777143457,TRDENDW128F42747AE,0.7081814897881549,TRPDVBK128F92FFEA1,0.7073473561605901,0,3,0,0,0,0,3,TRFUJVJ128F426F2A2,251.65677526475625,TRDPGXU128F9339C2A,244.68023441418586,TRLDRYJ128F930BBB4,179.16431977103667,TRFUJVJ128F426F2A2,0.14789091839222615,TRDPGXU128F9339C2A,0.13595957364434133,TRLDRYJ128F930BBB4,0.12818212168709697,TRMIVIX128F42731D4,195.68900296096083,TRYRGJV128F42690CC,195.1404518074801,TRWWVGC12903CB5C50,192.21154767226648,TRMIVIX128F42731D4,0.29223223382176894,TRYRGJV128F42690CC,0.28800058224003516,TRWWVGC12903CB5C50,0.2800637184057375
TRFYGMB128F425A7A2,TRFUJVJ128F426F2A2,8293.0,TRWSYHO128F4282346,7445.0,TREBGAA128E078FC52,6090.0,TRFUJVJ128F426F2A2,9.706150000000006,TRWSYHO128F4282346,8.874853125000008,TREBGAA128E078FC52,7.369895312500009,3,TREIEOO128F42B0099,661.1204437366172,TRNHSZN128F930FF03,658.3050428908564,TRZCHKB128F92CB740,654.2936129298488,0,TREIEOO128F42B0099,0.8328130724606821,TRNHSZN128F930FF03,0.829075976700141,TRZCHKB128F92CB740,0.825193747963769,0,3,0,0,0,0,3,TRFUJVJ128F426F2A2,262.76159203292053,TRDPGXU128F9339C2A,240.79425961156176,TRKRVKD128F9327008,187.8694486475659,TRFUJVJ128F426F2A2,0.1447846573610861,TRWAOJW128F42B01C9,0.13702548147598834,TRZCHKB128F92CB740,0.13605570056157887,TRFVQEA128F4218DD2,251.89659972630866,TRWAOJW128F42B01C9,235.33304381387228,TRVWNMB128F425A368,215.33399289489822,TRFVQEA128F4218DD2,0.3631800643306515,TRWAOJW128F42B01C9,0.3591260966433739,TRVWNMB128F425A368,0.32471797564134225
TRSRDVR128F92E6CF4,TRWSYHO128F4282346,5891.0,TRFUJVJ128F426F2A2,5886.0,TREBGAA128E078FC52,4997.0,TRWSYHO128F4282346,7.021037499999985,TRFUJVJ128F426F2A2,6.833100000000001,TREBGAA128E078FC52,6.053518749999983,3,TRNHATG128F428BC8A,796.3288150246436,TRLQBZP12903CECC4A,627.5298728668647,TRAQOZG128F4263EE2,608.5966208549628,0,TRNHATG128F428BC8A,0.9955455951265381,TRLQBZP12903CECC4A,0.7907233705356336,TRAQOZG128F4263EE2,0.7681179384037037,0,3,0,0,0,0,3,TRNHATG128F428BC8A,345.4986089214001,TRTLIKK128E07862DA,188.17176597287207,TRUWZJQ128F145E9F7,180.33718681938387,TRNHATG128F428BC8A,0.4049679607732314,TRAJVCL128F932A6F3,0.16905266010472103,TRUWZJQ128F145E9F7,0.16489002569251032,TRNHATG128F428BC8A,785.26784765079,TRJYSKH128F93068B2,277.65093741522,TROTTNB128F4264052,263.6525733120647,TRNHATG128F428BC8A,0.982708390257736,TRJYSKH128F93068B2,0.3785461238414817,TROTTNB128F4264052,0.37660005817739856
TRNHATG128F428BC8A,TRWSYHO128F4282346,5753.0,TRFUJVJ128F426F2A2,5725.0,TREBGAA128E078FC52,4868.0,TRWSYHO128F4282346,6.8605624999999915,TRFUJVJ128F426F2A2,6.650249999999996,TREBGAA128E078FC52,5.899031250000012,3,TRSRDVR128F92E6CF4,796.3288150246442,TRLQBZP12903CECC4A,623.9777572528255,TRAQOZG128F4263EE2,611.61516203784,0,TRSRDVR128F92E6CF4,0.9955455951265381,TRLQBZP12903CECC4A,0.7863453831346229,TRAQOZG128F4263EE2,0.7716834565632026,0,3,0,0,0,0,3,TRSRDVR128F92E6CF4,345.4986089214001,TRTLIKK128E07862DA,176.46327781276196,TRUWZJQ128F145E9F7,160.9388904123069,TRSRDVR128F92E6CF4,0.4049679607732314,TRAJVCL128F932A6F3,0.16019316388436458,TROTTNB128F4264052,0.14547976736770185,TRSRDVR128F92E6CF4,785.2678476507829,TRJYSKH128F93068B2,270.13987600788346,TRJLMIR128F4291348,259.50698036328026,TRSRDVR128F92E6CF4,0.982708390257736,TRJYSKH128F93068B2,0.36932644599745096,TRAJVCL128F932A6F3,0.3556681330770264
TREMCSO128F4215877,TRTHNFG12903D0CE54,2382.0,TRRKWPY12903CAAC5D,2139.0,TRWAGNG128F4286598,2070.0,TRTHNFG12903D0CE54,2.842828124999997,TRRKWPY12903CAAC5D,2.5882187499999945,TRWAGNG128F4286598,2.4961250000000064,3,TROOIOM128F423D00D,603.9558768108466,TRDEIBZ128F14A2336,603.106758805031,TRQEFSL12903CAAC57,595.0353220873392,0,TRDEIBZ128F14A2336,0.7600404918828338,TROOIOM128F423D00D,0.7593498242919043,TRQEFSL12903CAAC57,0.7500954419169308,0,3,0,0,0,0,3,TRIJHLY12903D0CE4D,668.2403620902737,TRTHNFG12903D0CE54,652.364670157776,TRMTPJG128F428F66B,626.8651315020192,TRIJHLY12903D0CE4D,0.7571519955540612,TRTHNFG12903D0CE54,0.735242435458628,TRMTPJG128F428F66B,0.708434101701356,TRUGDLC128F428EA24,519.3978967771541,TRTVFBC128F9334F3B,496.9308650906016,TRMEWPJ128EF34AB71,490.4826737400633,TRUGDLC128F428EA24,0.6650959595759786,TRTVFBC128F9334F3B,0.6365589165410266,TRMEWPJ128EF34AB71,0.6293609698043177
TRMMVPU128F145EC99,TRTHNFG12903D0CE54,3252.0,TRWAGNG128F4286598,2707.0,TRIJHLY12903D0CE4D,2568.0,TRTHNFG12903D0CE54,3.8851734375000073,TRWAGNG128F4286598,3.261737499999995,TRIJHLY12903D0CE4D,3.051454687499998,3,TRYQYFV128F4243793,580.5198546725393,TRASCZE128F4234D85,574.9012630065134,TRTSIYO128F9339267,570.6624909819529,0,TRYQYFV128F4243793,0.731668371221979,TRASCZE128F4234D85,0.724427634398472,TRTSIYO128F9339267,0.7207350918709684,0,3,0,0,0,0,3,TRTHNFG12903D0CE54,801.0532314885153,TRIJHLY12903D0CE4D,696.2476006776739,TRKHIVL128F9303677,661.0349839281855,TRTHNFG12903D0CE54,0.913171587016727,TRIJHLY12903D0CE4D,0.7844336767209974,TRKHIVL128F9303677,0.7640892975777269,TRYFBLW128F428A81A,510.26698118357365,TRPMUDQ128F425218E,494.1140275338163,TRZEKMI128F933A24C,493.9606346986484,TRYFBLW128F428A81A,0.6527019231775576,TRZEKMI128F933A24C,0.632278920519414,TRPMUDQ128F425218E,0.6305642892280185
TRFKPYW128F92F21C5,TRTHNFG12903D0CE54,2295.0,TRIJHLY12903D0CE4D,1947.0,TRTJLTW12903CFF1E9,1893.0,TRTHNFG12903D0CE54,2.7610125000000005,TRIJHLY12903D0CE4D,2.338762500000002,TRTJLTW12903CFF1E9,2.3056875000000012,3,TRUGDLC128F428EA24,675.8563332282506,TRKFYYC128F9342443,667.5239357337668,TRIBWOP128F92E4E17,665.5482981538125,0,TRUGDLC128F428EA24,0.8486064974777672,TRKFYYC128F9342443,0.8379461754934256,TRIBWOP128F92E4E17,0.8350606568769703,0,3,0,0,0,0,3,TRIJHLY12903D0CE4D,600.0081411446531,TRTHNFG12903D0CE54,556.1888153416518,TRMTPJG128F428F66B,540.7533256044176,TRIJHLY12903D0CE4D,0.6854188320910255,TRTHNFG12903D0CE54,0.6289379541908038,TRMTPJG128F428F66B,0.6138308216549896,TRFCKGO128F92F0C78,588.4385916600882,TRMBOSX128F4279184,525.6112466931392,TRDJOQZ128F42AF0BD,519.8519284579978,TRFCKGO128F92F0C78,0.7457744569371051,TRMBOSX128F4279184,0.6710002956780482,TRDJOQZ128F42AF0BD,0.6634004364866098
TRCUKHR128F92DF656,TRFUJVJ128F426F2A2,9640.0,TRWSYHO128F4282346,9321.0,TRGLNKG128F9307689,7152.0,TRFUJVJ128F426F2A2,11.176000000000004,TRWSYHO128F4282346,11.080062499999986,TREBGAA128E078FC52,8.475031249999986,2,TREIEOO128F42B0099,648.2172266215712,TRNHSZN128F930FF03,630.8271385540795,TRHMLCK128F93085F2,628.0276896100695,0,TREIEOO128F42B0099,0.8174797111797105,TRNHSZN128F930FF03,0.7961043133471438,TRMQQGH128F9301E4B,0.7920351793826961,0,2,0,0,0,0,2,TRFUJVJ128F426F2A2,299.83593062219313,TRDPGXU128F9339C2A,277.0979788826874,TREMIDG128F92E5580,261.1823939997176,TREMIDG128F92E5580,0.22711418920363613,TRQAWKR128F425EEC3,0.18323165713764183,TRWSYHO128F4282346,0.18013213515260454,TRRLWKP128E0784882,236.73038645075488,TRBDLLQ128F422EE2C,229.31158070964196,TRULUAY128F425C0C4,220.22415818431537,TRBDLLQ128F422EE2C,0.33749231634188476,TRRLWKP128E0784882,0.3363760962226644,TREDIFA128F428AA44,0.3257539138184659
TRDLWAP128F428F6B9,TRFUJVJ128F426F2A2,2374.0,TRDPGXU128F9339C2A,2114.0,TRTLIKK128E07862DA,2024.0,TRFUJVJ128F426F2A2,2.4707000000000026,TRTLIKK128E07862DA,2.229624999999994,TRDPGXU128F9339C2A,2.2270374999999993,3,TROFSLV128F92E389A,505.0186135511813,TRTLLMP128F9307700,497.15668761089637,TRMQMTC128F428A516,490.9120806753668,0,TROFSLV128F92E389A,0.6556354648529685,TRTLLMP128F9307700,0.6376046190404733,TRMQMTC128F428A516,0.6288748355708191,0,3,0,0,0,0,3,TRZARUP128F9348146,315.44831535705583,TRXQXZS128F4227318,308.0908538494562,TRDPGXU128F9339C2A,286.800897452829,TRXQXZS128F4227318,0.31353354625015034,TRZARUP128F9348146,0.28756016030083353,TRHOSWF128F92C987D,0.26714762054709706,TRHIFBF12903CF47DF,279.48356705991023,TRSAFOT128F1498C2C,262.0509668579966,TRZARUP128F9348146,260.89248609602356,TRZARUP128F9348146,0.3954802029205849,TRHIFBF12903CF47DF,0.3807180389413624,TRSAFOT128F1498C2C,0.37792410514620334
TRPEWXU12903CE6EA2,TRFUJVJ128F426F2A2,11672.0,TROIJDA128F9341E70,10461.0,TRDPGXU128F9339C2A,9474.0,TRFUJVJ128F426F2A2,13.506699999999976,TROIJDA128F9341E70,12.617760937500002,TRBEBJO128C719646B,11.176807812499993,2,TROKPEY128F4293061,607.0752121301635,TRDIYGM128F425B1F1,594.0289160629213,TRCDUMA128F427D458,566.9381101084541,0,TROKPEY128F4293061,0.7640494606995895,TRDIYGM128F425B1F1,0.7486372291303719,TRCDUMA128F427D458,0.7159010857040885,0,2,0,0,0,0,3,TRFUJVJ128F426F2A2,309.61597322077836,TRCHZXW128E079288A,226.02549645459186,TRQQLZD128F425E9BC,191.84166264756152,TRFUJVJ128F426F2A2,0.20607191794235313,TRQQLZD128F425E9BC,0.177816523950391,TRKRPKE128E07946D4,0.16690902000327568,TRVBOFB128F1495AB8,232.77530285820225,TRNCIOP128F426A93D,214.1990654237441,TRWSJBG128F146CAFC,213.29816029109205,TRPLDIL128F4276880,0.32014313325978555,TRNCIOP128F426A93D,0.31600109921931113,TRWSJBG128F146CAFC,0.31363245497913145
TRAYJOF128F92F9EEA,TRFUJVJ128F426F2A2,9255.0,TRWSYHO128F4282346,8700.0,TRDPGXU128F9339C2A,7576.0,TRFUJVJ128F426F2A2,10.669449999999998,TRWSYHO128F4282346,10.28727812499999,TREBGAA128E078FC52,9.009482812499993,2,TRKLJAG128F42B31CF,654.2570003831835,TROLRDM128F146C6E0,637.8436151937309,TRSTJFQ128F428DA21,633.1260773628745,0,TRKLJAG128F42B31CF,0.8202984502943056,TROLRDM128F146C6E0,0.8047271924485088,TRMEKRF12903CC80A6,0.7981103760430076,0,2,0,0,0,0,2,TRFUJVJ128F426F2A2,378.74963254423466,TRGLNKG128F9307689,324.389354773482,TRCHZXW128E079288A,298.4283445407682,TRGLNKG128F9307689,0.23348629748717642,TRFUJVJ128F426F2A2,0.22071727716549397,TRVPMVK128EF34E085,0.18847680136592576,TRVPMVK128EF34E085,223.0700900567528,TRCNLHK128F427900F,203.70926127865127,TRICQHX128F93269FC,199.52882184851376,TRVPMVK128EF34E085,0.33452673724952575,TRENMSO128F42AF485,0.3165333391407018,TRBZXAC12903CBB0CE,0.31645955306021195
TRARKBB128F92E9468,TRFUJVJ128F426F2A2,983.0,TRYCBLK12903CE6A0E,770.0,TRIAELA128F149EEE6,764.0,TRFUJVJ128F426F2A2,0.8377499999999999,TRMLZFP128F932290C,0.8006249999999983,TRIAELA128F149EEE6,0.7998749999999991,2,TRAQRRD128F425F8E7,291.9445061080771,TRLVVUZ128F425EE94,291.4220074795617,TRFXREK12903CE855F,275.36646455101624,0,TRLVVUZ128F425EE94,0.38996967967815976,TRAQRRD128F425F8E7,0.3890252053892492,TRFXREK12903CE855F,0.37426056242920896,0,2,0,0,0,0,3,TRIAELA128F149EEE6,723.076697200308,TRMLZFP128F932290C,693.8899196810887,TRRHCLC128F427D727,657.8419823892591,TRIAELA128F149EEE6,0.775365974943406,TRMLZFP128F932290C,0.7646304364179939,TRRHCLC128F427D727,0.71475095547622,TRLVVUZ128F425EE94,476.9212202201349,TRAQRRD128F425F8E7,465.2345170679683,TRNUIUW128F145614F,446.3394741988493,TRLVVUZ128F425EE94,0.6138424718730454,TRAQRRD128F425F8E7,0.5971468192898574,TRJVULB12903CDD2A3,0.5732922441127999
TRFBXJZ128F92D25C0,TRFUJVJ128F426F2A2,2566.0,TRDPGXU128F9339C2A,2058.0,TRWSYHO128F4282346,2056.0,TRFUJVJ128F426F2A2,2.710700000000003,TRWSYHO128F4282346,2.2453250000000042,TRDPGXU128F9339C2A,2.1570375000000004,3,TRUZMND128F14B0EFF,414.53578386088907,TRNRFJU128F1468B8E,401.01828783496165,TRJZTLY128F426B469,385.8982766319531,0,TRUZMND128F14B0EFF,0.5471104547616711,TRNRFJU128F1468B8E,0.5160011665636731,TRJZTLY128F426B469,0.5105247911486431,0,3,0,0,0,0,3,TRFUJVJ128F426F2A2,243.9648575782353,TRGLNKG128F9307689,203.67799773578201,TRDPGXU128F9339C2A,201.44882321770447,TROJYOU12903CBD2A8,0.16523411667213495,TRKEDET128F4280979,0.13749748082715665,TRTYLFM12903CD2C97,0.1355473325354161,TRLXWYX128F426C74C,221.35605440540127,TROJYOU12903CBD2A8,213.52679918023975,TRQCAIL128F425F0B0,198.73460641485374,TROJYOU12903CBD2A8,0.3334476376868436,TRZYFBE12903C9B44E,0.2998292325969883,TRTDKIY128F42855BA,0.29493886423333615
TRICXDK128F92CBC3C,TRFUJVJ128F426F2A2,5411.0,TRWSYHO128F4282346,5291.0,TRDPGXU128F9339C2A,4549.0,TRWSYHO128F4282346,6.14176875,TRFUJVJ128F426F2A2,6.041550000000001,TREBGAA128E078FC52,5.177071874999995,2,TRQXHBL128F42A56FE,475.4291455507716,TRJXBDJ128F4292591,469.94687352470385,TRCTLQY128F92F1539,469.06440977414024,0,TRQXHBL128F42A56FE,0.6106199209803829,TRJXBDJ128F4292591,0.6064074052526383,TRMRIMS128F4261D3A,0.6005705159146837,0,2,0,0,0,0,2,TRRHCLC128F427D727,928.0916745958762,TRIAELA128F149EEE6,908.6992074073186,TRSABJR128F429C84B,906.8226350831507,TRRHCLC128F427D727,1.0435305758176596,TRSABJR128F429C84B,1.0194775786190953,TRIAELA128F149EEE6,0.9966039910425328,TRNERSA128F92E5B78,560.5742548703766,TRNYGSJ128F4278C81,537.6506465913134,TRJFGNS128F14AAAE5,535.3651831591693,TRNERSA128F92E5B78,0.7129291566994381,TRNYGSJ128F4278C81,0.6845246687260884,TRJFGNS128F14AAAE5,0.6817266241226451
TRZNHJN128F4293FC2,TRFUJVJ128F426F2A2,8741.0,TRWSYHO128F4282346,7814.0,TRGLNKG128F9307689,6174.0,TRFUJVJ128F426F2A2,10.121250000000016,TRWSYHO128F4282346,9.241406249999992,TREBGAA128E078FC52,7.280390624999983,2,TRKRPKE128E07946D4,614.1972593005404,TRANDPI128F425AF41,611.2919919194383,TRZCHKB128F92CB740,610.6719564409834,0,TRKRPKE128E07946D4,0.776801579017345,TRZCHKB128F92CB740,0.7747048050262816,TRANDPI128F425AF41,0.7745176011074857,0,2,0,0,0,0,3,TRFUJVJ128F426F2A2,250.1227441658838,TRUGLTC128F4227B93,208.6246905694933,TRYCBLK12903CE6A0E,201.66121517109949,TRUGLTC128F4227B93,0.19461596810009005,TRKRPKE128E07946D4,0.18478475577218578,TRQYLYP12903CC26F6,0.1702641260841797,TRRDVVU12903CD20F1,281.9338191140925,TRSISZX128F92CFCF7,278.52454233888983,TROSAQJ128F92D308C,276.9630774903819,TRSISZX128F92CFCF7,0.40385380094441614,TROSAQJ128F92D308C,0.4023844196204698,TRKRPKE128E07946D4,0.3948133365087737
TRPKKZG128F92E495A,TRUEPSG128F149639E,665.0,TRXHMID128F42BA902,547.0,TROYGVY128E0788A36,456.0,TRUEPSG128F149639E,0.8010874999999972,TRXHMID128F42BA902,0.6488374999999966,TROYGVY128E0788A36,0.5467249999999992,3,TRPFQRE128E078B07C,476.432849202176,TRJVGZN128F4294F2A,450.66160456435523,TRBUSGY128E07833AE,426.84447902279436,0,TRPFQRE128E078B07C,0.6011078428933582,TRJVGZN128F4294F2A,0.5704295605069961,TRBUSGY128E07833AE,0.5402551638186823,0,3,0,0,0,0,3,TREMIDG128F92E5580,65.62483545266771,TRLVRJP128F93519FB,63.78609762383295,TRDPGXU128F9339C2A,59.97686384802929,TRNJCSM128F42911EA,0.07052618730137787,TRYMREJ128F4281BCD,0.06885160892613913,TREMIDG128F92E5580,0.06800573105250138,TRNJCSM128F42911EA,273.58913546416085,TROEYTB128F4272F02,243.64336779849674,TRRZNYJ128F42B8819,238.2708156576031,TRNJCSM128F42911EA,0.3538113154744985,TROEYTB128F4272F02,0.31990141461623595,TRRZNYJ128F42B8819,0.3084408032590499
TRVPPSC128F92EC9C2,TRFUJVJ128F426F2A2,3451.0,TRWSYHO128F4282346,3062.0,TRDPGXU128F9339C2A,2885.0,TRFUJVJ128F426F2A2,3.7640500000000015,TRWSYHO128F4282346,3.468253124999998,TRDPGXU128F9339C2A,3.1465484374999964,3,TRURXJP128F42A2496,483.68553518640914,TRSIRKX128F4291CAF,454.019824210352,TREAJBV12903CCDA96,451.8184376404786,0,TRURXJP128F42A2496,0.6260203823237321,TRZLNPM128F42B3BF5,0.5933196980061832,TRSIRKX128F4291CAF,0.5855376817908355,0,3,0,0,0,0,2,TRFUJVJ128F426F2A2,254.92353854758028,TRUWZJQ128F145E9F7,210.8185251092331,TRDPGXU128F9339C2A,207.6708624259696,TRUWZJQ128F145E9F7,0.19375790484392422,TRPZAPZ128F9341D3E,0.15406674432825462,TRZJPUU128F932D02D,0.1499961932048,TRSOWUT128F14956F6,251.73240398625876,TRZJPUU128F932D02D,245.14404023648055,TREFBQJ128F14992B2,242.6898218299079,TRSOWUT128F14956F6,0.35292630962589705,TREFBQJ128F14992B2,0.34483147596711483,TRZJPUU128F932D02D,0.342358855325883
TRCJADX128F428D3E0,TRFUJVJ128F426F2A2,11300.0,TRWSYHO128F4282346,8604.0,TRDPGXU128F9339C2A,8578.0,TRFUJVJ128F426F2A2,13.11759999999999,TREBGAA128E078FC52,10.15975312500001,TRWSYHO128F4282346,10.096631249999994,2,TRJCYOI128F9320EF6,619.980168275354,TRZCHKB128F92CB740,614.6824676045906,TRTXZGM128F428B62B,611.1861591096311,0,TRJCYOI128F9320EF6,0.7815844439734705,TRZCHKB128F92CB740,0.7761534299422532,TRTXZGM128F428B62B,0.7719389916322995,0,2,0,0,0,0,3,TRCHZXW128E079288A,294.1121938086905,TRFUJVJ128F426F2A2,250.806626482096,TRDPGXU128F9339C2A,218.72097165304652,TRCHZXW128E079288A,0.2214457047970483,TRXMQNH128F4287D61,0.19361990325268316,TRWFFHM128F92F99C4,0.1571280415691364,TRHZLTU128E0792EBD,238.75985918123106,TRQBDFJ12903D082F6,223.25310557048124,TREIEOO128F42B0099,216.02577185478668,TRHZLTU128E0792EBD,0.335738658704673,TRQBDFJ12903D082F6,0.3317603402985762,TREIEOO128F42B0099,0.3317430686528262
TRKJKJV128F425E247,TRFUJVJ128F426F2A2,3223.0,TRWSYHO128F4282346,3098.0,TRDPGXU128F9339C2A,2489.0,TRFUJVJ128F426F2A2,3.6492499999999994,TRWSYHO128F4282346,3.6244843749999984,TRDPGXU128F9339C2A,2.793882812499999,3,TRVVIWJ128F42697BA,500.4807703827211,TRIYBPL128F9324F11,488.7998089431121,TRJXBDJ128F4292591,471.7116092066444,0,TRVVIWJ128F42697BA,0.6414659499487988,TRIYBPL128F9324F11,0.62155020755253,TRJXBDJ128F4292591,0.6061603034467242,0,3,0,0,0,0,3,TRFUJVJ128F426F2A2,190.1365441537008,TRDPGXU128F9339C2A,169.8179724620768,TRRSZKD128F933D41E,145.7180073726273,TRRSZKD128F933D41E,0.1264477819067149,TRVNSDW128F933BB4F,0.114443798083453,TRFUJVJ128F426F2A2,0.1126322872658187,TRKQUSS128F4298AFE,239.90802912520985,TRFRWCW128F9316687,207.8739321646521,TRJAFPP128F426AB25,192.39268034478883,TRKQUSS128F4298AFE,0.3247838778775235,TRFRWCW128F9316687,0.2959627991907102,TREISQD128F9302F47,0.27533366052062697
TRXMQNH128F4287D61,TRFUJVJ128F426F2A2,10860.0,TRWSYHO128F4282346,10022.0,TREBGAA128E078FC52,9587.0,TRFUJVJ128F426F2A2,12.512399999999998,TRWSYHO128F4282346,11.833056249999977,TREBGAA128E078FC52,11.593215624999997,3,TRSTJFQ128F428DA21,626.1213679806564,TRHEDYV128F14856FC,613.7797379438837,TRWFFHM128F92F99C4,603.6951214547785,0,TRSTJFQ128F428DA21,0.7889969690422559,TRHEDYV128F14856FC,0.7740031409220594,TRWFFHM128F92F99C4,0.7634068533009658,0,3,0,0,0,0,3,TRXDWYK128F425C160,366.8084553883548,TRFEGNP128F93462CB,311.87365466818505,TRDPGXU128F9339C2A,303.2709651360075,TRXDWYK128F425C160,0.36352376601822256,TRNWQYN128F4284F1D,0.29492091605079734,TRXHMID128F42BA902,0.27158626950897896,TRLVNQX128F42975E7,310.0668238162691,TRCCBDW128F92CD25E,306.202094223967,TRXEAZB128E078EDCE,291.87789512427736,TRLVNQX128F42975E7,0.4055108134791973,TRCCBDW128F92CD25E,0.4021316719144081,TRFNRGN128E0791E0E,0.39740785490913283
TRXXPYK128F14805B7,TRFUJVJ128F426F2A2,3709.0,TRWSYHO128F4282346,3303.0,TREBGAA128E078FC52,2926.0,TRFUJVJ128F426F2A2,4.268249999999997,TRWSYHO128F4282346,3.888249999999999,TREBGAA128E078FC52,3.5222499999999943,3,TRENDJC128F42790D9,594.0227518429216,TRLQBZP12903CECC4A,589.4767077506223,TRZCHKB128F92CB740,583.0660500272212,0,TRENDJC128F42790D9,0.7522530540869348,TRLQBZP12903CECC4A,0.7452540939763487,TRZCHKB128F92CB740,0.7407846807501905,0,3,0,0,0,0,3,TRQAWKR128F425EEC3,171.47576468691022,TRZCHKB128F92CB740,117.00767284120255,TRFUJVJ128F426F2A2,113.00186179638165,TRQAWKR128F425EEC3,0.1602696273319829,TREEIFG128F42925D8,0.10863681774828647,TRAXQYP128F930458D,0.10341832095977249,TRVISOX128F427F3AC,255.50103375737353,TREEIFG128F42925D8,252.8601280426193,TRTXZGM128F428B62B,235.82958352898316,TRVISOX128F427F3AC,0.35406241878138583,TREEIFG128F42925D8,0.3506261760370662,TRTXZGM128F428B62B,0.3428290277499891
TRGQFUZ128F92ED646,TRFUJVJ128F426F2A2,3180.0,TRQAWKR128F425EEC3,2376.0,TRDPGXU128F9339C2A,2150.0,TRFUJVJ128F426F2A2,3.572499999999993,TRQAWKR128F425EEC3,2.624921874999994,TRDPGXU128F9339C2A,2.3508984374999957,3,TRFNDWH12903CB602A,477.66683737098447,TRIDJMD128E078B984,439.0265119460374,TRHEKNR128F425F325,425.91120567838,0,TRFNDWH12903CB602A,0.610654637076813,TRIDJMD128E078B984,0.5648205602196629,TRHEKNR128F425F325,0.5538723560390673,0,3,0,0,0,0,3,TRFUJVJ128F426F2A2,174.38669520204445,TRQAWKR128F425EEC3,142.41337238305343,TRGLNKG128F9307689,135.98324373394917,TRNUKVX128F42AF42C,0.14668150838649857,TRSQRQO128F422945A,0.12747875045597018,TRNQSWR128EF34375F,0.12000774973111701,TRSQRQO128F422945A,297.65841870474065,TRPTSIB128F425EA4D,274.9425702458632,TRKHFCG128F428C6F5,262.7075397525021,TRSQRQO128F422945A,0.3984331453593453,TRPTSIB128F425EA4D,0.3740033789604486,TRKHFCG128F428C6F5,0.35918520148497446
TRPAJJF128F428D18A,TRANAPL128F42BA7D6,5075.0,TRFUJVJ128F426F2A2,4369.0,TRDPGXU128F9339C2A,4154.0,TRANAPL128F42BA7D6,6.0133125,TRFUJVJ128F426F2A2,4.679250000000003,TRDPGXU128F9339C2A,4.538531249999993,3,TRANAPL128F42BA7D6,504.4240922349291,TRWNHNC128F92D469E,413.3317673288166,TRWKGQS128E0792F09,412.96589326233885,1,TRANAPL128F42BA7D6,0.6428824630883891,TRWKGQS128E0792F09,0.5313794072904473,TRWNHNC128F92D469E,0.5247130742536599,1,3,1,1,1,1,3,TRCHZXW128E079288A,303.8349686625635,TRDDROD12903CA25E0,263.0488726112154,TRGUCIR128F933D817,260.6537543992409,TRWHKAC128F92E3FD9,0.26110412824360546,TRTKHML128F42937D6,0.23364029008458131,TRTVVHY128F4270D66,0.22439069502261727,TRTVVHY128F4270D66,268.34447622831306,TRWHKAC128F92E3FD9,266.0303721787367,TRTKHML128F42937D6,262.27021120758553,TRTVVHY128F4270D66,0.36880206537762167,TRWHKAC128F92E3FD9,0.36543269266799977,TRTKHML128F42937D6,0.36193256563600007
TRLPDIB128F42289CC,TRFUJVJ128F426F2A2,8660.0,TRWSYHO128F4282346,7165.0,TRUGLTC128F4227B93,6896.0,TRFUJVJ128F426F2A2,9.974000000000014,TRWSYHO128F4282346,8.40009374999999,TRUGLTC128F4227B93,8.225718749999988,3,TRMSQPH128F92E7D20,587.6873395795592,TRJQCQT128F428E44D,514.4294571926079,TRJFGEX128F426A253,504.87375241298685,0,TRMSQPH128F92E7D20,0.742411191472892,TRJQCQT128F428E44D,0.6538073748739257,TRJFGEX128F426A253,0.6423728089374924,0,3,0,0,0,0,3,TRGMVZO128E078607E,233.91403041280006,TRQWDRK128F4241A32,230.41227727611397,TRHIEPJ128F931010A,207.89810867988058,TRLGFWU128F1499988,0.20239311977884872,TRGMVZO128E078607E,0.19965511401688507,TRFFSMS128F428BC88,0.19638112722283985,TRLGFWU128F1499988,277.04437878193824,TRMSQPH128F92E7D20,231.53265513266234,TRHDMWX128F427F0C7,225.91915614035278,TRLGFWU128F1499988,0.37657690074151223,TRMSQPH128F92E7D20,0.32868624956884934,TRDFGKU128F9307788,0.3253349098486928
TRJTTMZ128F930924B,TRFUJVJ128F426F2A2,12190.0,TRWSYHO128F4282346,11738.0,TRDPGXU128F9339C2A,9832.0,TRFUJVJ128F426F2A2,14.096699999999984,TRWSYHO128F4282346,13.92695000000002,TREBGAA128E078FC52,11.839474999999995,2,TRZCHKB128F92CB740,665.7518685377302,TRAVRDM128F42956AF,644.4144771572236,TRYYRLU12903D082FF,637.1733145487965,0,TRZCHKB128F92CB740,0.8388693588307584,TRAVRDM128F42956AF,0.8130500883644655,TRYYRLU12903D082FF,0.8047746727559942,0,2,0,0,0,0,3,TRFUJVJ128F426F2A2,293.6541265205659,TRDPGXU128F9339C2A,267.25438948824444,TRXXGPE128F42916C7,232.109188536098,TRXXGPE128F42916C7,0.2161977414471771,TRINMBD128F92F6211,0.1944357946473885,TRPURWU12903CA4A31,0.18615456991288729,TRKERVB128F145B6DB,254.45114601877523,TRWKDZE128F1451EAC,242.94489222635107,TRLZVXV128F428A560,235.12620999110123,TRKERVB128F145B6DB,0.35732201136127734,TRWKDZE128F1451EAC,0.3559283099181859,TRLZVXV128F428A560,0.3528316700608709
TRKGGHK128F42999EF,TRFUJVJ128F426F2A2,4724.0,TRDPGXU128F9339C2A,4639.0,TRWSYHO128F4282346,3963.0,TRFUJVJ128F426F2A2,5.364499999999995,TRDPGXU128F9339C2A,5.346742187500002,TRWSYHO128F4282346,4.600515625000015,3,TRGXGMH128F92F5B48,573.880160429625,TRCUNXN128F1486E23,550.9168617941476,TRNVKOI128E0799173,549.8107618181667,0,TRGXGMH128F92F5B48,0.7289598635638569,TRNVKOI128E0799173,0.7003520632880552,TRCUNXN128F1486E23,0.6963056758277201,0,3,0,0,0,0,3,TRFUJVJ128F426F2A2,211.6383568504675,TRYCBLK12903CE6A0E,191.84453619508668,TRCHZXW128E079288A,174.97008462025596,TRPWHPL128F932FC16,0.1677881111568265,TRENECR128F92DAC48,0.15740970759571143,TRYCBLK12903CE6A0E,0.14975926645898452,TRZPXAH12903CEBB8E,238.38984501658658,TRTTOVC128E0781360,225.3274714867431,TRQTGOG128F92EBAB0,223.18961733634163,TRZPXAH12903CEBB8E,0.33601592397038516,TRENECR128F92DAC48,0.3258185915387442,TRPWHPL128F932FC16,0.3242964999318885
TRLTYLK128F92FE6FF,TRFUJVJ128F426F2A2,13754.0,TRWSYHO128F4282346,12861.0,TRDPGXU128F9339C2A,11876.0,TRFUJVJ128F426F2A2,16.127600000000005,TRWSYHO128F4282346,15.38030312499998,TRDPGXU128F9339C2A,13.954448437500007,3,TRKCOFR128F42418DC,615.6557011419754,TRWCYWE128F425564A,598.7962254487916,TRVVIWJ128F42697BA,586.7809166727359,0,TRKCOFR128F42418DC,0.7744642893343668,TRWCYWE128F425564A,0.7542495904793188,TRVVIWJ128F42697BA,0.7390553798575576,0,3,0,0,0,0,3,TRDPGXU128F9339C2A,299.9959078098873,TRFUJVJ128F426F2A2,276.400207957465,TRYHHPK128F42A4CAF,240.45967918817016,TRDPGXU128F9339C2A,0.1840464702404482,TRISFKH128F9336E63,0.18328240957224878,TRMDJHR128F92F84FC,0.173764951652672,TRISFKH128F9336E63,243.79455090290338,TRMDJHR128F92F84FC,228.11222412629644,TRQZEGA128F428FEFE,215.5492871544845,TRISFKH128F9336E63,0.36946582476603074,TRMDJHR128F92F84FC,0.33868654368136,TRBKYVE128F93350D1,0.32280944207586043
TRNEGIP128F4296261,TRFUJVJ128F426F2A2,9339.0,TRWSYHO128F4282346,7408.0,TRDPGXU128F9339C2A,6578.0,TRFUJVJ128F426F2A2,10.857249999999988,TRWSYHO128F4282346,8.726390624999992,TRGUCIR128F933D817,7.725187499999981,2,TRGHYGG12903CAC100,592.6755194825841,TRRGWST128F930E4AE,570.2108787256125,TRJIONO128F1452C88,562.9516613855916,0,TRGHYGG12903CAC100,0.749883342787364,TRRGWST128F930E4AE,0.7225252008099253,TRJIONO128F1452C88,0.7142749021053271,0,2,0,0,0,0,3,TRFUJVJ128F426F2A2,191.1454571349474,TRDPGXU128F9339C2A,177.90665097114294,TRKHTKI128F92EA339,165.77186375077514,TRIJWAB128F148AA50,0.1394820696166244,TRPVAMZ128F4286261,0.1337351312330946,TRQTPZY128F92F37F9,0.13268466113988894,TRBUMXW128F14770C1,285.9045070510141,TRZHFGK128F423B618,269.3614576502325,TRKPILU128F4283675,249.59872229740918,TRBUMXW128F14770C1,0.39520678292607375,TRZHFGK128F423B618,0.38004573116965235,TRIJWAB128F148AA50,0.359808142248739
TRUWOUE128F14867BF,TRFUJVJ128F426F2A2,2123.0,TRDPGXU128F9339C2A,1578.0,TRWSYHO128F4282346,1533.0,TRFUJVJ128F426F2A2,2.3340500000000004,TRWSYHO128F4282346,1.7073156250000028,TRDPGXU128F9339C2A,1.7051421875000008,3,TRBIJXE128F93030F5,440.794185477189,TREGDBC128F1467D4A,397.58984499784384,TRFFMKD128F42303A4,394.30210222832943,0,TRBIJXE128F93030F5,0.5702667037524347,TRFFMKD128F42303A4,0.5255076659009053,TRMRIMS128F4261D3A,0.5217648492943788,0,3,0,0,0,0,2,TRFUJVJ128F426F2A2,216.6830564760307,TRDUSIG12903CA5FCB,165.75966592273386,TRTLIKK128E07862DA,163.02265642150914,TRFUJVJ128F426F2A2,0.1391567388606068,TRTLIKK128E07862DA,0.13222464716796492,TRBIJXE128F93030F5,0.12393235784335138,TRBIJXE128F93030F5,270.1202472824635,TRZRBOX128EF3435A7,214.5682694237129,TRJYWWT128F428B91F,210.95100131198276,TRBIJXE128F93030F5,0.3794524781199516,TRZRBOX128EF3435A7,0.3111987924446037,TRJYWWT128F428B91F,0.3047246931056597
TRFJKWU12903CC37B1,TRWSYHO128F4282346,1492.0,TRFUJVJ128F426F2A2,1490.0,TRGLNKG128F9307689,1447.0,TRWSYHO128F4282346,1.7447500000000002,TRGLNKG128F9307689,1.6961250000000014,TRFUJVJ128F426F2A2,1.6784999999999983,3,TRPXWYY12903CEA77A,564.4397730633384,TRWYBIP128F1456ADE,530.9348515467066,TRYYRLU12903D082FF,528.5684759377209,0,TRPXWYY12903CEA77A,0.7145395062704731,TRYYRLU12903D082FF,0.6739130434782609,TRWYBIP128F1456ADE,0.673855179021523,0,3,0,0,0,0,3,TRDPGXU128F9339C2A,95.57797345688866,TRHPKWO128F92E01D5,84.30799061321997,TRDQIWP128F9342105,80.84650600836909,TRHPKWO128F92E01D5,0.07143489434454481,TRPUYZW128C719638F,0.06990887137641974,TRFBNCQ128F9302AD9,0.06790508790913333,TRPXWYY12903CEA77A,230.43721693634677,TRJLLGF12903CF2551,215.550884138423,TRUIKPU128F9317416,200.76026226389163,TRPXWYY12903CEA77A,0.3147151729410483,TRJLLGF12903CF2551,0.31156118974264796,TRUKCWG128F9329B2C,0.2807633809469612
TRVEUUV128F428AB29,TRFUJVJ128F426F2A2,1348.0,TRDPGXU128F9339C2A,1270.0,TRFLWJZ128F425C9E4,1039.0,TRFUJVJ128F426F2A2,1.4343000000000006,TRDPGXU128F9339C2A,1.3778453124999999,TRFLWJZ128F425C9E4,1.1684609374999988,3,TRIVTJA128F92C1E80,458.91683479652875,TRBTXNE12903CB6528,410.02206186048704,TRPIFNP128F42734C3,405.11096040673624,0,TRIVTJA128F92C1E80,0.5945963053240351,TRBTXNE12903CB6528,0.5410841543810523,TRKSDRG128F4285384,0.5305787019362456,0,3,0,0,0,0,2,TRLUDAQ128F92E3891,123.43632647691342,TRDPGXU128F9339C2A,120.47999637608422,TRFUJVJ128F426F2A2,118.35923860477054,TRZMNSP128C719682E,0.10415053228327677,TRJFOEO128F4264048,0.10368035665433613,TRLUDAQ128F92E3891,0.10177460798010865,TRQFRJG128F4260199,234.8928710017077,TRGWDCG128E0781637,224.9653575658696,TRJFOEO128F4264048,216.40164485549082,TRQFRJG128F4260199,0.34077104523252494,TRGWDCG128E0781637,0.3185654363948354,TRJFOEO128F4264048,0.31335128496045006
TRMZJSE12903D00E60,TRWSYHO128F4282346,5905.0,TRFUJVJ128F426F2A2,5816.0,TREBGAA128E078FC52,4893.0,TRWSYHO128F4282346,7.064090624999991,TRFUJVJ128F426F2A2,6.784700000000006,TREBGAA128E078FC52,5.937889062499993,3,TRNHSZN128F930FF03,625.4448532063024,TRACBWX128F92FD725,625.0719516668842,TRCTLQY128F92F1539,620.3044015233173,0,TRNHSZN128F930FF03,0.7885603017668223,TRACBWX128F92FD725,0.7866966210344944,TRCTLQY128F92F1539,0.7816818948578419,0,3,0,0,0,0,3,TRFUJVJ128F426F2A2,158.88483812616457,TRYHHPK128F42A4CAF,131.08391374695438,TRDQIWP128F9342105,129.75103523539173,TRPVAMZ128F4286261,0.11632958901590859,TRGHZMA128F42838C2,0.11297463164878392,TRTXUMP128F42833E0,0.1119960828908576,TRTXUMP128F42833E0,215.06574031303217,TROIHBO128F42613D7,214.55425711533817,TRNJOQU12903D0EE0E,201.72045876063999,TRTXUMP128F42833E0,0.31275374220154567,TROIHBO128F42613D7,0.3092199527691109,TRPVAMZ128F4286261,0.298549951384426
TRIGZIY128F42348C1,TRFUJVJ128F426F2A2,2793.0,TRDPGXU128F9339C2A,2047.0,TRFLWJZ128F425C9E4,2012.0,TRFUJVJ128F426F2A2,3.120949999999998,TRFLWJZ128F425C9E4,2.3225546875000003,TRDPGXU128F9339C2A,2.249076562499999,3,TRDXVMS128F4263EE0,521.2164738539102,TRGJJTY12903CF8E82,500.5480235267,TRIFNZI128F931CC21,499.32011581373115,0,TRDXVMS128F4263EE0,0.6634932958895056,TRGJJTY12903CF8E82,0.6399773388089581,TRIFNZI128F931CC21,0.6359558643793364,0,3,0,0,0,0,3,TRDPGXU128F9339C2A,131.03081555946588,TRUWTMI128F92E3892,118.12957204294072,TRYPZQG128E07999D6,117.25435322720512,TRYPZQG128E07999D6,0.12143511754668712,TRFXOCI128F42972B5,0.11453740547542493,TREXDDS128F4277776,0.10317538491347392,TRHZOEX128F93588AB,219.92602073114844,TRFLMQX128F9341492,217.54066147549293,TRYPZQG128E07999D6,213.1485065271112,TRHZOEX128F93588AB,0.30615134610983813,TRFLMQX128F9341492,0.3058341100004412,TRYPZQG128E07999D6,0.30407796918656604
TRZGUYI128F42368DF,TRFUJVJ128F426F2A2,5177.0,TRWSYHO128F4282346,4914.0,TRDPGXU128F9339C2A,4544.0,TRFUJVJ128F426F2A2,5.850249999999999,TRWSYHO128F4282346,5.7366562500000065,TRDPGXU128F9339C2A,5.160671874999997,3,TROXHLM128F4266510,567.8616311786851,TRTVTYS128E0792887,567.3936966182614,TRJKREO128E07821BB,555.7196065247664,0,TRTVTYS128E0792887,0.7238252218777514,TROXHLM128F4266510,0.7234576966416139,TRHXCSQ128F14766FF,0.707599610617793,0,3,0,0,0,0,2,TRFUJVJ128F426F2A2,239.19078235929075,TREADOS128E078EC1F,227.05939601972378,TRGNBCC128F92F6218,198.25922058651918,TREADOS128E078EC1F,0.19692783833308827,TRLDRZN128F4288F63,0.16931462152042248,TRGNBCC128F92F6218,0.16777452672493698,TRYEMUJ128F92E0392,280.19339539553476,TRLDRZN128F4288F63,247.33136249909455,TRPNIKB12903CE690B,206.09462301629912,TRYEMUJ128F92E0392,0.358287226588662,TRLDRZN128F4288F63,0.35182131719577714,TREADOS128E078EC1F,0.31848955762225745
TRJQRJO12903D00E65,TRFUJVJ128F426F2A2,3802.0,TRWSYHO128F4282346,3555.0,TRDPGXU128F9339C2A,2908.0,TRFUJVJ128F426F2A2,4.290200000000005,TRWSYHO128F4282346,4.1416218750000064,TREBGAA128E078FC52,3.2875921875000045,2,TRTZDKK128F1476562,569.3710448387023,TRIXAYK128F427F151,516.6250704855204,TRFQTEX128E078E92D,515.6482185265581,0,TRTZDKK128F1476562,0.72150479919644,TRIXAYK128F427F151,0.6610325849404158,TRBWQRG128F4269064,0.6605067018466592,0,2,0,0,0,0,2,TRUWTMI128F92E3892,220.29688290682634,TRFUJVJ128F426F2A2,214.08117752126142,TRDPGXU128F9339C2A,195.41370102987636,TRUWTMI128F92E3892,0.1782725547532942,TRKZYBB128F92CC97D,0.11516174952602178,TRTVTYS128E0792887,0.11405589146739648,TRKZYBB128F92CC97D,208.6764186677007,TRTXEOI128F92FB090,189.05554946442922,TRSCDKV128F424BF18,187.93613445949603,TRKZYBB128F92CC97D,0.31243392137170756,TRUWTMI128F92E3892,0.2984437872626035,TRTXEOI128F92FB090,0.2888860480337595
TRQMNKZ12903D00E5B,TRDPGXU128F9339C2A,1452.0,TRCHZXW128E079288A,1366.0,TRFUJVJ128F426F2A2,1352.0,TRDPGXU128F9339C2A,1.6130390624999993,TRCHZXW128E079288A,1.5550859375,TROIJDA128F9341E70,1.5265390624999973,2,TREBQOW128F92C4549,459.0525488926318,TRYMOJM128F14994F3,451.28071465162463,TRAZHNL12903CC1B6C,450.5706134328794,0,TREBQOW128F92C4549,0.591750157130537,TRAZHNL12903CC1B6C,0.5854537258521889,TRQSIZR128EF362D3A,0.5837569013174864,0,2,0,0,0,0,2,TRDPGXU128F9339C2A,173.27470226809015,TRUWTMI128F92E3892,128.74203693249996,TRLDRYJ128F930BBB4,118.87748392390324,TRDPGXU128F9339C2A,0.10962539265789074,TRPIOSU128F92DE1D7,0.10561207144146807,TRUWTMI128F92E3892,0.10289596114140039,TRPIOSU128F92DE1D7,207.62494304509838,TRLHKYJ128F1455E35,200.45196426958182,TRCDRYD128F93059D2,186.8696694552711,TRPIOSU128F92DE1D7,0.29546155033476196,TRLHKYJ128F1455E35,0.2830063197389198,TRCDRYD128F93059D2,0.27194335374676004
TRMZSJY128F4255BE9,TRFUJVJ128F426F2A2,1378.0,TRDPGXU128F9339C2A,1213.0,TRXHFMI128F429B2F2,1111.0,TRFUJVJ128F426F2A2,1.4694999999999956,TRDPGXU128F9339C2A,1.3046718749999997,TRXHFMI128F429B2F2,1.3029843750000039,3,TRZJNDV128E078E185,420.13556058788225,TRUIISX12903CEBDC4,413.98336924698583,TRQGRYE128F429D17F,399.95171332706343,0,TRZJNDV128E078E185,0.5324817082241688,TRUIISX12903CEBDC4,0.5261629690193306,TRQGRYE128F429D17F,0.5112786019323207,0,3,0,0,0,0,3,TRDPGXU128F9339C2A,90.77168671334528,TRKJHIA128F4252CD7,90.58444794026383,TRQWDRK128F4241A32,84.6692836120418,TRKJHIA128F4252CD7,0.09693252849842456,TRDQSYY128F930F54A,0.07435234546431845,TRIVTJA128F92C1E80,0.07366225389487194,TRAWOSR128F428CF3A,234.68011978312936,TRYLJVY128F4246873,221.2486299872868,TRKJHIA128F4252CD7,200.6041537702234,TRAWOSR128F428CF3A,0.31173356558221244,TRYLJVY128F4246873,0.28685318767590595,TRKJHIA128F4252CD7,0.28072991521252083
TRVQHEV128F4259AB2,TRFUJVJ128F426F2A2,4325.0,TRDPGXU128F9339C2A,4261.0,TRCHZXW128E079288A,3736.0,TRFUJVJ128F426F2A2,5.169349999999998,TRDPGXU128F9339C2A,5.128135937500003,TRCHZXW128E079288A,4.520489062500006,3,TRGLGNR128F1487A6F,681.7978443582648,TRZPHVT128F4298109,652.9278774192722,TRFTCVG128F4231AB1,646.6874399923703,0,TRGLGNR128F1487A6F,0.8509200911589332,TRZPHVT128F4298109,0.8132895579234755,TRFTCVG128F4231AB1,0.8080586112382928,0,3,0,0,0,0,3,TRYJQIJ128F428B091,91.80289362912924,TRFEGNP128F93462CB,78.19535479927765,TRCHZXW128E079288A,74.191427486664,TRYJQIJ128F428B091,0.09714237517328167,TRZUINP128F425A9CA,0.07262969869208648,TRLRKHZ128F425A881,0.07094322170094572,TRLRKHZ128F425A881,325.60779408438424,TRYJQIJ128F428B091,242.36123026566054,TRQYFPX128F42A834D,227.9582799045012,TRLRKHZ128F425A881,0.42807988518825085,TRYJQIJ128F428B091,0.33604510619556377,TRQYFPX128F42A834D,0.30795971058699584
TRVMLEW128F425A82D,TRFUJVJ128F426F2A2,7461.0,TRWSYHO128F4282346,5484.0,TRQAWKR128F425EEC3,4925.0,TRFUJVJ128F426F2A2,8.493649999999997,TRWSYHO128F4282346,6.310868750000005,TREBGAA128E078FC52,5.601496875000004,2,TRQYUKJ12903C9A1CE,600.1691669264367,TRQDCPN128F1453C8B,594.4026125045634,TRBJXPW128F428D3CD,591.963297322957,0,TRQYUKJ12903C9A1CE,0.7595553601981182,TRBJXPW128F428D3CD,0.7551371391488695,TRQDCPN128F1453C8B,0.7530481842462741,0,2,0,0,0,0,3,TRFUJVJ128F426F2A2,397.0326196126613,TRDPGXU128F9339C2A,360.3548180644585,TRQAWKR128F425EEC3,307.00667669172276,TRQAWKR128F425EEC3,0.2365694592630767,TRFUJVJ128F426F2A2,0.2034574292691872,TROVSGS128F4274CEE,0.19158552764812317,TRECYTZ128F428BB4B,196.82914977642423,TRKMCAV128E0782298,186.26405866701666,TRXGXDF128F92E26FC,185.84973285489014,TRECYTZ128F428BB4B,0.3313412634326374,TRKBSQB128F146534E,0.31948835006250015,TRXGXDF128F92E26FC,0.31418495650334083
TRWVZBZ128F1462E08,TRFUJVJ128F426F2A2,4526.0,TRDPGXU128F9339C2A,3248.0,TRWSYHO128F4282346,2679.0,TRFUJVJ128F426F2A2,4.903100000000002,TRDPGXU128F9339C2A,3.429112499999997,TRRYCLJ128F42A56FF,3.0765,2,TRRYCLJ128F42A56FF,481.1033169485996,TRDQYBC128F4277093,421.6237275824503,TRLXZCU128F4298B33,404.88462274768244,1,TRRYCLJ128F42A56FF,0.6159661448303315,TRDQYBC128F4277093,0.5483085128288824,TRLXZCU128F4298B33,0.5266699434660874,0,2,0,0,1,1,3,TRFUJVJ128F426F2A2,391.8499983367552,TRRYCLJ128F42A56FF,327.33210828324263,TRDPGXU128F9339C2A,288.84349343349584,TRRYCLJ128F42A56FF,0.3518441034656041,TRFUJVJ128F426F2A2,0.2572842237706564,TRRAYKA128F145B10D,0.24719643236004651,TRRYCLJ128F42A56FF,381.98152119346224,TRRAYKA128F145B10D,334.5075614869572,TRGPDHJ128F14527D5,282.4733193041713,TRRYCLJ128F42A56FF,0.5150208016105108,TRRAYKA128F145B10D,0.4627356125285782,TRGPDHJ128F14527D5,0.3941847799267136
TRQYGUV128F1462E01,TRFUJVJ128F426F2A2,5963.0,TRWSYHO128F4282346,4647.0,TRUGLTC128F4227B93,3760.0,TRFUJVJ128F426F2A2,6.929350000000003,TRWSYHO128F4282346,5.4660375,TRUGLTC128F4227B93,4.457037499999995,3,TROMMRU128F4250C74,634.4652007094707,TRQYUKJ12903C9A1CE,604.4437053247837,TRTNLQZ128F425C3D2,602.0470261813249,0,TROMMRU128F4250C74,0.802501845009226,TRQYUKJ12903C9A1CE,0.7643475916700233,TRTNLQZ128F425C3D2,0.7622586802967409,0,3,0,0,0,0,3,TRFUJVJ128F426F2A2,224.2563462885911,TRCHZXW128E079288A,175.67340910775178,TRDPGXU128F9339C2A,172.36230051132262,TROGOFF128F42827CE,0.1330032486851884,TRBBHME12903CC80A7,0.1320740015465517,TRMIFQQ128F9338145,0.12017929010014877,TRBBHME12903CC80A7,239.92206692801585,TRUQTEZ128F9314E5D,231.1207927839539,TRVSEAY128F428EA5A,219.71947941297145,TRBBHME12903CC80A7,0.3545985761260983,TRUQTEZ128F9314E5D,0.33659570286530505,TRVSEAY128F428EA5A,0.3247015521590952
TRBKLDM128F427D0DA,TRFUJVJ128F426F2A2,4386.0,TRDPGXU128F9339C2A,3217.0,TRWSYHO128F4282346,2976.0,TRFUJVJ128F426F2A2,5.004100000000001,TRDPGXU128F9339C2A,3.6211750000000005,TRWSYHO128F4282346,3.4073500000000068,3,TRPFDHQ128F42B97F9,527.4556920075462,TRBZXAC12903CBB0CE,515.3045821829216,TRHXCSQ128F14766FF,512.0207618873599,0,TRPFDHQ128F42B97F9,0.6741762677871569,TRBZXAC12903CBB0CE,0.6625272403282761,TRHXCSQ128F14766FF,0.6591083402857786,0,3,0,0,0,0,3,TRUWZJQ128F145E9F7,179.84974683009418,TRDUSIG12903CA5FCB,169.0565224538398,TRFUJVJ128F426F2A2,167.16605813931008,TRUWZJQ128F145E9F7,0.15811251549318123,TROTJIT128F145E017,0.13625561153646898,TRVBCRK128F931B395,0.1359616284473819,TRHYCUH128F146F7BD,253.86876123104383,TRGNSQY128F148D76D,234.40548882165692,TRZJPUU128F932D02D,221.93693955537552,TRHYCUH128F146F7BD,0.3569333413725601,TRGNSQY128F148D76D,0.31973023875472784,TRZJPUU128F932D02D,0.31371988720395766
TRKSDBX128F9345DC9,TRFUJVJ128F426F2A2,3517.0,TRDPGXU128F9339C2A,2586.0,TREBGAA128E078FC52,2339.0,TRFUJVJ128F426F2A2,4.01905,TRDPGXU128F9339C2A,2.917056249999999,TREBGAA128E078FC52,2.7851187500000028,3,TRFUNRS128F9346BF4,533.1981637222078,TRPVRGM128F932D5C3,523.8631586469434,TRMFBBG12903CE4564,516.991950951842,0,TRFUNRS128F9346BF4,0.6827870937948103,TRPVRGM128F932D5C3,0.6713566002289092,TRMFBBG12903CE4564,0.6655135748747238,0,3,0,0,0,0,3,TRFUJVJ128F426F2A2,194.63782865315298,TRCHZXW128E079288A,139.33465011074293,TRDPGXU128F9339C2A,132.74925450165964,TRFUJVJ128F426F2A2,0.12418273113819822,TRCGADQ128F42B01C5,0.11243733655249026,TRNMFHV128F92EF2A1,0.10832202247705766,TRJEJOJ12903CAA2B2,224.39420580803156,TRCGADQ128F42B01C5,219.5420277060678,TRNYWKO12903CC545D,218.53588964765785,TRCGADQ128F42B01C5,0.32456294631075955,TRNYWKO12903CC545D,0.32188947235134097,TRJEJOJ12903CAA2B2,0.3184439638404864
TRMGOLR128F933A7DB,TRFUJVJ128F426F2A2,4185.0,TRKRVKD128F9327008,2796.0,TRFSCLD12903CD213F,2718.0,TRFUJVJ128F426F2A2,4.5573500000000005,TRFSCLD12903CD213F,3.258325000000001,TRKRVKD128F9327008,3.177735937499998,3,TRFGWTJ128E0783A47,551.1649424381833,TROCPYO128F92F9ADC,549.3261355557005,TRJOQXR128F92EB51A,543.2356273559809,0,TROCPYO128F92F9ADC,0.6988727693714599,TRFGWTJ128E0783A47,0.694586823866838,TRJOQXR128F92EB51A,0.6896343266765022,0,3,0,0,0,0,3,TRCHZXW128E079288A,263.5574374858209,TRFUJVJ128F426F2A2,213.4640349865858,TRDPGXU128F9339C2A,201.35122931548548,TRCHZXW128E079288A,0.17570463539757364,TRXDHHL128F93420AE,0.16201098582210982,TRGHYGG12903CAC100,0.1512523669947178,TRGVQSU128F4260009,208.12278525538596,TREDLRB128EF34C21B,207.01632835659476,TRXDHHL128F93420AE,206.23014256093722,TRXDHHL128F93420AE,0.3014735202682856,TRGVQSU128F4260009,0.29394513917475623,TREDLRB128EF34C21B,0.2913484277598136
TRFNVPY128F92D2626,TRDPGXU128F9339C2A,3252.0,TRFUJVJ128F426F2A2,3062.0,TRCHZXW128E079288A,2899.0,TRDPGXU128F9339C2A,3.663001562499992,TRFUJVJ128F426F2A2,3.3468000000000013,TRCHZXW128E079288A,3.3203734375000096,3,TREBQOW128F92C4549,583.3034396398638,TRDSUZH128F425BAC3,581.9445784103865,TRXRINO128F4264CCB,573.3279284004174,0,TREBQOW128F92C4549,0.7417775692200579,TRDSUZH128F425BAC3,0.7411651089584385,TRXRINO128F4264CCB,0.7311551614511401,0,3,0,0,0,0,3,TRTLIKK128E07862DA,207.83550046166116,TRBERRB128F932D534,206.70075354589005,TRDPGXU128F9339C2A,205.13282620169753,TRJPIQT128F92CBF28,0.16495824545746146,TRTLIKK128E07862DA,0.15473869738903942,TRBERRB128F932D534,0.15083657774936984,TRFLIUK128F4267203,210.71722408297015,TREAJPF128F429E1E2,209.1042669735442,TRJNMGP128F92E0427,201.49754209335677,TRFLIUK128F4267203,0.3113294260412552,TRJNMGP128F92E0427,0.3061769705448479,TRRIRCF128F426A606,0.3055097303556769
TRPSYVF128F428A446,TRFUJVJ128F426F2A2,3935.0,TRDPGXU128F9339C2A,3449.0,TRWSYHO128F4282346,3367.0,TRFUJVJ128F426F2A2,4.4449499999999995,TRDPGXU128F9339C2A,3.915021874999993,TRWSYHO128F4282346,3.8991062499999902,3,TREBRPS128E07938F2,543.822718578587,TRQBHPO128F9307C8E,540.3952000786282,TRDSLPM128F1495679,531.863375726979,0,TREBRPS128E07938F2,0.690200242094388,TRQBHPO128F9307C8E,0.6840906921800699,TRDSLPM128F1495679,0.6817800417174624,0,3,0,0,0,0,3,TRDPGXU128F9339C2A,221.65290079941795,TRFUJVJ128F426F2A2,211.81107830949705,TRCHZXW128E079288A,171.86219929493296,TRDPGXU128F9339C2A,0.14301121579892515,TRQAWKR128F425EEC3,0.14236203613092818,TRFUJVJ128F426F2A2,0.13324236566772382,TRZIUGN12903CE26E3,240.87474999394482,TRCZLLQ128E0792778,239.75893354799902,TRMYJUA128F428A590,235.79159544781436,TRCZLLQ128E0792778,0.3497786287695695,TRMYJUA128F428A590,0.3427735120098,TRZIUGN12903CE26E3,0.3408643089590555
TROGTUS128F932D6CB,TRFUJVJ128F426F2A2,4813.0,TRWSYHO128F4282346,4510.0,TREBGAA128E078FC52,3978.0,TRFUJVJ128F426F2A2,5.632149999999997,TRWSYHO128F4282346,5.386478124999999,TREBGAA128E078FC52,4.831332812499997,3,TRISFKH128F9336E63,633.9009485697763,TRNHSZN128F930FF03,633.1965018350454,TRWNUXN128F93095BF,631.7429242060862,0,TRISFKH128F9336E63,0.7991199678096599,TRNHSZN128F930FF03,0.7979245614795774,TRWNUXN128F93095BF,0.7954905739980809,0,3,0,0,0,0,3,TRFUJVJ128F426F2A2,163.73942493126978,TRDPGXU128F9339C2A,156.86181840672552,TRZUINP128F425A9CA,148.1408630855381,TRZUINP128F425A9CA,0.1541542493544842,TRFPLQD128F92FFB52,0.1161847239668709,TRUDDDM128F425E99D,0.11246419326569398,TRGPKPO128F9346478,258.08899099355915,TRZUINP128F425A9CA,253.58294714285816,TROSRFJ128F428A759,246.0063611821723,TRZUINP128F425A9CA,0.3578432364717625,TRGPKPO128F9346478,0.3576891833139155,TROSRFJ128F428A759,0.34568874475802985
TRZVPFY128F92E19DF,TRFUJVJ128F426F2A2,6817.0,TRWSYHO128F4282346,6499.0,TRDPGXU128F9339C2A,5836.0,TRFUJVJ128F426F2A2,7.743849999999991,TRWSYHO128F4282346,7.615693749999994,TRGLNKG128F9307689,6.710409375000008,2,TRKLAOB12903C9A1CD,591.6619583261496,TRNHSZN128F930FF03,584.8307892318613,TRLOMAF128F92DF3DB,559.4886675770421,0,TRKLAOB12903C9A1CD,0.7501832560096057,TRNHSZN128F930FF03,0.7407940579777026,TRLOMAF128F92DF3DB,0.7112920499480058,0,2,0,0,0,0,3,TRDPGXU128F9339C2A,255.0632273220034,TRDGICW128F42963E2,203.13890200925997,TRVUUIA128F428A338,197.24449996092693,TRREOLO128F429386C,0.2113360377171,TRVUUIA128F428A338,0.20912843850910032,TRZKRYJ128F148BD94,0.17760298020200455,TRREOLO128F429386C,305.0440480217122,TRVUUIA128F428A338,287.564101646423,TRTJJZY12903CF761E,231.86444525117082,TRREOLO128F429386C,0.4135257387636266,TRVUUIA128F428A338,0.39817097146103164,TRTJJZY12903CF761E,0.3402686470828329
TRGAEVY128F428BEF6,TRFUJVJ128F426F2A2,2094.0,TRDPGXU128F9339C2A,1450.0,TRGLNKG128F9307689,1214.0,TRFUJVJ128F426F2A2,2.284000000000001,TRDPGXU128F9339C2A,1.5336015625000003,TRGLNKG128F9307689,1.313367187500002,3,TRSPCDB128F1464F66,461.3557383481441,TRCAYQT128F423DA11,460.1666773867796,TRGVQMG12903CAE801,442.41986498503474,0,TRSPCDB128F1464F66,0.5967933663219459,TRCAYQT128F423DA11,0.5924374104983581,TRGVQMG12903CAE801,0.5783789616986831,0,3,0,0,0,0,3,TRFUJVJ128F426F2A2,201.6056465926667,TRDGICW128F42963E2,148.29847680314688,TRRKBRB128EF35E2DA,147.6370273470154,TRFUJVJ128F426F2A2,0.13063247417348892,TRRKBRB128EF35E2DA,0.12347343231221317,TRDGICW128F42963E2,0.11083844101536744,TRFVEPF12903CBAF1D,250.60316346860654,TRSXWSL128F933DFE5,212.45924712948528,TRPRSOA12903CED234,206.06015413559123,TRFVEPF12903CBAF1D,0.3607911445701713,TRSXWSL128F933DFE5,0.3053180209895217,TRQCXUL128E078A9D6,0.2994262336620753
TRPTWJT128F422F239,TRFUJVJ128F426F2A2,3968.0,TRUGLTC128F4227B93,3347.0,TRVLIZK128F428845E,3061.0,TRFUJVJ128F426F2A2,4.55749999999999,TRUGLTC128F4227B93,3.997265625000006,TRVLIZK128F428845E,3.6720312499999945,3,TRXKSAZ12903CAFB8E,579.508231086633,TRLNCCP128F426504E,573.8787397638688,TRUXYDP128F93234BD,558.3875382623488,0,TRXKSAZ12903CAFB8E,0.728433473710059,TRLNCCP128F426504E,0.7262262332197584,TRUXYDP128F93234BD,0.709096476192283,0,3,0,0,0,0,3,TRDGICW128F42963E2,143.6090047042941,TRGLNKG128F9307689,140.51368817306715,TRQWDRK128F4241A32,137.97088477821728,TRCEPWK128F42365A9,0.1196827994193469,TREDKMF12903CFA6A7,0.11895812011210202,TRWPSUL128F934AF4E,0.11244853680588171,TRCEPWK128F42365A9,204.43102470834108,TRWXPSX12903CEB577,203.0760791744904,TRWFFEM128F4262753,202.27889792855808,TRCEPWK128F42365A9,0.30586159139232355,TRWXPSX12903CEB577,0.30042190037225147,TRWFFEM128F4262753,0.293636981026164
TRPYGVQ128E078EFE9,TRFUJVJ128F426F2A2,5579.0,TRWSYHO128F4282346,4571.0,TREBGAA128E078FC52,4071.0,TRFUJVJ128F426F2A2,6.559750000000003,TRWSYHO128F4282346,5.443187499999997,TREBGAA128E078FC52,4.936593749999989,3,TRISFKH128F9336E63,557.0568289655841,TRMEKRF12903CC80A6,550.0723844316655,TRVFKVN128F42B501F,545.7604603572684,0,TRISFKH128F9336E63,0.7036822071249154,TRMEKRF12903CC80A6,0.6949354270021553,TRVFKVN128F42B501F,0.6897099032142422,0,3,0,0,0,0,3,TRJJPND128F4262576,130.40612011296065,TRCACEF128F42434D7,120.84003396748639,TRCMXOT128F1489C6F,113.9478608481489,TRCMXOT128F1489C6F,0.1358925165186273,TRCACEF128F42434D7,0.12945944793677427,TRGUDLL128F92FA35A,0.1289618024089888,TRCMXOT128F1489C6F,308.32264231902474,TRGUDLL128F92FA35A,295.9986798019002,TRGENXK128F1495143,231.85666132568772,TRCMXOT128F1489C6F,0.39639138652074374,TRGUDLL128F92FA35A,0.38550365684538807,TRGENXK128F1495143,0.30837623053489543
TRJNMGP128F92E0427,TRFUJVJ128F426F2A2,3317.0,TRDPGXU128F9339C2A,2241.0,TRBVPVV128F425F14F,2104.0,TRFUJVJ128F426F2A2,3.667850000000001,TRBVPVV128F425F14F,2.441175000000004,TRDPGXU128F9339C2A,2.401175000000003,3,TRMFKTA128F92FE268,539.384500206273,TRJEUFZ128F92F3FAE,502.86655083347097,TRFXREK12903CE855F,491.8728273883463,0,TRMFKTA128F92FE268,0.689886393722987,TRJEUFZ128F92F3FAE,0.6448952609528046,TRFXREK12903CE855F,0.6299635498994527,0,3,0,0,0,0,3,TRDPGXU128F9339C2A,230.62804737594206,TRQWDRK128F4241A32,203.36609830047507,TRCHZXW128E079288A,176.33841727386252,TRXJTJZ128F4295464,0.15959618803285971,TRXPMCA128F421A28C,0.1445096415339604,TRUSJOE128F92CB68F,0.1380145755287463,TRXPMCA128F421A28C,217.06086453869491,TRHAKOR128F423772E,207.70125147534893,TRPVSSJ128F42AEE18,201.83450452627466,TRXPMCA128F421A28C,0.32824379073085264,TRFNVPY128F92D2626,0.30617697054484794,TRPDBNV128F423F018,0.2928432390297615
TRVWMAR128F425A2DA,TRWSYHO128F4282346,7262.0,TRFUJVJ128F426F2A2,7112.0,TREBGAA128E078FC52,6549.0,TRWSYHO128F4282346,8.698712500000012,TRFUJVJ128F426F2A2,8.310399999999998,TREBGAA128E078FC52,7.973231249999989,3,TROHCKX128F42ADF06,651.2613636189782,TRNPSMI128F14A8E06,624.0992941574336,TRKERVB128F145B6DB,621.8305705029725,0,TROHCKX128F42ADF06,0.8184781019138007,TRNPSMI128F14A8E06,0.7856285670674079,TRKERVB128F145B6DB,0.7833750247726515,0,3,0,0,0,0,3,TRFUJVJ128F426F2A2,238.9191836446246,TRQAWKR128F425EEC3,234.48871964798224,TRLJPRR128F1466819,213.10754926597568,TRQAWKR128F425EEC3,0.21502960920404326,TRLJPRR128F1466819,0.2003783277128217,TRDOQOR128F42A64EC,0.15421669141680316,TROHCKX128F42ADF06,280.8367293907969,TRLJPRR128F1466819,270.721269403583,TROYJJR128F4278BB0,246.92642816269554,TRLJPRR128F1466819,0.4022191414304439,TROHCKX128F42ADF06,0.39012338281111697,TRDOQOR128F42A64EC,0.33638757436205213
TRCKZBM128F425A2DD,TRFUJVJ128F426F2A2,1562.0,TRYCBLK12903CE6A0E,1429.0,TRYOUMI128E078F4DE,1412.0,TRFUJVJ128F426F2A2,1.6787999999999992,TRYOUMI128E078F4DE,1.6729609375000032,TRYCBLK12903CE6A0E,1.6269015625000005,3,TRVRZZI128F426846B,462.7076660318858,TRECZIB12903CB8033,444.32905988890684,TRABOIH128F9300B06,421.7223193339504,0,TRVRZZI128F426846B,0.5914153703399583,TRECZIB12903CB8033,0.5664108791144276,TRABOIH128F9300B06,0.5405233696340517,0,3,0,0,0,0,3,TRIVUXU128F145A60B,168.27043734263512,TRFEGNP128F93462CB,161.17954229758627,TRMCDPD128F92EF9C1,161.06864915862064,TRMCDPD128F92EF9C1,0.1735312477550334,TRIVUXU128F145A60B,0.16467678599057411,TRJHZTW12903CA1A25,0.15490934935681128,TRTJIOL128F1495A4B,327.3586193715987,TRMCDPD128F92EF9C1,218.5997148864048,TRJHZTW12903CA1A25,216.15448840324675,TRTJIOL128F1495A4B,0.4308994847144227,TRMCDPD128F92EF9C1,0.30269318991216787,TRHTGXF128F931BEE7,0.2944816603532331
TRCFCHA128F4259A75,TRFUJVJ128F426F2A2,2022.0,TRDPGXU128F9339C2A,1901.0,TRFLWJZ128F425C9E4,1723.0,TRFUJVJ128F426F2A2,2.124999999999991,TRDPGXU128F9339C2A,2.039648437499998,TRFLWJZ128F425C9E4,1.9445703125000051,3,TRJEJXZ128F9321015,478.64023568112304,TRQNPBZ128F424A1C9,462.5932804843948,TROURLD128F42A9F95,454.6290888851949,0,TRJEJXZ128F9321015,0.6146838438611498,TRCQNWN128F92EA07D,0.6011684529081096,TRQNPBZ128F424A1C9,0.5947372708263751,0,3,0,0,0,0,2,TRDPGXU128F9339C2A,247.38333433428707,TRFMKJY128F92E89F1,234.08447451596734,TRKQJBJ128F4241A45,231.7639304855895,TRRUKSD128F9322FEF,0.20557081659128065,TRQMAUL12903CE91AC,0.1966318804371128,TRFMKJY128F92E89F1,0.19482749364364715,TRCIOCW12903CD1DD6,260.5941949723938,TRCQZCM128F425FD8C,249.23648543324384,TRRUKSD128F9322FEF,229.51480450732336,TRCIOCW12903CD1DD6,0.3657723871307387,TRDAMMQ128F93296F1,0.35568401011668804,TRCQZCM128F425FD8C,0.3516504448064345
TRYSJKQ128F4259A73,TRFUJVJ128F426F2A2,1438.0,TRDPGXU128F9339C2A,1407.0,TRWSYHO128F4282346,1226.0,TRDPGXU128F9339C2A,1.5567890624999992,TRFUJVJ128F426F2A2,1.5559999999999994,TRWSYHO128F4282346,1.3746718750000024,3,TRMRNDW128F4292475,505.00189893659666,TRGXGMH128F92F5B48,503.62105019954095,TRDPGXU128F9339C2A,496.80889948097325,1,TRMRNDW128F4292475,0.658400987137392,TRGXGMH128F92F5B48,0.6533716809077528,TRDPGXU128F9339C2A,0.6491256390286232,1,3,1,1,1,1,3,TRDPGXU128F9339C2A,197.74731866793954,TRFUJVJ128F426F2A2,170.37305711979704,TRQWDRK128F4241A32,158.12763570012226,TRDPGXU128F9339C2A,0.11451478695573668,TRQWDRK128F4241A32,0.09925293116141369,TREHJTV128F1477BC7,0.09526506127727342,TRLHHPJ128F92EF565,212.04726743213766,TRDRJJC128F42353C3,186.39336573378162,TRKJSXZ128F148AF12,174.43698575415354,TRLHHPJ128F92EF565,0.31569868658207717,TRBHTIG128F92F4B81,0.284453950087085,TRDPGXU128F9339C2A,0.2816806020182796
TRAQKVC128F425E65C,TRFUJVJ128F426F2A2,1291.0,TRTLIKK128E07862DA,937.0,TRDPGXU128F9339C2A,894.0,TRFUJVJ128F426F2A2,1.3975499999999992,TRTLIKK128E07862DA,1.0405312500000001,TRDPGXU128F9339C2A,0.9366968750000008,3,TRVWTVK128F429AAAB,464.9365308676439,TRCHTOQ12903CB2D56,444.447367504014,TRMGICM128F92E2AB8,441.9221612365762,0,TRVWTVK128F429AAAB,0.6038773798613895,TRMGICM128F92E2AB8,0.5774355286412254,TRCHTOQ12903CB2D56,0.5774148486359397,0,3,0,0,0,0,3,TRDPGXU128F9339C2A,136.0030266515662,TRLDRYJ128F930BBB4,133.15857044568102,TRKRVKD128F9327008,112.73262714566783,TRLDRYJ128F930BBB4,0.10948781718706008,TRDVYVJ128F426F7C0,0.09333598092130163,TRKRVKD128F9327008,0.0873487207464464,TRKQRSQ128F92D5134,229.16752300397494,TRGRMJO128F931914F,222.12639228707692,TRPNIKB12903CE690B,219.66386310630435,TRGRMJO128F931914F,0.3170151471041442,TRDVYVJ128F426F7C0,0.30418587020183013,TRKQRSQ128F92D5134,0.2915753617304611
TRUASIU128F425A1D7,TRDPGXU128F9339C2A,6301.0,TRCHZXW128E079288A,6162.0,TRKLJAG128F42B31CF,5834.0,TRDPGXU128F9339C2A,7.395390624999955,TRCHZXW128E079288A,7.339609375000046,TRKLJAG128F42B31CF,7.11671875,3,TRJBEQI12903CDDCCE,619.9871288890201,TRBLBTB128F147F7EF,607.2991187556215,TRWNSHP128F42424E8,606.6770216420692,0,TRJBEQI12903CDDCCE,0.779075409628105,TRBLBTB128F147F7EF,0.763768800811405,TRWNSHP128F42424E8,0.7633558973227766,0,3,0,0,0,0,3,TRFUJVJ128F426F2A2,185.1156890785162,TRNVKOI128E0799173,151.56331249937404,TRXAORM128F933CA0D,136.64900716337777,TRPWHPL128F932FC16,0.11465762239817931,TRNVKOI128E0799173,0.10747722699435838,TRQQDZH128F145E06F,0.10409212695625195,TRGDVJI128F932E44D,232.05615400235922,TRHKTGD128F1498F55,209.26361459831352,TRXHRJN128F149418E,201.65910965904837,TRGDVJI128F932E44D,0.3200945975621524,TRHKTGD128F1498F55,0.2948240327779399,TRNFHLX12903CC5B12,0.2908653520618654
TROLGMC128F4259BB8,TRFUJVJ128F426F2A2,3126.0,TRDPGXU128F9339C2A,2672.0,TRWSYHO128F4282346,2560.0,TRFUJVJ128F426F2A2,3.470500000000001,TRDPGXU128F9339C2A,2.9745468749999997,TRWSYHO128F4282346,2.9144062499999954,3,TRLXXCC128F92EABC3,471.50428737883914,TRNJNUP128E078F822,470.5561960890385,TRZCHKB128F92CB740,469.11287597117524,0,TRLXXCC128F92EABC3,0.6101384291647136,TRZCHKB128F92CB740,0.6090711087036049,TRNJNUP128E078F822,0.6085229691820605,0,3,0,0,0,0,3,TREZBFM128F428508A,297.17627798792034,TRPVDFG128E0794605,271.7671766506446,TRLXXCC128F92EABC3,264.95117265414206,TREZBFM128F428508A,0.3371084451187173,TRPVDFG128E0794605,0.30481084578568557,TRLXXCC128F92EABC3,0.284065466971359,TRPVDFG128E0794605,389.26995206327445,TRMQPXI128F42ACF69,321.89742037000224,TREZBFM128F428508A,291.94811798578684,TRPVDFG128E0794605,0.5134272613056896,TRMQPXI128F42ACF69,0.4286958247476777,TRLXXCC128F92EABC3,0.38711815554198914
TRMQMTC128F428A516,TRFUJVJ128F426F2A2,1916.0,TRDPGXU128F9339C2A,1374.0,TRQAWKR128F425EEC3,1296.0,TRFUJVJ128F426F2A2,2.1351,TRZOZSK128F92F6735,1.5390921874999974,TRDPGXU128F9339C2A,1.5001515624999984,2,TRTPLZP128F426AC13,587.9146223375125,TRTLLMP128F9307700,583.7670107034371,TRQZEGA128F428FEFE,574.4382679506771,0,TRTPLZP128F426AC13,0.7426565469688222,TRTLLMP128F9307700,0.7389383403275933,TRQZEGA128F428FEFE,0.7276437794230677,0,2,0,0,0,0,3,TRDPGXU128F9339C2A,205.4675657599785,TRFUJVJ128F426F2A2,166.33454906550813,TRIFVKW128F145C141,139.35432511306323,TRDPGXU128F9339C2A,0.14397641903568698,TRZYBSS128F145806B,0.13265891031039176,TRIFVKW128F145C141,0.11302962841037274,TRSMIAW128F9340827,243.7219397093571,TRCTHSQ12903CA82D3,237.51980505948265,TRQZEGA128F428FEFE,234.06630094712858,TRSMIAW128F9340827,0.3377321719573333,TRQZEGA128F428FEFE,0.3353142092849672,TRCTHSQ12903CA82D3,0.33297763699294886
TRQENBA128F426093C,TRFUJVJ128F426F2A2,5138.0,TRWSYHO128F4282346,3017.0,TRGLNKG128F9307689,2935.0,TRFUJVJ128F426F2A2,6.045300000000002,TRWSYHO128F4282346,3.5247374999999987,TRGLNKG128F9307689,3.437868749999998,3,TRWFHUB128F1476AFB,641.1760385916596,TRFCNPY128F934AF94,634.0982473032217,TROKUOP12903CA7867,624.8482085830773,0,TRWFHUB128F1476AFB,0.8070223082023004,TRFCNPY128F934AF94,0.7980182213718866,TROKUOP12903CA7867,0.7872396565780551,0,3,0,0,0,0,3,TRFUJVJ128F426F2A2,207.49837305304644,TRDPGXU128F9339C2A,173.88523636998084,TRRJQIQ128F429A974,150.10393828299104,TRXXGPE128F42916C7,0.12947301038177378,TRFUJVJ128F426F2A2,0.11327971932535696,TRHPAVK128E078EC9C,0.10773323342438944,TRXXGPE128F42916C7,196.3247336091677,TRGPKPO128F9346478,193.06541028080434,TRGVJCZ128F9336F83,181.96358820066038,TRXXGPE128F42916C7,0.311700203329532,TRGVJCZ128F9336F83,0.2878669032844581,TRGPKPO128F9346478,0.28680819626765874
TRJCXHB128F428AC5B,TRFUJVJ128F426F2A2,1601.0,TRDPGXU128F9339C2A,1506.0,TRGUCIR128F933D817,1458.0,TRFUJVJ128F426F2A2,1.7160499999999963,TRGUCIR128F933D817,1.6876499999999914,TRDPGXU128F9339C2A,1.6439937500000021,3,TRZGDIA128F4294E98,512.2359823251898,TRMSDGX128F428F296,471.0057172900789,TROIYWE128F146BD93,468.63177856275615,0,TRZGDIA128F4294E98,0.6641014558792049,TRMSDGX128F428F296,0.6168363179918088,TROIYWE128F146BD93,0.6066969872935191,0,3,0,0,0,0,3,TRFUJVJ128F426F2A2,181.5370260104011,TRDGICW128F42963E2,159.75905417230703,TRDPGXU128F9339C2A,159.6145409541832,TRDGICW128F42963E2,0.11716328045319356,TRZGDIA128F4294E98,0.10348648277497187,TRQAWKR128F425EEC3,0.10166206654202763,TRSFRAV128F4291046,188.57103756990466,TRJYSJS128EF356B75,179.74484050617156,TRDHQHB128F421FE15,179.0813644465419,TRZGDIA128F4294E98,0.30416828441322125,TRSFRAV128F4291046,0.286204791452872,TRJYSJS128EF356B75,0.2786325007053789
TRHWAPL128F428BEEE,TRFUJVJ128F426F2A2,3021.0,TRDPGXU128F9339C2A,2859.0,TRCHZXW128E079288A,2636.0,TRFUJVJ128F426F2A2,3.488750000000004,TRDPGXU128F9339C2A,3.333320312499981,TRCHZXW128E079288A,3.1135546875000206,3,TREBQOW128F92C4549,673.9549017093148,TRGLGNR128F1487A6F,644.2024525300034,TRCGKTL128F148C3FA,640.9311008988076,0,TREBQOW128F92C4549,0.8479692210360039,TRGLGNR128F1487A6F,0.811862109141525,TRCGKTL128F148C3FA,0.807750846776038,0,3,0,0,0,0,3,TRFUJVJ128F426F2A2,148.03400640327897,TRDPGXU128F9339C2A,146.74362519473883,TROYKQM128F428CCED,130.74792477706114,TRZBKVK128F9346298,0.10219377072433222,TROYKQM128F428CCED,0.1021168783095863,TROOJPJ128F14A2A86,0.09273562399429298,TRCSWQR128F146292C,208.0240424480765,TRBGUJV128E078FE5D,203.61060850865755,TRUAKVA12903CE4539,186.85487912772584,TRBGUJV128E078FE5D,0.30840889478718625,TROYKQM128F428CCED,0.3076822382655918,TROOJPJ128F14A2A86,0.2990935338374658
TRHYIAH128F14825EC,TRDPGXU128F9339C2A,3078.0,TRFUJVJ128F426F2A2,2904.0,TRHNOMB12903CB2544,2783.0,TRDPGXU128F9339C2A,3.5262859374999915,TRHNOMB12903CB2544,3.3193171874999905,TRFUJVJ128F426F2A2,3.245899999999997,3,TRJBEQI12903CDDCCE,549.514319390364,TRYAVHM12903CF521E,547.2671465294751,TRNOOMW128F4257F9C,520.2512876198272,0,TRYAVHM12903CF521E,0.6938732714808346,TRJBEQI12903CDDCCE,0.6934775721850356,TRNOOMW128F4257F9C,0.6595237072114135,0,3,0,0,0,0,3,TRGLNKG128F9307689,124.1153624784015,TRDGICW128F42963E2,121.91175868818165,TRLDRYJ128F930BBB4,111.42022054279876,TRAPMUC128F92F3121,0.11333831637483581,TRDHPGJ128F4289C44,0.09865099278414784,TRCSAUS128F426457A,0.09573085245029027,TROAHPF128F92FC9E9,202.8613941621468,TRAPMUC128F92F3121,195.05354234853058,TRAFEVZ128F9340E0C,195.05114260339536,TROAHPF128F92FC9E9,0.28569660872454616,TRAPMUC128F92F3121,0.2784123935371073,TRAFEVZ128F9340E0C,0.27311655201942614
TRWMODL128F92E7E2A,TRFLWJZ128F425C9E4,756.0,TRQAWKR128F425EEC3,664.0,TRFUJVJ128F426F2A2,629.0,TRFLWJZ128F425C9E4,0.8637187499999989,TRQAWKR128F425EEC3,0.695912500000001,TRFUJVJ128F426F2A2,0.6298500000000008,3,TRWLKWQ128F92F93D0,401.577275926412,TRYPKXM128F932A9EE,377.7768975428966,TRQNPBZ128F424A1C9,376.75618057107494,0,TRWLKWQ128F92F93D0,0.5187057995836745,TRYPKXM128F932A9EE,0.49053517921735057,TRKNWXK128F4250BEA,0.49046981633151027,0,3,0,0,0,0,2,TRPFORB128F42626DF,106.212498721573,TRDPGXU128F9339C2A,93.40809975851506,TRDUSIG12903CA5FCB,91.94703936717869,TRPFORB128F42626DF,0.11363433330077834,TRGTGJR128F92D2C42,0.07891974682183368,TRQAWKR128F425EEC3,0.07258071152775578,TRPFORB128F42626DF,258.8791042673579,TRPCYSR128EF35F745,201.57643017460748,TRPHHFC128F930B8E0,190.8755383704155,TRPFORB128F42626DF,0.3578033046748098,TRPCYSR128EF35F745,0.2893396701621511,TRCRZZQ128F4286AF2,0.27242058888606313
TRABGYE128E078278A,TRFGJLT128F1491125,982.0,TRDPGXU128F9339C2A,882.0,TRFUJVJ128F426F2A2,831.0,TRFGJLT128F1491125,1.171700000000002,TRCETEN128F42AD6D0,0.965299999999999,TRFLWJZ128F425C9E4,0.9190000000000008,1,TRVGXWV128F148640B,358.2768753812053,TRERNJZ128F1452EC5,337.46314856747466,TRKMPQS128F932DC13,332.29993126914337,0,TRVGXWV128F148640B,0.4647603253523263,TRERNJZ128F1452EC5,0.43923618246435164,TRKMPQS128F932DC13,0.4331315117697229,0,1,0,0,0,0,3,TRDPGXU128F9339C2A,105.26960770885199,TRXJTJZ128F4295464,98.38824239478592,TRUHHWN128F93045BA,92.72133602030627,TRUHHWN128F93045BA,0.10287025176864567,TRXJTJZ128F4295464,0.09838985547584927,TRXPMCA128F421A28C,0.09410447172097083,TRSCFSP128F9315B0D,259.97178024674383,TRHHMHF128F423F004,214.8225287614885,TRSBMEI12903CC2C57,212.12109319522716,TRSCFSP128F9315B0D,0.3423330322335168,TRHHMHF128F423F004,0.29526741242232735,TRXPMCA128F421A28C,0.2851284506513003
TRBAQPR128F92F4AB0,TRFUJVJ128F426F2A2,4562.0,TRDPGXU128F9339C2A,3111.0,TREBGAA128E078FC52,2973.0,TRFUJVJ128F426F2A2,5.228699999999999,TREBGAA128E078FC52,3.542115624999998,TRDPGXU128F9339C2A,3.492521874999996,3,TRAORGE12903CBE64B,578.3589952641249,TRKRVKD128F9327008,577.0008677856832,TRXICJK128F1466AA5,563.3812857786951,0,TRAORGE12903CBE64B,0.7369038830998202,TRKRVKD128F9327008,0.7359877238937358,TRXICJK128F1466AA5,0.7194463918810536,0,3,0,0,0,0,3,TRFUJVJ128F426F2A2,243.45826175082604,TRYCBLK12903CE6A0E,196.19770798805664,TRQWDRK128F4241A32,196.168656116334,TRYCBLK12903CE6A0E,0.14613777809461753,TRFUJVJ128F426F2A2,0.14429706651600147,TRHPAVK128E078EC9C,0.13719580239729262,TRFPSBS128F4298DD4,212.27851840424898,TRLMBBV128EF342DF3,211.645816838159,TROCPYO128F92F9ADC,204.76521994266093,TRLMBBV128EF342DF3,0.32715379946114437,TROCPYO128F92F9ADC,0.3193111748525566,TRFPSBS128F4298DD4,0.31739900158326395
TRVOTRF128F148AE44,TRFUJVJ128F426F2A2,2719.0,TRDPGXU128F9339C2A,2153.0,TRGLNKG128F9307689,1924.0,TRFUJVJ128F426F2A2,2.9502500000000023,TRDPGXU128F9339C2A,2.3161796874999987,TRHNOMB12903CB2544,2.142585937499998,2,TRFBASZ128F42317D3,459.16796418639046,TRDUPRE128F92E9E79,456.91040018215097,TRVWMKK128F422AD41,452.3084485844229,0,TRDUPRE128F92E9E79,0.5939071978394765,TRFBASZ128F42317D3,0.5927209844460312,TROKRFB12903CA43AC,0.5881893376910972,0,2,0,0,0,0,2,TRDPGXU128F9339C2A,194.96353205050494,TRDGICW128F42963E2,169.65868381633018,TRFUJVJ128F426F2A2,165.69033836032773,TRQQLZD128F425E9BC,0.14765526427867903,TRVGTSJ128F92DF8E2,0.14343357581552932,TRUDNCD128E078F6F3,0.13566965418303917,TREZOUZ128EF352483,225.144520839063,TRVDOVH128F42701E5,215.93293906298356,TRVGTSJ128F92DF8E2,204.3755829138843,TREZOUZ128EF352483,0.3248885917964122,TRUDNCD128E078F6F3,0.3056725153661749,TRPZOHE128F424F9A1,0.30287756178462083
TRRERUT128F1477144,TRFUJVJ128F426F2A2,2326.0,TRDPGXU128F9339C2A,2230.0,TRCHZXW128E079288A,1875.0,TRFUJVJ128F426F2A2,2.5670999999999986,TRDPGXU128F9339C2A,2.5028312499999976,TRCHZXW128E079288A,2.128918749999998,3,TRMGSLI128F93276B8,535.9664827804587,TRZPHVT128F4298109,525.5010113857481,TRAQOSN12903CEFA18,525.2019532339701,0,TRMGSLI128F93276B8,0.6850096942744679,TRZPHVT128F4298109,0.6729162091835548,TRAQOSN12903CEFA18,0.6728451985810541,0,3,0,0,0,0,3,TRQDUMO128F92E3896,145.87346592503204,TRDJOCY128F4294CD5,141.65722887248452,TRHKJVR128F42857EA,130.26060186110556,TRDJOCY128F4294CD5,0.10432748982720647,TRFWYFU128F42A9447,0.10110161543078,TRKLBDU128F42B8359,0.10030018475741423,TRFWYFU128F42A9447,200.40331308780787,TRUSTCJ128F4259305,178.703974084606,TRKLBDU128F42B8359,176.40605237885518,TRFWYFU128F42A9447,0.28735274564732816,TRKLBDU128F42B8359,0.2689805797028809,TRUSTCJ128F4259305,0.26087615623313803
TRHGTHE128F428B4C3,TRFUJVJ128F426F2A2,6934.0,TRWSYHO128F4282346,6320.0,TRDPGXU128F9339C2A,5203.0,TRFUJVJ128F426F2A2,7.821099999999999,TRWSYHO128F4282346,7.346849999999986,TREBGAA128E078FC52,5.966424999999986,2,TRYQPDL128F4265A48,484.2360770738389,TRWLKBS12903CC57D7,471.08804241004685,TROKYHH128F9316FAB,466.4987818952915,0,TRYQPDL128F4265A48,0.623282822521767,TRWLKBS12903CC57D7,0.6084699092018043,TRYYRLU12903D082FF,0.6025935206912072,0,2,0,0,0,0,2,TRWZUDO128F1495E26,428.6113834291055,TRRKBRB128EF35E2DA,334.3356113384068,TRLNRDG128F429C5E9,332.1013834105331,TRWZUDO128F1495E26,0.3923712572402573,TRLNRDG128F429C5E9,0.37188070276730356,TRRLAFO12903CB2FAD,0.36341213819202034,TRLNRDG128F429C5E9,355.1718889903273,TRCPRIU128E0784F2B,301.94826049807307,TRVKKFU128F427EF54,292.610987726571,TRLNRDG128F429C5E9,0.4710016428569975,TRCPRIU128E0784F2B,0.4021005530330039,TRJAQUQ128F426757B,0.3959011202367517
TREIEOO128F42B0099,TRFUJVJ128F426F2A2,13073.0,TRWSYHO128F4282346,11783.0,TRUGLTC128F4227B93,10158.0,TRFUJVJ128F426F2A2,15.278649999999994,TRWSYHO128F4282346,14.034306249999979,TRUGLTC128F4227B93,12.205181250000024,3,TRFYGMB128F425A7A2,661.1204437366148,TRENNUC128F427B111,658.1532999790415,TRGTQCP128F932573A,653.3148224282124,0,TRFYGMB128F425A7A2,0.8328130724606821,TRENNUC128F427B111,0.8288904529638831,TRGTQCP128F932573A,0.8237734472214339,0,3,0,0,0,0,3,TRFUJVJ128F426F2A2,369.96547144721836,TRDPGXU128F9339C2A,317.0044167405293,TRQDUMO128F92E3896,316.79731043705425,TRQDUMO128F92E3896,0.22797936490928034,TRFUJVJ128F426F2A2,0.21828683471992338,TRJLMAI128F92EBB04,0.19023319521454557,TRWZWOX128F935A084,245.37075574083042,TRTXZGM128F428B62B,244.20655488804877,TRPMNRL128F9302AD7,235.82068301216566,TRTXZGM128F428B62B,0.3749410955901267,TRWZWOX128F935A084,0.3721631162915227,TRQDUMO128F92E3896,0.3691670530764354
TRRZSBO128F428BE44,TRFUJVJ128F426F2A2,9962.0,TRWSYHO128F4282346,7977.0,TREBGAA128E078FC52,7691.0,TRFUJVJ128F426F2A2,11.481900000000012,TRWSYHO128F4282346,9.336931250000006,TREBGAA128E078FC52,9.25702812499999,3,TRCVHTU128F92F6FF7,636.5597499313811,TRFRZZC128F935F71A,627.9603682713406,TRJJTPI128F4276759,626.582022281397,0,TRCVHTU128F92F6FF7,0.8016240024738276,TRFRZZC128F935F71A,0.7946939530907705,TRYDNTB128F9331278,0.7928351906125909,0,3,0,0,0,0,2,TRDPGXU128F9339C2A,340.38426029827974,TRCHZXW128E079288A,338.1072693217498,TRFUJVJ128F426F2A2,327.9129932878327,TRWFFHM128F92F99C4,0.2263914774566219,TRJLMAI128F92EBB04,0.21871220538901606,TRYXYFR128E078C6B5,0.21768406938096888,TRYXYFR128E078C6B5,262.0158509285002,TRWXSWA128F1456793,258.9048455843566,TRRGBMM128F1454737,258.3078023566293,TRWXSWA128F1456793,0.3968949654512515,TRYXYFR128E078C6B5,0.3967760504789644,TRRGBMM128F1454737,0.389160303750252
TRMZSRG128F428BE3F,TRFUJVJ128F426F2A2,7646.0,TRWSYHO128F4282346,6034.0,TRDPGXU128F9339C2A,5794.0,TRFUJVJ128F426F2A2,8.499499999999998,TRWSYHO128F4282346,6.851062500000003,TRDPGXU128F9339C2A,6.3577187499999965,3,TRAIEIM128F4253EFD,515.587467571527,TRKXMPU128F4222F78,513.1426902669014,TRWVXWR128F92CF848,485.5504570278502,0,TRAIEIM128F4253EFD,0.6558389928781108,TRKXMPU128F4222F78,0.6554045250103253,TRWVXWR128F92CF848,0.6211093005385305,0,3,0,0,0,0,3,TRFUJVJ128F426F2A2,274.5163899716475,TRLVRJP128F93519FB,254.27395602604327,TRCHZXW128E079288A,248.84815040231157,TRUNNEJ12903CD0B0F,0.20299993967854246,TRFUNKE128F4262F96,0.1964149581957798,TRKSXRS128F14AA089,0.18803252595841183,TRSAGIL128F42366CE,301.971915329109,TRALZXZ128F92E26EF,236.35165398042778,TRBXZUJ12903CD4B12,222.64533011471326,TRSAGIL128F42366CE,0.3977052352216641,TRALZXZ128F92E26EF,0.3418361019063918,TRLTTDC128E079380E,0.32427125421529573
TRENECR128F92DAC48,TRFUJVJ128F426F2A2,9634.0,TRWSYHO128F4282346,7770.0,TRDPGXU128F9339C2A,7549.0,TRFUJVJ128F426F2A2,11.085699999999992,TRWSYHO128F4282346,9.08719999999999,TRDPGXU128F9339C2A,8.6361,3,TRGHYGG12903CAC100,609.5309105376058,TRKLJAG128F42B31CF,608.6992964424542,TRSTJFQ128F428DA21,604.901508074478,0,TRGHYGG12903CAC100,0.7726274757426965,TREIANS128F147AD97,0.7655448766595113,TRKLJAG128F42B31CF,0.764487062958129,0,3,0,0,0,0,2,TRFUJVJ128F426F2A2,385.9815181368235,TRDPGXU128F9339C2A,350.0188097333116,TRGLNKG128F9307689,319.36440666156005,TRQAWKR128F425EEC3,0.23070832125199012,TRALKUS128F42384AC,0.22670513387694022,TRRJQIQ128F429A974,0.21151838016891958,TRKGGHK128F42999EF,216.14702096711812,TRPMNBR128F92F9588,210.64353887061958,TRFBUYK128F4250654,209.86228801471825,TRBDCAH128EF362D31,0.3352522186527724,TRALKUS128F42384AC,0.33506974400073847,TREXHBK128F9312A37,0.33207913278948376
TRIAONH128F9340E62,TRFUJVJ128F426F2A2,10876.0,TRWSYHO128F4282346,10688.0,TRDPGXU128F9339C2A,9690.0,TRWSYHO128F4282346,12.643009375000029,TRFUJVJ128F426F2A2,12.49789999999999,TREBGAA128E078FC52,11.488035937499996,2,TRFBUYK128F4250654,532.8093299476778,TRVCMBD128E0793863,516.3606389328348,TRUYSOV12903CED603,505.48421182634365,0,TRFBUYK128F4250654,0.6752818566292977,TRVCMBD128E0793863,0.6554619300357529,TRUYSOV12903CED603,0.6420155128969275,0,2,0,0,0,0,3,TRDPGXU128F9339C2A,283.4737330478692,TRFUJVJ128F426F2A2,281.74717759297437,TRQAWKR128F425EEC3,262.59907838150434,TRMJBIJ128F93391B9,0.23259089729389396,TRQAWKR128F425EEC3,0.22778101825953834,TRAWCKU128F14771C0,0.2198762673133371,TRIRVHL128F92F5ECF,255.2082573197975,TRMJBIJ128F93391B9,244.7678326642037,TRVBXZK128E07912F1,240.04337517840335,TRMJBIJ128F93391B9,0.3700798839173145,TRIRVHL128F92F5ECF,0.3470743531137192,TRJLMAI128F92EBB04,0.33732824918615906
TRFBNCQ128F9302AD9,TRFUJVJ128F426F2A2,6947.0,TRGLNKG128F9307689,6664.0,TRLCWTH128F92C7F82,6474.0,TRCDMRL12903CB105C,7.7487578125,TRLCWTH128F92C7F82,7.744148437500001,TRGLNKG128F9307689,7.7035234375,2,TRCFOQP128F42A8E14,520.8419994932851,TRNDLHW128F424EF6B,512.0024223197029,TRYJQQG128EF34A50A,500.9311229318972,0,TRCFOQP128F42A8E14,0.6631079631531586,TRNDLHW128F424EF6B,0.6512464047732749,TRYJQQG128EF34A50A,0.6366280096464723,0,2,0,0,0,0,3,TRFUJVJ128F426F2A2,397.5830233429393,TRYHHPK128F42A4CAF,306.1772474085769,TRDPGXU128F9339C2A,275.5936142788452,TRFUJVJ128F426F2A2,0.23312592701816542,TRFLWJZ128F425C9E4,0.19509461092023894,TRMIFQQ128F9338145,0.19277293325805606,TRHBGQQ128E07858E2,238.032465885018,TRTHYMJ128EF349A39,229.75870127906663,TRMIFQQ128F9338145,229.4381574108216,TRMIFQQ128F9338145,0.35162719943980186,TRHBGQQ128E07858E2,0.35058449778470374,TRYYRLU12903D082FF,0.3325029526841824
TRPZAPZ128F9341D3E,TRFUJVJ128F426F2A2,12606.0,TRWSYHO128F4282346,10587.0,TREBGAA128E078FC52,10461.0,TRFUJVJ128F426F2A2,14.628199999999993,TREBGAA128E078FC52,12.661201562500004,TRWSYHO128F4282346,12.495715624999997,3,TRTBBGQ128E078FE63,601.836167941789,TRWZCIQ12903C97881,593.6520241013416,TRRREHG128F9319163,590.2953402715989,0,TRTBBGQ128E078FE63,0.7586327631720818,TRWZCIQ12903C97881,0.7486364422954158,TRRREHG128F9319163,0.7440107658085171,0,3,0,0,0,0,3,TRFUJVJ128F426F2A2,306.41941598857085,TRDPGXU128F9339C2A,298.0774052084466,TRBKQJB128F934EEF7,288.69198307456554,TRUWZJQ128F145E9F7,0.23814295713622805,TRBKQJB128F934EEF7,0.22484021066750326,TRAMTEH128F930D496,0.21373383592225118,TREIBLK128F148642C,297.5434622100542,TRMQQGH128F9301E4B,262.86902293850846,TRAMTEH128F930D496,249.53447964275514,TREIBLK128F148642C,0.3923545499462218,TRMQQGH128F9301E4B,0.3899236605412809,TRJLMAI128F92EBB04,0.3613019664565142
TRGHYGG12903CAC100,TRFUJVJ128F426F2A2,14094.0,TRDPGXU128F9339C2A,11069.0,TRWSYHO128F4282346,10183.0,TRFUJVJ128F426F2A2,16.3295,TRDPGXU128F9339C2A,12.759124999999994,TRWSYHO128F4282346,11.887000000000011,3,TRMTJJT128F14636D9,644.3352465871092,TRVUUKM128F425FB16,643.6529771135838,TROXHLM128F4266510,641.011650070123,0,TRVUUKM128F425FB16,0.8145099116925839,TRMTJJT128F14636D9,0.812616247476163,TROXHLM128F4266510,0.81056274154386,0,3,0,0,0,0,3,TRFUJVJ128F426F2A2,558.7945561456543,TRDPGXU128F9339C2A,362.9961482926253,TRCHZXW128E079288A,344.5694575077247,TRFUJVJ128F426F2A2,0.3733706008887245,TROIJDA128F9341E70,0.2744121539038957,TRNDNKN12903CC8A4C,0.25746640986995606,TRGKQYE128F92E235D,238.163887048977,TRNDNKN12903CC8A4C,234.9659752710942,TROIJDA128F9341E70,233.0607305572766,TROIJDA128F9341E70,0.3814190543515246,TRFUJVJ128F426F2A2,0.3795657511279502,TRNDNKN12903CC8A4C,0.3615699065059029
TRNEYNN128F92C21F7,TRFUJVJ128F426F2A2,10890.0,TRWSYHO128F4282346,7320.0,TRGLNKG128F9307689,6627.0,TRFUJVJ128F426F2A2,12.464800000000011,TRWSYHO128F4282346,8.399940624999994,TRGLNKG128F9307689,7.581251562500005,3,TRTKAVS128F93096FD,507.1986644914113,TRWRUQO128F14733DD,473.07036775654166,TROJJKH128F425C8D8,471.61225170026967,0,TRTKAVS128F93096FD,0.6433912692526554,TRWRUQO128F14733DD,0.6102263991013114,TRKRVKD128F9327008,0.6080880249973781,0,3,0,0,0,0,2,TRFUJVJ128F426F2A2,373.7803359901277,TRHGZOJ128F14A2ED0,351.81601431440805,TRTKAVS128F93096FD,351.4945713257898,TRTKAVS128F93096FD,0.35628248495322573,TRBCSDW128F424D686,0.2674468212511677,TRHGZOJ128F14A2ED0,0.26698315715076254,TRTKAVS128F93096FD,287.887621813397,TRDAYRK12903CFDBFB,247.9030288296844,TREJWGR12903CA8F6A,234.85385205067806,TRTKAVS128F93096FD,0.4090485726466215,TRDAYRK12903CFDBFB,0.3658752000631723,TREJWGR12903CA8F6A,0.34681240255138124
TRRSRXG128E07888AF,TRFUJVJ128F426F2A2,5978.0,TRDPGXU128F9339C2A,3913.0,TREBGAA128E078FC52,3615.0,TRFUJVJ128F426F2A2,6.621499999999997,TREBGAA128E078FC52,4.205984374999998,TRDPGXU128F9339C2A,4.179578125000002,3,TRWZWOX128F935A084,499.24065437450435,TROKOBJ12903CAF917,457.6513403221423,TRAILGJ128F1485985,451.63463740354473,0,TRWZWOX128F935A084,0.6387220652219261,TROKOBJ12903CAF917,0.5877012958842254,TRAILGJ128F1485985,0.5866690473739425,0,3,0,0,0,0,3,TRDPGXU128F9339C2A,293.2942983559954,TRFUJVJ128F426F2A2,290.52738993995484,TROYKQM128F428CCED,251.98770689435858,TRZNEII128F93319A2,0.23533328017039407,TRGGPDR128F42A56FC,0.23349213837716423,TRCGAVX12903CFBC61,0.21980478410880597,TRGGPDR128F42A56FC,229.87880180575783,TRZNEII128F93319A2,208.47182210101212,TRJBIOE128F92FAC94,207.38820907368478,TRGGPDR128F42A56FC,0.32882441315365446,TRZNEII128F93319A2,0.318196944745482,TRPSOTP128E0785533,0.3051928277282075
TRONPIZ128F1454219,TRFUJVJ128F426F2A2,7470.0,TRWSYHO128F4282346,6233.0,TREBGAA128E078FC52,5537.0,TRFUJVJ128F426F2A2,8.711899999999996,TRWSYHO128F4282346,7.382400000000009,TREBGAA128E078FC52,6.69132499999999,3,TRJJTPI128F4276759,608.6659606818383,TRKRPKE128E07946D4,586.6868995373995,TRGNWZK128F42960A4,574.2698535900792,0,TRJJTPI128F4276759,0.7695548776058522,TRKRPKE128E07946D4,0.7429012771406109,TRKNLNM128F1488556,0.7272235120130154,0,3,0,0,0,0,2,TRFMKJY128F92E89F1,439.2249573056319,TRFDCNQ128F1459669,399.5421169610136,TRKQJBJ128F4241A45,398.10440575691,TRFMKJY128F92E89F1,0.4686899074236455,TRFDCNQ128F1459669,0.46606069729721683,TRRUKSD128F9322FEF,0.4092784737526452,TRFDCNQ128F1459669,468.256328131349,TRCQZCM128F425FD8C,418.3874975919033,TRMRQPP128F9306AE2,416.9088873559379,TRFDCNQ128F1459669,0.6017585237425861,TRCQZCM128F425FD8C,0.5440927610524088,TRMRQPP128F9306AE2,0.5435719665128825
TRJKYAO128F427420D,TRFUJVJ128F426F2A2,5725.0,TRDPGXU128F9339C2A,4898.0,TRWSYHO128F4282346,4695.0,TRFUJVJ128F426F2A2,6.463950000000004,TRDPGXU128F9339C2A,5.543545312499998,TRWSYHO128F4282346,5.416309375000002,3,TREENNZ128F145B67D,562.5739501567995,TRNBBTI128F4287F41,525.0871163904561,TRZFWHP12903D13D18,521.2007859610829,0,TREENNZ128F145B67D,0.7143768184647186,TRNBBTI128F4287F41,0.670283038538176,TRZFWHP12903D13D18,0.6629547835554959,0,3,0,0,0,0,3,TRDPGXU128F9339C2A,234.68481097526328,TRFUJVJ128F426F2A2,230.02910017399276,TRCHZXW128E079288A,202.97692938363642,TRZSQNU128F1461A9A,0.16405170204486652,TRNKKTV128F92DE53A,0.1616296322635393,TRBAHFN128E0794EEE,0.15682173338254407,TRVSBVC128F930251F,258.71509143586167,TRZSQNU128F1461A9A,239.91661351807036,TREENNZ128F145B67D,235.5713808898859,TRVSBVC128F930251F,0.35984513512950134,TRZSQNU128F1461A9A,0.35673421238042013,TREENNZ128F145B67D,0.3447390790416459
TRYGRKO128F9343244,TRFUJVJ128F426F2A2,3809.0,TRDPGXU128F9339C2A,3532.0,TRGLNKG128F9307689,2817.0,TRFUJVJ128F426F2A2,4.1034500000000005,TRDPGXU128F9339C2A,3.864896874999997,TRGLNKG128F9307689,3.1186156249999994,3,TRFLXHF128F145903A,496.366822992692,TRNKEPV128F425A56C,471.21178520124056,TRTIMMH128F92F2122,463.5181655262618,0,TRFLXHF128F145903A,0.6412161312134071,TRNKEPV128F425A56C,0.6090663306209653,TRSSUAV128F148D60F,0.6026763524231216,0,3,0,0,0,0,2,TRWZUDO128F1495E26,403.3703576307844,TRRKBRB128EF35E2DA,329.48546516114715,TRFUJVJ128F426F2A2,300.9584320893574,TRWZUDO128F1495E26,0.3361166416417607,TRLNRDG128F429C5E9,0.30169108913223125,TRRKBRB128EF35E2DA,0.2747999935216641,TRLNRDG128F429C5E9,332.72563779524455,TRTUBMJ128F148AD6D,289.14883859663325,TRCPRIU128E0784F2B,281.9862515021793,TRLNRDG128F429C5E9,0.4511467832348627,TRTUBMJ128F148AD6D,0.4018349891278672,TRIJACB128E0792AD9,0.38622922097300283
TROIJDA128F9341E70,TREBGAA128E078FC52,15433.0,TRFUJVJ128F426F2A2,15352.0,TRWSYHO128F4282346,14738.0,TREBGAA128E078FC52,18.76462031250004,TRFUJVJ128F426F2A2,17.757099999999983,TRWSYHO128F4282346,17.486053125,3,TRDQNSS128F4240C31,648.8809318263254,TRAFLMU128F4274A4D,641.0599296778186,TRNLKLH128EF340A43,637.5100222034749,0,TRDQNSS128F4240C31,0.8159029279039322,TRAFLMU128F4274A4D,0.8070928945766809,TRNLKLH128EF340A43,0.8027817649452463,0,3,0,0,0,0,3,TRFUJVJ128F426F2A2,500.72632012234675,TRDPGXU128F9339C2A,411.46451208290966,TRQGLNM128F42618C6,363.7618134269621,TRGHYGG12903CAC100,0.27441215390389573,TRFUJVJ128F426F2A2,0.27384819501280605,TRQGLNM128F42618C6,0.25655987547223996,TRGKQYE128F92E235D,292.4680496589022,TRPWXBN128F146942D,249.99953543382864,TRZHFGK128F423B618,247.58326765985655,TRGKQYE128F92E235D,0.41028684912976165,TRGHYGG12903CAC100,0.38141905435152457,TRUBEUP128F42634A4,0.3801723323562294
TRXTJGV12903CAC0F8,TRFUJVJ128F426F2A2,6246.0,TRWSYHO128F4282346,5069.0,TRDPGXU128F9339C2A,4548.0,TRFUJVJ128F426F2A2,7.149699999999999,TRWSYHO128F4282346,5.906356250000005,TRDPGXU128F9339C2A,5.134896874999997,3,TRSBDFP128F4226F52,560.3854783847792,TRTUEDO12903CE3D8F,530.00686976735,TRJWGLF128F149960E,529.2520777931313,0,TRSBDFP128F4226F52,0.7127793183019134,TRTUEDO12903CE3D8F,0.6798007357955193,TRJWGLF128F149960E,0.676231874450324,0,3,0,0,0,0,3,TRQWDRK128F4241A32,262.89755294928625,TRDPGXU128F9339C2A,245.18908576572403,TRFUJVJ128F426F2A2,228.35856732999008,TRQWDRK128F4241A32,0.1943628089665281,TREPPUG128F9301FAB,0.1845307981965754,TRGUBSR128E0786082,0.17849525686099085,TREPPUG128F9301FAB,245.23534061255026,TRIYNIM128F145F8FA,238.1457361275495,TRNFIAC128F42A038C,225.73837258688008,TREPPUG128F9301FAB,0.36508414239265813,TRIYNIM128F145F8FA,0.3392506144532914,TRNFIAC128F42A038C,0.3242510068745286
TRTWRQD12903CA9E3B,TRFUJVJ128F426F2A2,7585.0,TRWSYHO128F4282346,6058.0,TREBGAA128E078FC52,5574.0,TRFUJVJ128F426F2A2,8.78435,TRWSYHO128F4282346,7.117053125000004,TREBGAA128E078FC52,6.711370312499998,3,TRNJMKH128F426749E,599.2221079932085,TRLVIKC12903CF81B9,597.3026595355667,TRLQBZP12903CECC4A,588.7598360059654,0,TRNJMKH128F426749E,0.7570662057946991,TRLVIKC12903CF81B9,0.7529463437055041,TRLQBZP12903CECC4A,0.7442999089215008,0,3,0,0,0,0,3,TRCHZXW128E079288A,221.79335720548386,TRFUJVJ128F426F2A2,214.84260961132426,TRDPGXU128F9339C2A,180.94619005368807,TRZSQNU128F1461A9A,0.1630079749789,TRGWIOA128F42B63E7,0.15699142375113018,TRFFSMS128F428BC88,0.14011058940057405,TRTQOXV128E0786E3C,231.34587011650444,TRZSQNU128F1461A9A,228.91602638150968,TRGWIOA128F42B63E7,221.49867777092953,TRZSQNU128F1461A9A,0.3359006378188236,TRNXDRD128F92DCE10,0.3346781688653846,TRTQOXV128E0786E3C,0.3304828551159952
TRWPMRK12903CCDA98,TRFUJVJ128F426F2A2,3217.0,TRDPGXU128F9339C2A,2711.0,TRQAWKR128F425EEC3,2666.0,TRFUJVJ128F426F2A2,3.5175499999999986,TRDPGXU128F9339C2A,2.967517187500002,TRQAWKR128F425EEC3,2.900659375000002,3,TRFATUU128F4265A15,481.4014084176161,TROPSVL128F4265DF5,457.5305153981692,TRLVRJP128F93519FB,456.80131020900416,0,TRFATUU128F4265A15,0.6243711147554825,TRLVRJP128F93519FB,0.6008355745387922,TRXVRUP12903CFD9F3,0.5942881807609091,0,3,0,0,0,0,2,TRFUJVJ128F426F2A2,244.7344805719861,TRDPGXU128F9339C2A,223.55577664649053,TRDUSIG12903CA5FCB,219.91657618652317,TRQAWKR128F425EEC3,0.17543749488184254,TRUYSOV12903CED603,0.15806682630018176,TRDOQOR128F42A64EC,0.15538444236781782,TROWDHT128F4281FA3,256.09358524239315,TRQXNOX128F1460E10,223.87005288853803,TRWEHQE128F935A2D6,219.99502163495742,TROWDHT128F4281FA3,0.3566044101910355,TRQXNOX128F1460E10,0.3412742845034766,TRWEHQE128F935A2D6,0.3258537965267447
TRMTTBA128F429A7EC,TRDPGXU128F9339C2A,1334.0,TRCHZXW128E079288A,1294.0,TRBEBJO128C719646B,1197.0,TRDPGXU128F9339C2A,1.4924671874999973,TRCHZXW128E079288A,1.4854078125000034,TRBEBJO128C719646B,1.3920265624999992,3,TRNNLCQ128F426E87E,505.0213494606218,TRRCMIA12903CE8562,496.6579232716354,TRVJKTB128F4262283,492.7265345813234,0,TRNNLCQ128F426E87E,0.6474070486194551,TRRCMIA12903CE8562,0.6363525156940442,TRSXWOE12903CA7F6E,0.6339575874126033,0,3,0,0,0,0,2,TRFUJVJ128F426F2A2,123.95858571012674,TREADOS128E078EC1F,103.59041313123254,TRBEBJO128C719646B,102.41435990082972,TRELUOS128F421EE24,0.09535042195525335,TRGHIZH128F92EED3B,0.08916931693816038,TROHAHB128F4284DCA,0.0889873455955495,TRVRMUG128E0791E50,279.32788236943725,TREMJCL128F1484AB4,257.9011527655181,TRRHITI128F146A084,245.75745574929834,TRVRMUG128E0791E50,0.3806325400023502,TRRHITI128F146A084,0.3523018819448431,TREMJCL128F1484AB4,0.34868303902965203
TRWCVWH128F4284EE5,TRFUJVJ128F426F2A2,2512.0,TREBGAA128E078FC52,1823.0,TRWSYHO128F4282346,1817.0,TRFUJVJ128F426F2A2,2.8755000000000006,TREBGAA128E078FC52,2.181539062499999,TRWSYHO128F4282346,2.098390625000001,3,TRSEYKD128F427F46E,560.340063411264,TRYXJHS128F429E02B,548.9712334245266,TRETHYH128F9307A6A,545.8756541701254,0,TRSEYKD128F427F46E,0.7143777594370054,TRYXJHS128F429E02B,0.7003016797456236,TRQDUMO128F92E3896,0.6938942827239063,0,3,0,0,0,0,2,TRFUJVJ128F426F2A2,175.6638236803296,TRZARUP128F9348146,172.26309915696,TRHDXOY128F42B3BE9,169.4720424126083,TRHDXOY128F42B3BE9,0.16409728429090656,TRPUEFZ128F146269E,0.16409728429090656,TRZARUP128F9348146,0.16063030981213014,TRYXXWR12903CA7191,292.20871416689,TRFUMBG128F92E3BDE,263.3959304489831,TRXLHRU128F14A1C5F,263.35606868991044,TRYXXWR12903CA7191,0.3789991092870976,TRZARUP128F9348146,0.36883124766022013,TRSEYKD128F427F46E,0.3653888920650079
TRQQLZD128F425E9BC,TROIJDA128F9341E70,10886.0,TRFUJVJ128F426F2A2,10599.0,TRWSYHO128F4282346,10137.0,TROIJDA128F9341E70,13.048746874999985,TREBGAA128E078FC52,11.996040625000017,TRFUJVJ128F426F2A2,11.928550000000007,2,TRFWLDO128F93613DF,600.6388525466879,TROSCTL128F423EAF8,597.9616286884907,TRTXZGM128F428B62B,574.6241968253574,0,TRFWLDO128F93613DF,0.7577329900309941,TROSCTL128F423EAF8,0.7529684585909909,TRTXZGM128F428B62B,0.728642464567285,0,2,0,0,0,0,3,TRFUJVJ128F426F2A2,423.3556570381263,TRZCHKB128F92CB740,359.40989239653214,TRDPGXU128F9339C2A,312.7498767959153,TRZCHKB128F92CB740,0.3049297431169174,TRHYZQR128F428F5C5,0.2684449244205725,TRVJCDB128F4263466,0.24911221432638123,TRSRQVI128F92E3718,263.9586975287203,TRBOZJG128F92EC1F5,251.1493233699333,TRILDNT128F1451F15,240.55024056388484,TRZCHKB128F92CB740,0.37710131543606995,TRSRQVI128F92E3718,0.3676648493977631,TRBOZJG128F92EC1F5,0.3623387056228359
TREAJBV12903CCDA96,TRFUJVJ128F426F2A2,6576.0,TRWSYHO128F4282346,6558.0,TRUGLTC128F4227B93,5179.0,TRWSYHO128F4282346,7.757084375000005,TRFUJVJ128F426F2A2,7.546099999999996,TRUGLTC128F4227B93,6.161521875000013,3,TRQYLYP12903CC26F6,588.8819858834094,TRRXFHO128EF3550BC,582.6760369560973,TRSDDPK128F146AF76,578.4037636112233,0,TRQYLYP12903CC26F6,0.7471438392071987,TRRXFHO128EF3550BC,0.7386625116069997,TRSDDPK128F146AF76,0.7337378235957301,0,3,0,0,0,0,3,TRFUJVJ128F426F2A2,220.29714730429373,TRGLNKG128F9307689,211.27397498499354,TRBERRB128F932D534,197.91279968659066,TRRXFHO128EF3550BC,0.18445864080289825,TRMIFQQ128F9338145,0.1499024377975823,TROTJIT128F145E017,0.14914569482562673,TRRXFHO128EF3550BC,311.25761308313463,TRDXHIR128F930E030,238.9354879577559,TRJLUJJ128F426AA9F,231.8086164587409,TRRXFHO128EF3550BC,0.42931324511907,TRMIFQQ128F9338145,0.33566782559352193,TRDCQNE128F4247EFA,0.33534470393367416
TRDFWVZ128F4284EF0,TRFUJVJ128F426F2A2,4790.0,TRDPGXU128F9339C2A,3914.0,TROIJDA128F9341E70,3563.0,TRFUJVJ128F426F2A2,5.378000000000003,TRDPGXU128F9339C2A,4.382789062499999,TREBGAA128E078FC52,4.224742187499989,2,TROYGTB128F14564F4,503.8734164627794,TRVVBPB128F4250C72,501.5366241945106,TRJVYHL128F14B042C,498.5481843942669,0,TROYGTB128F14564F4,0.6445239751840335,TRVVBPB128F4250C72,0.6420790364874662,TRJVYHL128F14B042C,0.6381369851541883,0,2,0,0,0,0,3,TRFUJVJ128F426F2A2,265.2915059987736,TRCHZXW128E079288A,220.8462657357814,TRKSXRS128F14AA089,187.82277193517362,TRFUJVJ128F426F2A2,0.1704096518868146,TRUITJJ128F4226AA6,0.1691134416312735,TRKSXRS128F14AA089,0.16656844194272427,TRUITJJ128F4226AA6,250.8598532043632,TRWLKBS12903CC57D7,241.25914045373227,TROSRFJ128F428A759,237.8542904336917,TRWLKBS12903CC57D7,0.3527544304035391,TRUITJJ128F4226AA6,0.34463961536801513,TROSRFJ128F428A759,0.3374500313281788
TRFRUCJ128F4284EF2,TRFUJVJ128F426F2A2,5212.0,TRWSYHO128F4282346,4441.0,TREBGAA128E078FC52,3631.0,TRFUJVJ128F426F2A2,6.091799999999999,TRWSYHO128F4282346,5.274675000000001,TREBGAA128E078FC52,4.383212499999995,3,TRLVLVB128F4262D4E,574.3515335547002,TRMAMOW128F145EC1E,558.1461184419612,TRQFRHF128C71968AA,557.8961312458957,0,TRLVLVB128F4262D4E,0.7254014990236552,TRMAMOW128F145EC1E,0.705784941127987,TRQFRHF128C71968AA,0.7042652437384412,0,3,0,0,0,0,3,TRMAMOW128F145EC1E,133.52164498261845,TRFUJVJ128F426F2A2,130.0620847146248,TRCYLAX128F42B0D01,125.36776713074076,TRMAMOW128F145EC1E,0.14002838452531954,TRCYLAX128F42B0D01,0.13541946480910658,TRCLAQP128F428C798,0.13410963694729297,TRCLAQP128F428C798,328.57533329182974,TRZOWKJ128F149D2DD,315.13898482145913,TRVTMNR128F4264BF1,295.7224352041003,TRCLAQP128F428C798,0.43413465345933105,TRZOWKJ128F149D2DD,0.40641978618796076,TRVTMNR128F4264BF1,0.3920374063285143
TRXONIT128F9355F39,TRDPGXU128F9339C2A,9603.0,TRFUJVJ128F426F2A2,8911.0,TRRSNPA128F148C45E,8571.0,TRDPGXU128F9339C2A,10.980481249999986,TRRSNPA128F148C45E,10.167618749999972,TRLTYLK128F92FE6FF,10.078881249999979,2,TRISBQQ128F93217A2,587.2989387019201,TRWAFQY128F425EE78,582.2128230787768,TRTMQWK128F4241384,560.1481716972045,0,TRISBQQ128F93217A2,0.7439650839750799,TRWAFQY128F425EE78,0.7329966718162472,TRTMQWK128F4241384,0.71157910341231,0,2,0,0,0,0,3,TRDPGXU128F9339C2A,472.25737543957575,TRZBKVK128F9346298,376.2428814003425,TRKQJBJ128F4241A45,338.21693781388177,TRZBKVK128F9346298,0.38863491977025566,TRDPGXU128F9339C2A,0.30343525289801165,TRCEYQJ128E07862DE,0.27308841683052515,TRZBKVK128F9346298,336.9438236446601,TRCBPPY128F42AF43A,265.88192088788253,TRBQMTA128F9311CD0,236.01239270129952,TRZBKVK128F9346298,0.4671549938674788,TRCBPPY128F42AF43A,0.3936849326971028,TRNKKTV128F92DE53A,0.36733049845837273
TRURHNH128F9355F33,TRFUJVJ128F426F2A2,4309.0,TRCHZXW128E079288A,3490.0,TRDPGXU128F9339C2A,3463.0,TRFUJVJ128F426F2A2,4.7468499999999985,TRCHZXW128E079288A,3.9589656250000025,TRDPGXU128F9339C2A,3.794034374999998,3,TRCHZXW128E079288A,501.7534613515485,TRSWQYN128F92FAAB6,474.1136242093904,TROXHLM128F4266510,470.83879774939595,1,TRCHZXW128E079288A,0.6495884013992241,TRSWQYN128F92FAAB6,0.611775290321498,TROXHLM128F4266510,0.6103125256089723,1,3,1,1,1,1,3,TRFUJVJ128F426F2A2,344.3650297567398,TRZARUP128F9348146,297.9443199207326,TRPUEFZ128F146269E,279.4620077077541,TRZARUP128F9348146,0.25759189613246997,TRHDXOY128F42B3BE9,0.2490925544229493,TRPUEFZ128F146269E,0.2490925544229493,TRYLINA128F1459E1C,260.063745834911,TRFUMBG128F92E3BDE,256.43874072680876,TRHJAUP128F145E735,248.87455532458065,TRYLINA128F1459E1C,0.3659891186315041,TRZARUP128F9348146,0.35745689437927314,TRUNEHG128F9320309,0.35516220396840875
TRBVOUE128F92F4B3E,TRDPGXU128F9339C2A,2633.0,TRFUJVJ128F426F2A2,2569.0,TRWSYHO128F4282346,2391.0,TRDPGXU128F9339C2A,3.0065812500000044,TRFUJVJ128F426F2A2,2.870849999999999,TRWSYHO128F4282346,2.7662875000000007,3,TRQXHBL128F42A56FE,557.056279532993,TRLNJKO128F1468770,510.0314811910181,TRGIGND128F92D45AA,509.29908699990506,0,TRQXHBL128F42A56FE,0.7071243832816302,TRGIGND128F92D45AA,0.6477884457189971,TRGNBRZ128F9300AF5,0.6477884457189971,0,3,0,0,0,0,2,TRFUJVJ128F426F2A2,180.06660045760947,TRDPGXU128F9339C2A,152.97581986562219,TROVSGS128F4274CEE,146.61789299710617,TRPUAPX128E07929F5,0.1311714790847519,TRAATUB128F9341737,0.13062872115733917,TRPZMHP128F146607F,0.12459088413681343,TRTIUIY128F14884B4,243.9041936574175,TRPUAPX128E07929F5,239.37546396290494,TRMYEPQ128E0791D78,228.67440169637868,TRPUAPX128E07929F5,0.34321169164313536,TRTIUIY128F14884B4,0.3403620546821755,TRMYEPQ128E0791D78,0.31712666746700074
TRTAKII128F92E4449,TRFUJVJ128F426F2A2,6853.0,TRWSYHO128F4282346,5753.0,TRDPGXU128F9339C2A,5463.0,TRFUJVJ128F426F2A2,7.862449999999999,TRWSYHO128F4282346,6.731293749999996,TRDPGXU128F9339C2A,6.240178124999993,3,TRISFKH128F9336E63,568.0171635470347,TRFUNRS128F9346BF4,563.1543470250647,TRVDYZC128F4268761,562.3719770650412,0,TRISFKH128F9336E63,0.7227825087115289,TRFUNRS128F9346BF4,0.7184094559523317,TRZCHKB128F92CB740,0.716773835196622,0,3,0,0,0,0,2,TRDPGXU128F9339C2A,261.33115732740237,TRFUJVJ128F426F2A2,242.29758877133136,TRXJCKL128EF33FA0C,226.3508593037454,TRXJCKL128EF33FA0C,0.18497607244503075,TRALKUS128F42384AC,0.1830326446346476,TRAEVAA128E0793391,0.17380886657378183,TRCLRJF128F9349B59,207.54669760722246,TRNZDUD128F930B288,203.82036792130668,TRVDYZC128F4268761,192.7178758430401,TRCLRJF128F9349B59,0.31018156483636816,TRXJCKL128EF33FA0C,0.29978226040247646,TRVSQLY128F428B1B5,0.29223053599397575
TRSHMDQ128F422C1D6,TRFUJVJ128F426F2A2,12543.0,TRWSYHO128F4282346,9064.0,TRDPGXU128F9339C2A,7895.0,TRFUJVJ128F426F2A2,14.611549999999996,TRWSYHO128F4282346,10.632550000000005,TRDPGXU128F9339C2A,8.976274999999994,3,TRMUITB128F428ADAC,627.7940843716169,TRFUJVJ128F426F2A2,615.4581041393601,TRANDPI128F425AF41,596.6883195884511,1,TRMUITB128F428ADAC,0.7918194852832479,TRFUJVJ128F426F2A2,0.7813905814818588,TRDTUUY128F427C92C,0.7586963367206558,1,3,1,1,1,1,2,TRFUJVJ128F426F2A2,400.57236349031564,TRDPGXU128F9339C2A,399.53169287253183,TRCHZXW128E079288A,341.3215980136411,TRFUJVJ128F426F2A2,0.23214041514173636,TRDPGXU128F9339C2A,0.2256661595088277,TRUPCGD128F4282340,0.221063560248663,TRXKKSZ12903CB6EFF,252.49341474108826,TRQYLEW128F421AB33,247.34309173433252,TRFYBJS128F145F5FA,228.12646530667328,TRXKKSZ12903CB6EFF,0.3695105278815795,TRQYLEW128F421AB33,0.3667132418788477,TRFYBJS128F145F5FA,0.3518508660536345
TRENMSO128F42AF485,TRFUJVJ128F426F2A2,6506.0,TRWSYHO128F4282346,5421.0,TRGLNKG128F9307689,4687.0,TRFUJVJ128F426F2A2,7.493100000000002,TRWSYHO128F4282346,6.358381250000007,TRGLNKG128F9307689,5.467378125000003,3,TRPZKHL128F1456B3B,632.7519981939555,TRIJRST128E0793392,631.6715529626514,TRGLNKG128F9307689,628.1505557511985,1,TRPZKHL128F1456B3B,0.8008762357886852,TRIJRST128E0793392,0.7985221585138622,TRGLNKG128F9307689,0.7966009691032254,1,3,1,1,1,1,3,TRFUJVJ128F426F2A2,284.8549163243094,TRDPGXU128F9339C2A,261.3754754637549,TRGLNKG128F9307689,245.79634135830685,TRGLNKG128F9307689,0.16929348754974727,TRMVPVK128F93462DE,0.1635226256293455,TRVQVOK128F423C8B6,0.16143024183917035,TRIJRST128E0793392,230.9869556245377,TRHIZHZ128F4295EFA,224.82178498005624,TRPJMVW128F92C274A,219.53535885735863,TRIJRST128E0793392,0.34362572934121516,TRVQVOK128F423C8B6,0.33706405389383004,TRHIZHZ128F4295EFA,0.33499008904590066
TRTSASI12903CC26E8,TRFUJVJ128F426F2A2,2713.0,TRDPGXU128F9339C2A,2404.0,TRWSYHO128F4282346,1728.0,TRFUJVJ128F426F2A2,3.03935,TRDPGXU128F9339C2A,2.710714062499997,TRFLWJZ128F425C9E4,1.9608671874999977,2,TRMAVQT128F4270DBF,516.2838731077474,TRFAIBW128F428B7A6,498.69801717415993,TRHKJVR128F42857EA,498.1094575787068,0,TRMAVQT128F4270DBF,0.6620915663576615,TRHKJVR128F42857EA,0.6414018459548891,TRFAIBW128F428B7A6,0.6401788058649073,0,2,0,0,0,0,3,TRDPGXU128F9339C2A,191.0755890727922,TRFUJVJ128F426F2A2,167.88169343180377,TRQJITX12903CB95EA,159.41118256334101,TRQJITX12903CB95EA,0.14186149426893652,TRKBZBS128F148328F,0.13308072249793398,TRCSWQR128F146292C,0.12618767622572347,TRCSWQR128F146292C,226.6016077244698,TRYWLDI128F92FE846,225.59335203560147,TRPCLEM128F92CD1FF,222.15595541943588,TRCSWQR128F146292C,0.3159483169485602,TRYWLDI128F92FE846,0.3083068117381084,TRPCLEM128F92CD1FF,0.3074807140432739
TRNZNSR128F429F04B,TRFUJVJ128F426F2A2,3485.0,TRWSYHO128F4282346,3029.0,TREXCMT128F933D825,2829.0,TRFUJVJ128F426F2A2,3.8962499999999936,TRWSYHO128F4282346,3.485625000000009,TREXCMT128F933D825,3.325625000000015,3,TRJLMAI128F92EBB04,532.4355376813289,TRCDLUM128F9331CA9,522.3921300620851,TRYOUMI128E078F4DE,508.5286080635417,0,TRJLMAI128F92EBB04,0.6809337442010978,TRCDLUM128F9331CA9,0.667025812177734,TRYOUMI128E078F4DE,0.6464082644947164,0,3,0,0,0,0,3,TRDPGXU128F9339C2A,175.5753098419033,TRNVKOI128E0799173,161.83312301908305,TRFUJVJ128F426F2A2,160.41610787393648,TRTVVYX128F9328DBA,0.12504875688394868,TRCDLUM128F9331CA9,0.1228316542984985,TRHYJKU128F9351A14,0.12085099732175925,TRHSWOG128F4257515,330.18317816435473,TRZPSAF128F9349767,270.2417621030135,TRYWLDI128F92FE846,240.325177102748,TRHSWOG128F4257515,0.4396481875092949,TRZPSAF128F9349767,0.37040570583983984,TRNFUAB128E0792001,0.3288506456725136
TRWFFHM128F92F99C4,TRFUJVJ128F426F2A2,11542.0,TRWSYHO128F4282346,9801.0,TREBGAA128E078FC52,8584.0,TRFUJVJ128F426F2A2,13.376399999999983,TRWSYHO128F4282346,11.564321874999976,TREBGAA128E078FC52,10.343692187500006,3,TRNHSZN128F930FF03,645.7734883636405,TRSTJFQ128F428DA21,629.3940045678814,TRZCHKB128F92CB740,622.6097082237562,0,TRNHSZN128F930FF03,0.8142825507596168,TRSTJFQ128F428DA21,0.7932896443459375,TRZCHKB128F92CB740,0.7887256894352089,0,3,0,0,0,0,3,TRFUJVJ128F426F2A2,364.4309352430657,TRQDUMO128F92E3896,304.9952529575443,TRBEBJO128C719646B,287.3879026933968,TRBEBJO128C719646B,0.23313698024807997,TRRZSBO128F428BE44,0.2263914774566219,TRZCHKB128F92CB740,0.20437836454749522,TRRZSBO128F428BE44,247.72254086908745,TRLGCXQ128F1496464,223.45419250198069,TRZVEJU128F4234F4E,217.24129850891677,TRRZSBO128F428BE44,0.37980143836002306,TRMTSMP128F92F621B,0.343508251891288,TRWXSWA128F1456793,0.33743480533446885
TRDIOJU128F931BF15,TRFUJVJ128F426F2A2,4829.0,TRWSYHO128F4282346,4158.0,TRUGLTC128F4227B93,4154.0,TRFUJVJ128F426F2A2,5.5279500000000015,TRUGLTC128F4227B93,4.956996874999994,TRWSYHO128F4282346,4.865309375000002,3,TRMQQGH128F9301E4B,566.9812272704075,TRRREHG128F9319163,553.0176248503622,TRMVGKO128E078552F,549.14434894895,0,TRMQQGH128F9301E4B,0.7181279436425172,TRRREHG128F9319163,0.6992731139591825,TRMVGKO128E078552F,0.6950701136452101,0,3,0,0,0,0,3,TRMOHUN128F424DEE6,201.39091191071603,TRRZFQA128F425F1A3,196.1197568278907,TRGLNKG128F9307689,180.26704869351974,TRMOHUN128F424DEE6,0.23179015293386096,TRRZFQA128F425F1A3,0.22087883048688067,TRUGLTC128F4227B93,0.17029609078287777,TREMJCL128F1484AB4,327.0006206778839,TRMOHUN128F424DEE6,320.77468272954894,TRRZFQA128F425F1A3,305.7289065775848,TREMJCL128F1484AB4,0.4281212897783685,TRMOHUN128F424DEE6,0.4209489384911443,TRRZFQA128F425F1A3,0.40670860935890657
TRGYQBU128F9342C87,TRFUJVJ128F426F2A2,4024.0,TRDPGXU128F9339C2A,3548.0,TRCHZXW128E079288A,3165.0,TRFUJVJ128F426F2A2,4.5009999999999994,TRDPGXU128F9339C2A,3.9926093750000002,TRCHZXW128E079288A,3.6223906249999964,3,TRIGERV128F1478764,537.405676705734,TRFAWIW128F9318B9B,532.551763537108,TRQRKRR128F423FBED,515.0723976242633,0,TRIGERV128F1478764,0.6857146191861955,TRFAWIW128F9318B9B,0.676659820504948,TRQRKRR128F423FBED,0.6536816666540793,0,3,0,0,0,0,3,TRFUJVJ128F426F2A2,264.890324432086,TRDPGXU128F9339C2A,194.81095633296025,TRHJRZH128F428BC86,181.34135382552188,TRHJRZH128F428BC86,0.18401949529826894,TRFUJVJ128F426F2A2,0.16316009631091458,TRMRMTN128F92D426F,0.1584306037994013,TRMBUXS128E0780EF9,260.57140015635906,TRHJRZH128F428BC86,256.7839545472438,TRJAPND128F42507C5,244.40024498432038,TRMBUXS128E0780EF9,0.3686666039206959,TRHJRZH128F428BC86,0.36799774609352615,TRJAPND128F42507C5,0.3501061772410167
TRVBSAC128F42B6438,TRWSYHO128F4282346,2693.0,TRFUJVJ128F426F2A2,2692.0,TRDPGXU128F9339C2A,2554.0,TRWSYHO128F4282346,3.1122218749999973,TRFUJVJ128F426F2A2,2.9762999999999975,TRDPGXU128F9339C2A,2.8674390624999977,3,TRMMKHM128E078EFB3,517.4112381766262,TRWKDZE128F1451EAC,504.90050563771183,TRUYHIL128F92E4B2C,504.10764083635485,0,TRMMKHM128E078EFB3,0.6548276156745451,TRWKDZE128F1451EAC,0.6423193478847731,TRUYHIL128F92E4B2C,0.6392556245833328,0,3,0,0,0,0,3,TROYKQM128F428CCED,157.74497535305628,TRWNLAK128C7196461,153.88423717369182,TRDPGXU128F9339C2A,153.37040427794682,TRFTEXX128F426B193,0.13451557986661572,TRDDTJP128F42437DA,0.1331776381798027,TRXJPBO128F145F3ED,0.1300081401793281,TRDDTJP128F42437DA,361.7044298575288,TRFTEXX128F426B193,247.0913000815651,TRUIBFH128F146CBCD,206.73061020826898,TRDDTJP128F42437DA,0.4659248481216732,TRFTEXX128F426B193,0.3448308400581349,TRUIBFH128F146CBCD,0.29086160064463573
TRHTGXF128F931BEE7,TRCHZXW128E079288A,4576.0,TRDPGXU128F9339C2A,4515.0,TRKLJAG128F42B31CF,4045.0,TRCHZXW128E079288A,5.40936562500001,TRDPGXU128F9339C2A,5.232134375,TRKLJAG128F42B31CF,4.905781249999984,3,TRHSDRF128F9309C33,620.0194928878434,TRZYUDY128F148AD53,612.500231261331,TRSCACN12903CBA2C9,606.035940044006,0,TRHSDRF128F9309C33,0.7810025785788369,TRZYUDY128F148AD53,0.7713903629431287,TRCHZXW128E079288A,0.7644326134807478,1,3,0,1,0,1,2,TRHGZOJ128F14A2ED0,202.8969832898443,TRQGLNM128F42618C6,182.60241826627853,TRDXZYL128E0791E8D,174.40244920840604,TRHGZOJ128F14A2ED0,0.16943329502383783,TRUHUSZ128F42A6ACF,0.16370141538863442,TRRPZEH128F1466812,0.1598532987471778,TRUHUSZ128F42A6ACF,272.8849213323921,TRQHGSK12903CEA43D,241.65899098910606,TRRPZEH128F1466812,240.28736869471504,TRUHUSZ128F42A6ACF,0.3786225921469644,TRRPZEH128F1466812,0.352702289193969,TRTJIOL128F1495A4B,0.33722557114994584
TRULIIL128F4228AC8,TRFUJVJ128F426F2A2,2486.0,TRHNOMB12903CB2544,2307.0,TRWSYHO128F4282346,2080.0,TRHNOMB12903CB2544,2.698540625,TRFUJVJ128F426F2A2,2.6612999999999984,TRWSYHO128F4282346,2.308393750000001,3,TRFJKWU12903CC37B1,354.4470594772578,TRFYURA128F932E71C,331.62880589743764,TRPDEMC128F421E0E7,316.52293617243606,0,TRFJKWU12903CC37B1,0.4603640936819273,TRFYURA128F932E71C,0.43315564504816534,TRXTGOS128F933CF72,0.41901174829693966,0,3,0,0,0,0,2,TRGAFJY128F1464C16,212.8590071732256,TREBUTR128F427DAF6,195.81304171329268,TRLZVNA128F1474A16,186.04267738563834,TRGAFJY128F1464C16,0.22979226469373706,TRLZVNA128F1474A16,0.18521223480912352,TREBUTR128F427DAF6,0.16236648565853617,TRGAFJY128F1464C16,260.1539636422612,TRCXJMY128F42968F1,246.6726634109613,TRRPFIV128F9308F6F,215.89802899163843,TRGAFJY128F1464C16,0.35769127166380515,TRCXJMY128F42968F1,0.3373578996234496,TRRPFIV128F9308F6F,0.29357917350732315
TRTKNDU128EF3517DF,TRFUJVJ128F426F2A2,5733.0,TRWSYHO128F4282346,4991.0,TRQAWKR128F425EEC3,4910.0,TRFUJVJ128F426F2A2,6.59815,TRWSYHO128F4282346,5.867478124999996,TRQAWKR128F425EEC3,5.6504468749999965,3,TRXKZZM128F9336E7C,584.1247466184072,TRKJXTX128F92FA34E,582.2946139818272,TRXPXPC12903CCC600,580.38862064499,0,TRXKZZM128F9336E7C,0.735168118198182,TRKJXTX128F92FA34E,0.7321400374526812,TRXPXPC12903CCC600,0.7284752318023344,0,3,0,0,0,0,3,TRQAWKR128F425EEC3,217.13569869154784,TRFUJVJ128F426F2A2,211.21227272536484,TRGLNKG128F9307689,180.9048786523619,TRQAWKR128F425EEC3,0.20361770625151351,TRSTVRS128F427AF41,0.19685415801016373,TRHOSWF128F92C987D,0.17608221130593876,TRFGRSH128F42965DE,261.4937629585287,TRSTVRS128F427AF41,256.36217998052604,TRBJPJS128F932F173,253.51094409700204,TRFGRSH128F42965DE,0.36162473790992944,TRSTVRS128F427AF41,0.35131943002749577,TRUURUQ128E07990A3,0.3389280986772508
TRQBNNZ128F92D4F35,TRFUJVJ128F426F2A2,7500.0,TRDPGXU128F9339C2A,6752.0,TRWSYHO128F4282346,6002.0,TRFUJVJ128F426F2A2,8.528600000000004,TRDPGXU128F9339C2A,7.732174999999984,TRKLJAG128F42B31CF,7.063749999999976,2,TRMEKRF12903CC80A6,595.6068320341009,TRKLJAG128F42B31CF,583.1090866436635,TREBQOW128F92C4549,582.4645640851481,1,TRMEKRF12903CC80A6,0.7533107702265562,TREBQOW128F92C4549,0.739390136438965,TRKLJAG128F42B31CF,0.7336267272708022,0,2,0,0,1,1,3,TRFUJVJ128F426F2A2,417.69009455444103,TRHGZOJ128F14A2ED0,312.2673011810848,TRDPGXU128F9339C2A,289.9459171628702,TRFUJVJ128F426F2A2,0.2841393925580535,TRHGZOJ128F14A2ED0,0.25306242316486993,TRGMVZO128E078607E,0.21193321628272063,TRHTTDL12903CB061E,252.98364092407718,TRCRGWF128F92E7387,239.91098808205058,TRJDVAG128F145DB05,229.0586666368058,TRCRGWF128F92E7387,0.3572213122160021,TRHTTDL12903CB061E,0.3540194042267176,TRRMFJW128EF34FE5E,0.3422248559435739
TRTYGWW128E0794FA2,TRTLIKK128E07862DA,4884.0,TRLINLH128F9346400,4671.0,TRFUJVJ128F426F2A2,2866.0,TRTLIKK128E07862DA,5.740656249999995,TRLINLH128F9346400,5.604587499999985,TRFUJVJ128F426F2A2,2.9798999999999993,3,TRINNQX128F425AD26,488.64355780376434,TRZYDHT128F145736F,459.32807334774515,TRLINLH128F9346400,429.78489692533657,1,TRINNQX128F425AD26,0.6192408513348493,TRZYDHT128F145736F,0.5850610981640372,TRLINLH128F9346400,0.5472927257242414,1,3,1,1,1,1,3,TRCHZXW128E079288A,206.93492858913157,TRFUJVJ128F426F2A2,186.08398876296104,TRDGICW128F42963E2,161.32144221629338,TRCHZXW128E079288A,0.14399685465380632,TREUFTS128F92E4B37,0.13129532102910343,TREADOS128E078EC1F,0.12980127742653874,TRYEMUJ128F92E0392,266.84539602424235,TRXKIOP128F426240D,201.87612587892932,TRZYDHT128F145736F,201.07827187581555,TRYEMUJ128F92E0392,0.34217233499052213,TRZYDHT128F145736F,0.28931380557331776,TRWNSOH128F428C406,0.2874282450582722
TRKHTKI128F92EA339,TRFUJVJ128F426F2A2,12297.0,TRDPGXU128F9339C2A,9562.0,TRWSYHO128F4282346,8267.0,TRFUJVJ128F426F2A2,13.929150000000007,TRDPGXU128F9339C2A,10.746504687499996,TRWSYHO128F4282346,9.391290624999996,3,TRKAIPI128C719636E,610.1284973356308,TREKDDG128F4298103,597.0157852488136,TRYAVHM12903CF521E,595.4156398932671,0,TRKAIPI128C719636E,0.7743506735143175,TREKDDG128F4298103,0.7647720683248902,TRYAVHM12903CF521E,0.7573573764806034,0,3,0,0,0,0,3,TRDPGXU128F9339C2A,697.3150897477748,TRFUJVJ128F426F2A2,565.0741513090492,TRCHZXW128E079288A,508.15944173308407,TRDPGXU128F9339C2A,0.3928773280372171,TREKDDG128F4298103,0.27042230764355063,TRYSXFS128F9343ED4,0.2637633836380202,TRPHHFC128F930B8E0,248.34272585894237,TROWKIU128F933CB25,213.97828737130754,TREKDDG128F4298103,212.61991218724813,TRDPGXU128F9339C2A,0.4305291722303033,TREKDDG128F4298103,0.39694119313138754,TRFPLQD128F92FFB52,0.38453587086272173
TRACTLX128F42A51F6,TRFUJVJ128F426F2A2,2779.0,TRDPGXU128F9339C2A,2489.0,TRFLWJZ128F425C9E4,1976.0,TRFUJVJ128F426F2A2,3.0114500000000044,TRDPGXU128F9339C2A,2.7246390624999974,TRFLWJZ128F425C9E4,2.229742187499999,3,TRORMHQ128F92CB796,507.5765674506598,TRAHKMS128F934B09E,493.2485597418336,TRJFZZH128F92D2026,493.2479905845493,0,TRORMHQ128F92CB796,0.6482811147271351,TRAHKMS128F934B09E,0.6315517213772517,TRJFZZH128F92D2026,0.6257602441707965,0,3,0,0,0,0,3,TRDUSIG12903CA5FCB,210.19308060058032,TRTLIKK128E07862DA,179.21674968871764,TRDGICW128F42963E2,177.95426624491907,TRKJHIA128F4252CD7,0.1664780447499153,TRDUSIG12903CA5FCB,0.1474373127054828,TRTLEVO128F425EA4F,0.14703967316091052,TRHKHSR128F9303554,259.49616855129375,TRFJEJR128F1469572,255.59384101694232,TRTLEVO128F425EA4F,252.96569653161134,TRFJEJR128F1469572,0.36635024154259943,TRTLEVO128F425EA4F,0.3636259220977475,TRKJHIA128F4252CD7,0.35297145243405165
TRHQAPS128F42A51F4,TRFUJVJ128F426F2A2,11299.0,TRDPGXU128F9339C2A,8616.0,TRWSYHO128F4282346,8327.0,TRFUJVJ128F426F2A2,13.033550000000005,TRDPGXU128F9339C2A,9.858290625000004,TRWSYHO128F4282346,9.696268749999998,3,TRRYRGF128F42934E3,660.2259727276381,TRVVIWJ128F42697BA,648.7695607553918,TRNVKOI128E0799173,635.4067694174464,0,TRRYRGF128F42934E3,0.8349061150317288,TRVVIWJ128F42697BA,0.8211194488995367,TRNVKOI128E0799173,0.8061986240280945,0,3,0,0,0,0,3,TRFUJVJ128F426F2A2,379.33831093617965,TRDPGXU128F9339C2A,370.3650595993255,TRDUSIG12903CA5FCB,331.3295699831801,TRKHTKI128F92EA339,0.2068309612005248,TRQAWKR128F425EEC3,0.20369442961818918,TRTLIKK128E07862DA,0.20336440381011475,TRNQCSM128F930C97C,259.45573899467115,TRVFKVN128F42B501F,234.29303409163916,TRASTMY128E07850CC,231.05244287592612,TRNQCSM128F930C97C,0.3821645462797341,TREBQOW128F92C4549,0.3752433931187265,TRVFKVN128F42B501F,0.3523219407112028
TRWMHCZ128F42AE295,TRFUJVJ128F426F2A2,7300.0,TRWSYHO128F4282346,6014.0,TRDPGXU128F9339C2A,5989.0,TRFUJVJ128F426F2A2,8.276300000000003,TRWSYHO128F4282346,6.962846874999992,TRDPGXU128F9339C2A,6.7765015625,3,TRCGLHM128F92EACF7,530.362680741225,TRSEAVW128F429E22F,512.2287517269347,TRMQQGH128F9301E4B,507.3073977919014,0,TRCGLHM128F92EACF7,0.6779036498379287,TRSEAVW128F429E22F,0.6582037292552875,TRMQQGH128F9301E4B,0.6498772107150411,0,3,0,0,0,0,3,TRDPGXU128F9339C2A,308.2866958581811,TRFUJVJ128F426F2A2,307.9103696272668,TRLINLH128F9346400,233.165011364302,TRLINLH128F9346400,0.21379071634157737,TRFUJVJ128F426F2A2,0.16426561515693877,TRAJFCM128E07893D5,0.16239820875120675,TRXDZMT128F92C5255,234.319685652881,TRLINLH128F9346400,231.1327457090545,TRRGWST128F930E4AE,228.5486367015896,TRLINLH128F9346400,0.35622368969099705,TRXDZMT128F92C5255,0.345399694559224,TRRGWST128F930E4AE,0.3377883808890824
TRMMTKA128F42A51E7,TRFUJVJ128F426F2A2,3969.0,TRDPGXU128F9339C2A,2558.0,TRWSYHO128F4282346,2487.0,TRFUJVJ128F426F2A2,4.4460500000000005,TRWSYHO128F4282346,2.7720500000000015,TRDPGXU128F9339C2A,2.76665,3,TROSICW128F933ADB8,526.3327230352113,TRRYRGF128F42934E3,525.6296552839807,TRPEVHC128F92FADB9,520.0460117914789,0,TROSICW128F933ADB8,0.6788518822081462,TRRYRGF128F42934E3,0.6777147490239745,TRPEVHC128F92FADB9,0.6705528630030871,0,3,0,0,0,0,3,TRDPGXU128F9339C2A,280.29446475228536,TRDUSIG12903CA5FCB,202.40216680895026,TRFUJVJ128F426F2A2,197.2361857820006,TRHQAPS128F42A51F4,0.14490879079938654,TRDPGXU128F9339C2A,0.12784205403820623,TRWMHCZ128F42AE295,0.12606634989588014,TRHQAPS128F42A51F4,187.7533003140383,TRHZOEX128F93588AB,186.70993399017132,TRWMHCZ128F42AE295,182.76311292452363,TRHQAPS128F42A51F4,0.328860925085809,TRWMHCZ128F42AE295,0.30168265454060755,TRWJQPJ128F426F26E,0.29253573425594626
TRPPHPV128F92F0750,TRFUJVJ128F426F2A2,8052.0,TRDPGXU128F9339C2A,6833.0,TRWSYHO128F4282346,6016.0,TRFUJVJ128F426F2A2,9.020799999999998,TRDPGXU128F9339C2A,7.668009375000015,TRWSYHO128F4282346,6.837581250000007,3,TRVUUKM128F425FB16,622.8897520937767,TRXEITL128F92EBCF0,619.9588384121678,TRFPLQD128F92FFB52,619.5341161144491,0,TRVUUKM128F425FB16,0.7944454779654736,TRXEITL128F92EBCF0,0.7896355095968679,TRFPLQD128F92FFB52,0.7892664591418733,0,3,0,0,0,0,3,TRDPGXU128F9339C2A,570.8619740817201,TRFUJVJ128F426F2A2,466.90423704708746,TRQWDRK128F4241A32,427.5130046147929,TRDPGXU128F9339C2A,0.32081838240739957,TRQUQDU12903C9AF09,0.2917692166158759,TRBXUMD12903CBB64D,0.24842995174830096,TRQUQDU12903C9AF09,220.7320152015729,TRNCRGQ128F1474A55,208.1624276470546,TRDDOJM128F428CEE1,199.01231437289582,TRDPGXU128F9339C2A,0.40318140228702015,TRQUQDU12903C9AF09,0.3802800727000719,TRYHHPK128F42A4CAF,0.36159881043366293
TRZDKCU128F1456899,TRFUJVJ128F426F2A2,2012.0,TRGUCIR128F933D817,1897.0,TRDPGXU128F9339C2A,1739.0,TRGUCIR128F933D817,2.201599999999999,TRFUJVJ128F426F2A2,2.1561999999999966,TRAUNHR128F92DBBC1,2.002099999999998,2,TRWQJFO128F9320B80,435.88648355033496,TRNTRQP128F931B102,426.2378055488779,TRSCFSP128F9315B0D,368.8943620280114,0,TRWQJFO128F9320B80,0.5581581428906076,TRNTRQP128F931B102,0.5420594861518362,TRSCFSP128F9315B0D,0.4747024126725687,0,2,0,0,0,0,3,TRQYDIY128F4214A1A,158.30565009285039,TRHHLCB128F426AB42,142.1657707256545,TRXAORM128F933CA0D,113.79051884872715,TRQYDIY128F4214A1A,0.1566298075074296,TRHHLCB128F426AB42,0.15528744894733637,TRYYGDU128F14774E1,0.11675978929925175,TRHHLCB128F426AB42,269.14920457733234,TRQPTHF128F932E0DC,236.07402619877607,TRYLJVY128F4246873,227.88132198695502,TRHHLCB128F426AB42,0.3654132576017053,TRQPTHF128F932E0DC,0.32160342226711636,TRYYGDU128F14774E1,0.30928778938706464
TRQCFKA128F148A0D5,TRFUJVJ128F426F2A2,6730.0,TRDPGXU128F9339C2A,6249.0,TRWSYHO128F4282346,6026.0,TRFUJVJ128F426F2A2,7.798399999999998,TRDPGXU128F9339C2A,7.297692187500008,TRWSYHO128F4282346,7.1311656250000075,3,TRJATQE12903CB4F22,565.3157255726154,TRFAIBW128F428B7A6,550.1756268801679,TRQCXUL128E078A9D6,550.1431354979967,0,TRJATQE12903CB4F22,0.7136166981196651,TRFAIBW128F428B7A6,0.6973063563915288,TRQCXUL128E078A9D6,0.6966218494342558,0,3,0,0,0,0,3,TRFUJVJ128F426F2A2,208.53269221888684,TRDPGXU128F9339C2A,198.07352203728817,TRWWTWK128F9337990,195.32529972768612,TRWWTWK128F9337990,0.2054734246882068,TROMMRU128F4250C74,0.16770580096769122,TRNXEME128F42AF458,0.1641111743175387,TRWWTWK128F9337990,290.5068629863711,TRXRPLG128F428D23F,268.51670953597056,TREXMWU128F9319FB7,241.01912751537432,TRWWTWK128F9337990,0.4038859544144903,TRXRPLG128F428D23F,0.37608448000130285,TREXMWU128F9319FB7,0.3460334851007801
TRPPATZ128F428BA6E,TRFUJVJ128F426F2A2,4315.0,TRUGLTC128F4227B93,4271.0,TRVLIZK128F428845E,4170.0,TRUGLTC128F4227B93,5.024390624999995,TRVLIZK128F428845E,4.952531249999996,TRFUJVJ128F426F2A2,4.715249999999999,3,TROKPEY128F4293061,477.9426564666536,TRZHFGK128F423B618,462.2207267588895,TRZFXRK12903CBE34F,457.9249855006798,0,TROKPEY128F4293061,0.6077593606066267,TRZHFGK128F423B618,0.5887365300446227,TRZFXRK12903CBE34F,0.5846867866317716,0,3,0,0,0,0,3,TRFUJVJ128F426F2A2,234.78142139857232,TRDPGXU128F9339C2A,204.31752489691434,TRQAWKR128F425EEC3,201.66798861366797,TRPFORB128F42626DF,0.18504911606151417,TRQAWKR128F425EEC3,0.1596017434896533,TRAXQYP128F930458D,0.1549620107276319,TRPFORB128F42626DF,228.14414880114637,TRJENHJ128F92E5292,217.243164085147,TRRQUHL128F4259E45,215.8474680718747,TRPFORB128F42626DF,0.3308761640244326,TRRQUHL128F4259E45,0.3163004805952292,TRJENHJ128F92E5292,0.3152855685053165
TRMVVWQ128F422BB64,TRFUJVJ128F426F2A2,4823.0,TRWSYHO128F4282346,4702.0,TREBGAA128E078FC52,4143.0,TRWSYHO128F4282346,5.531781249999986,TRFUJVJ128F426F2A2,5.499750000000001,TREBGAA128E078FC52,4.984328125,3,TRDHWHD128F931BCA3,650.6377585356485,TRZCHKB128F92CB740,587.4481895189733,TRFNFSL128F146E882,584.2214392796444,0,TRDHWHD128F931BCA3,0.8196535539325371,TRZCHKB128F92CB740,0.7463166783175269,TRFNFSL128F146E882,0.7413644709285913,0,3,0,0,0,0,3,TRFUJVJ128F426F2A2,250.42308551171013,TRDPGXU128F9339C2A,243.33227125639854,TRANAPL128F42BA7D6,189.26958078687102,TRANAPL128F42BA7D6,0.158814509777033,TRZARUP128F9348146,0.14021785570864112,TRFUJVJ128F426F2A2,0.13992680815152567,TRXKRGP128F4284FEA,218.61010313837255,TROSAQJ128F92D308C,216.85860266984554,TRWCVWH128F4284EE5,214.74723579540813,TROSAQJ128F92D308C,0.3378210690399687,TRANAPL128F42BA7D6,0.33026485756559454,TRXKRGP128F4284FEA,0.32920638305176086
TRRATGY12903D138DB,TRZZQIP128F92EFEAD,2498.0,TRDOJIR128F42840C0,2336.0,TRTHNFG12903D0CE54,2324.0,TRZZQIP128F92EFEAD,3.0081078125000027,TRDOJIR128F42840C0,2.8170750000000053,TRTHNFG12903D0CE54,2.7631984375000025,3,TRNIELN128F4275E78,533.4420084501518,TRTSIYO128F9339267,524.7048048161588,TRLCMGN128F92FFA2E,508.14525547456367,0,TRNIELN128F4275E78,0.6730167366088002,TRTSIYO128F9339267,0.6647227490770447,TRLCMGN128F92FFA2E,0.6418097705432854,0,3,0,0,0,0,3,TRTHNFG12903D0CE54,710.783992748154,TRDVUEH12903D0FAA9,631.1325066138191,TRUBYBP128F9343168,615.2864577530161,TRTHNFG12903D0CE54,0.8038502279327558,TRDVUEH12903D0FAA9,0.7172937147196349,TRUBYBP128F9343168,0.7166771151540052,TRJWWFP128F934D169,466.73086373928805,TRPGDLF128F9340FAA,452.9323449363615,TRUBYBP128F9343168,440.76512605887905,TRJWWFP128F934D169,0.5879265904436154,TRPGDLF128F9340FAA,0.5787407149741132,TRUBYBP128F9343168,0.5680084526879466
TRPSKLI128F425E42C,TREXCMT128F933D825,3509.0,TRFUJVJ128F426F2A2,3469.0,TRDPGXU128F9339C2A,3403.0,TREXCMT128F933D825,4.084003125000002,TRDPGXU128F9339C2A,3.701723437500002,TRFUJVJ128F426F2A2,3.676150000000005,3,TRMTDOR128F4258632,456.61662628789105,TREXCMT128F933D825,404.2844274393356,TRGFFYK128F933CB76,402.60415361792843,1,TRMTDOR128F4258632,0.5902008669866663,TRGFFYK128F933CB76,0.5266624795541381,TREXCMT128F933D825,0.5227263087660752,1,3,1,1,1,1,3,TRFUJVJ128F426F2A2,251.8737698028596,TRVIQFL128F429B773,229.912386166599,TRDPGXU128F9339C2A,226.28864742540085,TRPFCIB128F14B026B,0.21705808187967268,TRVIQFL128F429B773,0.2066520882134753,TRELGFO128F429150F,0.1882837812589603,TRPFCIB128F14B026B,270.3778907098207,TRPFSWR128F93441C5,232.24388894483403,TRTQMAZ128F4273C71,222.06970473891587,TRPFCIB128F14B026B,0.3698695283579806,TRPFSWR128F93441C5,0.3218849420283478,TRELGFO128F429150F,0.3168095702973003
TRWQMVZ128E078F1F7,TRFUJVJ128F426F2A2,2306.0,TRBVPVV128F425F14F,1770.0,TRGUCIR128F933D817,1766.0,TRFUJVJ128F426F2A2,2.5742999999999965,TRBVPVV128F425F14F,2.0908531250000015,TRGUCIR128F933D817,2.06177500000001,3,TRUNLGW128F92F9569,523.3307669522085,TRDRPZZ128F421D0DA,510.7693760159225,TRNMHLT128F933D65F,494.0659626751578,0,TRUNLGW128F92F9569,0.6664420183371625,TRDRPZZ128F421D0DA,0.6506219199675038,TRVWTVK128F429AAAB,0.6322380497843354,0,3,0,0,0,0,2,TRFUJVJ128F426F2A2,160.8816668024107,TRGRDJF128F934EF03,153.4155103828522,TRQAWKR128F425EEC3,151.38924698794972,TRGRDJF128F934EF03,0.1696516018883255,TRQAWKR128F425EEC3,0.13770213754958294,TROSICW128F933ADB8,0.11245878994962981,TRGRDJF128F934EF03,277.5367960746265,TRFZJFH12903CE42DD,240.39676809136068,TRWJFKR128F423382A,237.18215956858887,TRGRDJF128F934EF03,0.3751790296813949,TRFZJFH12903CE42DD,0.3360891677520376,TRWJFKR128F423382A,0.3284868440777364
TRHDTPQ128F147733A,TRFUJVJ128F426F2A2,8724.0,TRWSYHO128F4282346,6834.0,TRQAWKR128F425EEC3,5406.0,TRFUJVJ128F426F2A2,10.042499999999993,TRWSYHO128F4282346,7.9788281250000015,TRQAWKR128F425EEC3,6.018046875000003,3,TRQCMLS128F933DB3B,501.17908570148745,TRLXZCU128F4298B33,487.6484041914204,TRPVTRG128F425AB3E,461.4373809669352,0,TRQCMLS128F933DB3B,0.6356417799374943,TRLXZCU128F4298B33,0.6203436981239911,TRPVTRG128F425AB3E,0.5877594595436703,0,3,0,0,0,0,3,TRFUJVJ128F426F2A2,323.88950288834735,TRCHZXW128E079288A,243.74532903413373,TRDPGXU128F9339C2A,241.41217681299997,TRFUJVJ128F426F2A2,0.21513528240794308,TRQAWKR128F425EEC3,0.16193633053697631,TRQQLZD128F425E9BC,0.15814769339996962,TRVBOFB128F1495AB8,246.8947682911177,TRIVOWM128F4262FEE,228.3366606623984,TROIHBO128F42613D7,226.03159596180646,TROIHBO128F42613D7,0.3330219351516507,TRVBOFB128F1495AB8,0.3323635602176291,TRWNAZK128F9301315,0.32834052436607064
TRUVZTN128F424B846,TRFUJVJ128F426F2A2,1905.0,TRWSYHO128F4282346,1729.0,TRDPGXU128F9339C2A,1711.0,TRFUJVJ128F426F2A2,2.1259499999999987,TRWSYHO128F4282346,1.9944031250000012,TRDPGXU128F9339C2A,1.925248437500001,3,TRQMVYN128F4250E38,794.5853720000991,TRXXPYK128F14805B7,562.7520109109029,TRENDJC128F42790D9,548.5815029232117,0,TRQMVYN128F4250E38,0.9935022053948106,TRXXPYK128F14805B7,0.7150501294849967,TRENDJC128F42790D9,0.6979503950069523,0,3,0,0,0,0,3,TRQMVYN128F4250E38,204.7993059559812,TROIJDA128F9341E70,124.85090340581345,TRNODEK128E07861DD,111.3145014491798,TRQMVYN128F4250E38,0.2442523655121322,TROIJDA128F9341E70,0.11561860578236971,TRHQIZI128F42A0297,0.11021303397764996,TRQMVYN128F4250E38,759.2337027500716,TRBJPJS128F932F173,233.76864733164834,TRHQIZI128F42A0297,226.16605954213145,TRQMVYN128F4250E38,0.9512575878871904,TRHQIZI128F42A0297,0.31019944369671565,TRYRZDA128F427DAE9,0.3099104181220975
TRGPDHJ128F14527D5,TRLINLH128F9346400,2810.0,TRFUJVJ128F426F2A2,2710.0,TRTLIKK128E07862DA,2318.0,TRLINLH128F9346400,3.3391124999999984,TRFUJVJ128F426F2A2,2.941299999999994,TRTLIKK128E07862DA,2.6277187500000037,3,TRLINLH128F9346400,469.57108744819635,TRLOZGV128F42A06E6,418.68646673725635,TRJEUZK128F146858D,385.1937151114011,1,TRLINLH128F9346400,0.598910012511148,TRLOZGV128F42A06E6,0.5414275967664436,TRTBJON128F428EC09,0.5001897006171544,1,3,1,1,1,1,2,TRFUJVJ128F426F2A2,236.13157905086564,TRWVZBZ128F1462E08,203.34718203514348,TRCJUCQ12903CEB017,175.59438241774845,TRWVZBZ128F1462E08,0.21270415758980105,TRCJUCQ12903CEB017,0.17020433052057857,TRQRLHF128F14722B5,0.15247880661212024,TRWVZBZ128F1462E08,282.47331930416976,TRQRLHF128F14722B5,247.62329276929975,TRHKHSR128F9303554,241.22012612189437,TRWVZBZ128F1462E08,0.3941847799267136,TRQRLHF128F14722B5,0.35220705840969835,TRRXHUS128F4289B89,0.3199377789331902
TRHKHHL128F4251E2A,TRUGLTC128F4227B93,4652.0,TRVLIZK128F428845E,4357.0,TRFUJVJ128F426F2A2,3318.0,TRUGLTC128F4227B93,5.6444999999999865,TRVLIZK128F428845E,5.30524999999999,TRFUJVJ128F426F2A2,3.779500000000004,3,TRBYSYI128E07919D8,644.2063246348549,TRXTLLG128F930416B,585.4966304934243,TRKZRCW128F4233621,551.4186495968245,0,TRBYSYI128E07919D8,0.8066094439377955,TRXTLLG128F930416B,0.7314952430700974,TRKZRCW128F4233621,0.6925061394834546,0,3,0,0,0,0,3,TRFUJVJ128F426F2A2,140.26324963166087,TRDPGXU128F9339C2A,107.14404090675943,TRSEYKD128F427F46E,95.85017999688586,TRFUJVJ128F426F2A2,0.09874694979122985,TRSEYKD128F427F46E,0.09554533141878344,TRZWUOC128F92CB5FE,0.0919264007751753,TRNKNQY12903CFF808,243.84160573163737,TRBYSYI128E07919D8,226.8761853269018,TRCDVVQ12903D063BE,217.09658595033144,TRNKNQY12903CFF808,0.3282600950330591,TRBYSYI128E07919D8,0.3162854872069006,TRSEYKD128F427F46E,0.30149665245041163
TRAMTEH128F930D496,TRBVPVV128F425F14F,4353.0,TRGUCIR128F933D817,3983.0,TRFSCLD12903CD213F,3978.0,TRBVPVV128F425F14F,5.173445312500002,TRFSCLD12903CD213F,4.832375,TRGUCIR128F933D817,4.657937499999999,3,TRADWLM128F42678B1,448.23209000220663,TRKIRIG128E0791EB7,443.9851796291336,TRAMJWO128EF343C19,409.95072554187817,0,TRADWLM128F42678B1,0.5667986375091559,TRKIRIG128E0791EB7,0.5657115574628778,TRAMJWO128EF343C19,0.5241286365579738,0,3,0,0,0,0,3,TRCGAVX12903CFBC61,271.2151474691625,TRIPIMD128F92D3E12,216.49234802777042,TRUWZJQ128F145E9F7,211.81252238866648,TRCGAVX12903CFBC61,0.30631016907917197,TRIPIMD128F92D3E12,0.22580342818262636,TRFSCLD12903CD213F,0.2168362894392371,TRFSCLD12903CD213F,323.35494941635,TRCGAVX12903CFBC61,317.65164720838055,TRAJQIF128F92CD28A,292.64278789984644,TRCGAVX12903CFBC61,0.42113011343706463,TRFSCLD12903CD213F,0.41114532763898065,TRAJQIF128F92CD28A,0.3829843158360519
TRCGRJV128F1477322,TRFUJVJ128F426F2A2,2088.0,TRDPGXU128F9339C2A,1679.0,TRQAWKR128F425EEC3,1600.0,TRFUJVJ128F426F2A2,2.1821999999999977,TRDPGXU128F9339C2A,1.740990625000001,TRQAWKR128F425EEC3,1.6332312500000017,3,TRFEGGQ128E07898AA,470.45133512049426,TRUOWXS128F4232239,412.88616364703586,TRWGVKC128F92EAB51,400.27319795593866,0,TRFEGGQ128E07898AA,0.5981221005231611,TRUOWXS128F4232239,0.5365117497382341,TRWGVKC128F92EAB51,0.5195669820234049,0,3,0,0,0,0,3,TRRMFXK128F14841FD,227.2505633987057,TRFUJVJ128F426F2A2,221.70829361037167,TRDPGXU128F9339C2A,211.46937749168285,TRRMFXK128F14841FD,0.2140788513607466,TRNIMKL128F9301867,0.16828072081105197,TRPUUSG128E07953B7,0.1570797064203727,TRNIMKL128F9301867,263.3583329941263,TRFEGGQ128E07898AA,255.93415119161693,TRWVNCE128F4291F66,236.45709126031312,TRNIMKL128F9301867,0.3818882739160466,TRFEGGQ128E07898AA,0.3542420019472972,TRRMFXK128F14841FD,0.34043216334601056
TRRVJJF128F9309F02,TRFUJVJ128F426F2A2,4582.0,TRWSYHO128F4282346,4519.0,TRDPGXU128F9339C2A,3630.0,TRWSYHO128F4282346,5.2985218750000005,TRFUJVJ128F426F2A2,5.1915999999999976,TRLTYLK128F92FE6FF,4.218939062500008,2,TRALDGD128F932DC4B,513.5073534201673,TRNPSMI128F14A8E06,508.7873902206936,TRRYBBN128F42B15B8,508.2310703131334,0,TRALDGD128F932DC4B,0.6519932272217385,TRRYBBN128F42B15B8,0.6470601251896345,TRNPSMI128F14A8E06,0.6454026287529029,0,2,0,0,0,0,3,TRDPGXU128F9339C2A,227.97489741978652,TRFUJVJ128F426F2A2,183.75208308936627,TRFEGNP128F93462CB,182.55047309240695,TRYOZYQ128E078E170,0.1612417018730448,TRVVVYG12903CD8B5A,0.15766373087342925,TRXONIT128F9355F39,0.1570340131774005,TRVVVYG12903CD8B5A,240.1452989631766,TRBYQEL128F427E807,198.72976696745837,TRIMHTP128F93256C1,192.6916091949274,TRVVVYG12903CD8B5A,0.3457950103981955,TRYOZYQ128E078E170,0.295513507889448,TRXONIT128F9355F39,0.2931126284424411
TRDXHIR128F930E030,TRFUJVJ128F426F2A2,2678.0,TRUGLTC128F4227B93,2272.0,TRGLNKG128F9307689,2077.0,TRFUJVJ128F426F2A2,3.0094000000000007,TRUGLTC128F4227B93,2.683353124999995,TRGLNKG128F9307689,2.389301562499998,3,TRABNVL128F14A9685,480.4980300224052,TRMQQGH128F9301E4B,436.9504845512113,TRHFADH128F92E2BE3,435.86091344151345,0,TRABNVL128F14A9685,0.6164113028235356,TRMQQGH128F9301E4B,0.5643912701866034,TRHFADH128F92E2BE3,0.5601927958235988,0,3,0,0,0,0,3,TREXCMT128F933D825,169.40927107823222,TRJGDRR128F92E08BC,149.3940411872558,TRUWZJQ128F145E9F7,148.2912977034503,TREXCMT128F933D825,0.16978691673120988,TRJLUJJ128F426AA9F,0.14917011868070199,TRAMLZC128F92F3EB9,0.1440132220401147,TRABNVL128F14A9685,310.124081226983,TRJLUJJ128F426AA9F,293.32326200618064,TRAMLZC128F92F3EB9,276.8824958266242,TRABNVL128F14A9685,0.41081693238642647,TRJLUJJ128F426AA9F,0.39082045099394025,TRAMLZC128F92F3EB9,0.3655766971019384
TRDTEUX12903CB4AD7,TRFUJVJ128F426F2A2,6045.0,TRWSYHO128F4282346,4927.0,TREBGAA128E078FC52,4284.0,TRFUJVJ128F426F2A2,6.909949999999997,TRWSYHO128F4282346,5.736371875000007,TREBGAA128E078FC52,5.117467187500006,3,TRKSXRS128F14AA089,520.7808137683534,TRKOFWG128F42437E1,516.8304239472731,TRTAYPD128F42A4C9C,499.81247979734536,0,TRKSXRS128F14AA089,0.6683205443231683,TRKOFWG128F42437E1,0.6594102908830897,TRTAYPD128F42A4C9C,0.6436963108871904,0,3,0,0,0,0,3,TRFUJVJ128F426F2A2,294.1314851172764,TRQWDRK128F4241A32,244.71088255861133,TRPUEFZ128F146269E,234.46818083661913,TRPMWXN128E0792C24,0.24453432487245913,TRHDXOY128F42B3BE9,0.21192000531255162,TRPUEFZ128F146269E,0.21192000531255162,TRPMWXN128E0792C24,305.0424015769116,TRFSCLD12903CD213F,302.7302635008387,TRUPAWD128F1461933,297.3576160423575,TRPMWXN128E0792C24,0.4038489305633368,TRUPAWD128F1461933,0.4035438065265971,TRFSCLD12903CD213F,0.3859321936042091
TRVTZTY128E0781E22,TRFUJVJ128F426F2A2,2040.0,TRCHZXW128E079288A,1918.0,TRDPGXU128F9339C2A,1910.0,TRFUJVJ128F426F2A2,2.2670999999999983,TRCHZXW128E079288A,2.2189578125000016,TRDPGXU128F9339C2A,2.1509171874999993,3,TRSGBEL128F1499690,551.2132030099618,TRJXWSW12903CC98F4,547.6217861428306,TRWILVQ128F42644B3,547.3858197184471,0,TRSGBEL128F1499690,0.7032499873591423,TRJXWSW12903CC98F4,0.6988777445436104,TRWILVQ128F42644B3,0.6971662373840478,0,3,0,0,0,0,3,TRFUJVJ128F426F2A2,200.66566736412275,TRDPGXU128F9339C2A,129.02316153644165,TRWZUDO128F1495E26,123.07752568804298,TRFUJVJ128F426F2A2,0.12832343848111244,TRWVKHI128F92F28E4,0.0948088304180196,TRCLXIB128F4216E8B,0.08785542485896138,TRIRFGG128F4291E43,238.4654210755029,TRWLGSO128F425FB2E,195.86633963429009,TRXMZDU128F147E6A9,181.69407360425674,TRIRFGG128F4291E43,0.33220962388631964,TRWLGSO128F425FB2E,0.2881603621703783,TRXMZDU128F147E6A9,0.27751446975062044
TRORKSH128F9320C21,TRFUJVJ128F426F2A2,2085.0,TRDPGXU128F9339C2A,1651.0,TRWSYHO128F4282346,1446.0,TRFUJVJ128F426F2A2,2.291149999999997,TRDPGXU128F9339C2A,1.8002390624999984,TREBGAA128E078FC52,1.6329421875000025,2,TROFTGV128F1458F77,491.26272813251217,TRXICJK128F1466AA5,414.80282705255297,TRRZYOC128F423085D,413.68574907890894,0,TROFTGV128F1458F77,0.619534727222212,TRXICJK128F1466AA5,0.5395077534562611,TRRZYOC128F423085D,0.5385160672422936,0,2,0,0,0,0,3,TRDXXCE128F92C4DA3,204.0061119283388,TRFMKJY128F92E89F1,196.68361238846862,TRKQJBJ128F4241A45,177.05885340478144,TRDXXCE128F92C4DA3,0.21245977196058452,TRFMKJY128F92E89F1,0.18615445455826662,TRFDCNQ128F1459669,0.17870294172760418,TRNIMRY128E0793303,292.1285700254883,TRDXXCE128F92C4DA3,268.3121835266467,TRFDCNQ128F1459669,248.8598728660192,TRNIMRY128E0793303,0.40293647824880585,TRDXXCE128F92C4DA3,0.3764126612563824,TRFDCNQ128F1459669,0.33937651838955846
TRGEMSN128E07944A8,TREXCMT128F933D825,5402.0,TRDPGXU128F9339C2A,4712.0,TRFUJVJ128F426F2A2,4479.0,TREXCMT128F933D825,6.5081749999999685,TRDPGXU128F9339C2A,5.443762499999996,TRLTYLK128F92FE6FF,5.243412500000006,2,TRBUJAC128F92DE866,521.0576832435388,TROZVGY128F425A54E,516.3822110543638,TRDXSJQ128F92CEE86,486.7981688131491,0,TROZVGY128F425A54E,0.6518492981410509,TRBUJAC128F92DE866,0.651080807036413,TRHHLCK128F92E3C65,0.6160108581287157,0,2,0,0,0,0,2,TRQGLNM128F42618C6,173.94010080727455,TRJLMAI128F92EBB04,154.37805379632323,TRFUJVJ128F426F2A2,153.65533759957665,TRQGLNM128F42618C6,0.16197303526794576,TRJLMAI128F92EBB04,0.15749401247535158,TRHGZOJ128F14A2ED0,0.13393686705842747,TRMVGKO128E078552F,287.5907212693162,TRFUMBG128F92E3BDE,281.56094921287126,TRYFAGV128F42ADCCD,277.41372069433197,TRMVGKO128E078552F,0.39221600716803096,TRYFAGV128F42ADCCD,0.37567331660444575,TRJLMAI128F92EBB04,0.370409273193204
TRQMVYN128F4250E38,TRFUJVJ128F426F2A2,1908.0,TRWSYHO128F4282346,1729.0,TRDPGXU128F9339C2A,1718.0,TRFUJVJ128F426F2A2,2.1228000000000007,TRWSYHO128F4282346,1.9898937500000005,TRDPGXU128F9339C2A,1.9282281250000022,3,TRUVZTN128F424B846,794.5853720000875,TRXXPYK128F14805B7,558.7031662181867,TRENDJC128F42790D9,544.618111845422,0,TRUVZTN128F424B846,0.9935022053948106,TRXXPYK128F14805B7,0.7104038806111893,TRENDJC128F42790D9,0.6934152566955865,0,3,0,0,0,0,3,TRUVZTN128F424B846,204.7993059559812,TROIJDA128F9341E70,124.85090340581345,TRFUJVJ128F426F2A2,122.59489261422604,TRUVZTN128F424B846,0.2442523655121322,TROIJDA128F9341E70,0.11267951306253203,TRHQIZI128F42A0297,0.10908089353564784,TRUVZTN128F424B846,759.2337027500705,TRBJPJS128F932F173,221.37378609705624,TRHQIZI128F42A0297,213.12839724726112,TRUVZTN128F424B846,0.9512575878871904,TRPZYYZ128F4229F12,0.297374281866433,TRABPNQ12903CF544B,0.2962609435280053
TRDJCNG128F9339544,TRXHFMI128F429B2F2,3033.0,TRCHZXW128E079288A,3023.0,TRDPGXU128F9339C2A,2830.0,TRXHFMI128F429B2F2,3.6626015625000026,TRCHZXW128E079288A,3.539242187500004,TRDPGXU128F9339C2A,3.2201328125000073,3,TREHMYJ128F42BA1E6,560.1389209002963,TRZKMDX128F4277845,546.479675153422,TRFMKNB128F92D065C,546.1304862031593,0,TREHMYJ128F42BA1E6,0.7053637150042182,TRFMKNB128F92D065C,0.6918250411879877,TRZKMDX128F4277845,0.6886253612165252,0,3,0,0,0,0,3,TRDPGXU128F9339C2A,188.4404680281346,TRFUJVJ128F426F2A2,160.11688836106578,TRKGULH128F428C170,157.00893694521454,TRPQNZK128F932336B,0.15167064892517707,TRFZDLZ128F932F17E,0.14309431708204717,TRODELM128F42A65E8,0.1375356641563514,TRVSWGN12903CB4A44,275.5401596559595,TRPQNZK128F932336B,257.49329799187444,TRXLZMH128F427F6AC,250.97551485381823,TRVSWGN12903CB4A44,0.35881670080846323,TRPQNZK128F932336B,0.3529736780045486,TRXLZMH128F427F6AC,0.33140632010307824
TRVSWGN12903CB4A44,TRRSNPA128F148C45E,922.0,TROLEFX128E078BD4F,772.0,TRFUJVJ128F426F2A2,704.0,TRRSNPA128F148C45E,1.0816671874999981,TROLEFX128E078BD4F,0.9190718749999985,TRISBQQ128F93217A2,0.7318593750000008,2,TRJCGEW12903CDB113,382.9357791657601,TRDJFEZ128F932AAEE,372.95497877744685,TRXLZMH128F427F6AC,371.8341880418767,0,TRJCGEW12903CDB113,0.48546523634969974,TRXLZMH128F427F6AC,0.4729423261260961,TRDJFEZ128F932AAEE,0.4724215712163083,0,2,0,0,0,0,3,TRSKORZ128F145C984,143.0849020035077,TRDPGXU128F9339C2A,125.507418239983,TRFZDLZ128F932F17E,123.67312763516769,TRSKORZ128F145C984,0.16411766886796564,TRFZDLZ128F932F17E,0.13997332294932474,TRDJCNG128F9339544,0.12717808423763025,TRXLZMH128F427F6AC,329.2769696545154,TRSKORZ128F145C984,305.1385548328403,TRSGEGE128F932612B,277.9856404131923,TRXLZMH128F427F6AC,0.42136681416990734,TRSKORZ128F145C984,0.3972889854386289,TRSGEGE128F932612B,0.36221012892136917
TRNJPBY128F92F621A,TRWSYHO128F4282346,6490.0,TRDPGXU128F9339C2A,5913.0,TREBGAA128E078FC52,5877.0,TRWSYHO128F4282346,7.629996874999997,TREBGAA128E078FC52,7.0749046875,TRKLJAG128F42B31CF,6.856796875000034,2,TRKLJAG128F42B31CF,579.3978600389705,TRLIRTX128EF35F038,574.5232456355343,TRWBWCV12903CF1327,564.0824382185187,1,TRKLJAG128F42B31CF,0.729452448407703,TRLIRTX128EF35F038,0.7167654147531861,TRWBWCV12903CF1327,0.7140989729480632,0,2,0,0,1,1,3,TRRKBRB128EF35E2DA,554.8428955098119,TRPDDZW128F42712B2,480.6859926958758,TRRVXQX128F429A0C4,414.7114869803204,TRRKBRB128EF35E2DA,0.5439490375250411,TRPDDZW128F42712B2,0.4678480238027985,TRRVXQX128F429A0C4,0.4449169846878791,TRRKBRB128EF35E2DA,299.6124486940822,TRLIRTX128EF35F038,280.4086261906107,TRSAXGQ128F429510C,267.9190322887703,TRRKBRB128EF35E2DA,0.43203569264213815,TRPDDZW128F42712B2,0.3901524138204099,TRSAXGQ128F429510C,0.3898514864181078
TRINMBD128F92F6211,TRFUJVJ128F426F2A2,13592.0,TRWSYHO128F4282346,12944.0,TRDPGXU128F9339C2A,10955.0,TRFUJVJ128F426F2A2,15.58010000000001,TRWSYHO128F4282346,15.258584375000003,TREBGAA128E078FC52,12.873073437499993,2,TRDQOIQ128E078746B,599.6995777771211,TRFLMQX128F9341492,580.6593883595365,TRPQDHV128E07845CB,569.9731966881247,0,TRDQOIQ128E078746B,0.7561976194626711,TRFLMQX128F9341492,0.7335861472286953,TRPQDHV128E07845CB,0.724341901952453,0,2,0,0,0,0,3,TRFUJVJ128F426F2A2,477.21476325487964,TRDPGXU128F9339C2A,397.08733537402134,TRCHZXW128E079288A,345.64453859174705,TRFUJVJ128F426F2A2,0.2815935227309796,TRIFVKW128F145C141,0.23749468852488456,TRUYSOV12903CED603,0.23265250617966118,TRUYSOV12903CED603,236.5367782445854,TRFYBJS128F145F5FA,223.0008206024587,TRAAJJW128F4298683,220.50010159407697,TRUYSOV12903CED603,0.3744184397066812,TRIFVKW128F145C141,0.3593638759672157,TRZCHKB128F92CB740,0.35219194774444873
TRRKBRB128EF35E2DA,TRFUJVJ128F426F2A2,7573.0,TRDPGXU128F9339C2A,6842.0,TRCHZXW128E079288A,6239.0,TRFUJVJ128F426F2A2,8.196650000000005,TRDPGXU128F9339C2A,7.490762499999997,TRCHZXW128E079288A,6.997487499999994,3,TREYKNZ128F92F41C1,500.9274705980406,TRSLSWO128E0786285,496.51964928663784,TRFOGZN128F42882B5,492.6346977591037,0,TREYKNZ128F92F41C1,0.6515055361527528,TRSLSWO128E0786285,0.6456009807566715,TRFOGZN128F42882B5,0.6397067808543373,0,3,0,0,0,0,3,TRFUJVJ128F426F2A2,559.1009899444841,TRNJPBY128F92F621A,554.8428955098119,TRPDDZW128F42712B2,513.7354972171232,TRNJPBY128F92F621A,0.5439490375250411,TRPDDZW128F42712B2,0.4553879408582729,TRRVXQX128F429A0C4,0.40009034765598755,TRRDNZG128F1473D57,303.6033705187817,TRNJPBY128F92F621A,299.61244869408074,TRCPRIU128E0784F2B,235.3646043653806,TRNJPBY128F92F621A,0.4320356926421381,TRRDNZG128F1473D57,0.3721697703426553,TRPDDZW128F42712B2,0.36256329866783443
TRYPJXU128F92F621C,TRFUJVJ128F426F2A2,6656.0,TRDPGXU128F9339C2A,6212.0,TRWSYHO128F4282346,5848.0,TRFUJVJ128F426F2A2,7.347099999999997,TRDPGXU128F9339C2A,6.951385937500001,TRWSYHO128F4282346,6.674178125000003,3,TRZCHKB128F92CB740,637.7537183920639,TRVVBPB128F4250C72,629.5511230954618,TREBQOW128F92C4549,627.2426092723082,0,TRZCHKB128F92CB740,0.8103825781285219,TRVVBPB128F4250C72,0.7988456064628982,TRTPMBB128F42934F8,0.7965843346099727,0,3,0,0,0,0,2,TRFUJVJ128F426F2A2,502.14811593229825,TRDPGXU128F9339C2A,443.99629098028447,TRCHZXW128E079288A,364.02583198662154,TRFUJVJ128F426F2A2,0.23995742648221213,TRFMKJY128F92E89F1,0.21491236373933886,TRGNBCC128F92F6218,0.20528568808576275,TRLPVUA12903D06A15,195.24543790214776,TRMDPXM128F934542D,189.84794092625594,TRVEOPR128F423382D,185.11950055855297,TRFUJVJ128F426F2A2,0.3511943615445119,TRVEOPR128F423382D,0.35113785145002796,TRMDPXM128F934542D,0.3413147875237821
TRGNBCC128F92F6218,TRFUJVJ128F426F2A2,11505.0,TRWSYHO128F4282346,10897.0,TRDPGXU128F9339C2A,9802.0,TRFUJVJ128F426F2A2,12.946049999999993,TRWSYHO128F4282346,12.68329999999999,TREBGAA128E078FC52,11.336275000000022,2,TRYYRLU12903D082FF,600.1696658553329,TRABMIY128F426EA8F,600.0244813725327,TROXHLM128F4266510,597.9224370013379,0,TRYYRLU12903D082FF,0.7639274271923284,TROXHLM128F4266510,0.7608740278481594,TRNWHUD128F932E304,0.7571903437041304,0,2,0,0,0,0,2,TRFUJVJ128F426F2A2,545.1998300722198,TRGUCIR128F933D817,403.69634040817886,TRDPGXU128F9339C2A,397.5035457812678,TRGUCIR128F933D817,0.32247066996025225,TRFUJVJ128F426F2A2,0.3134992120491965,TRBDCAH128EF362D31,0.24283907772915422,TRSSNSJ128F4262EFF,225.04031638406028,TRGUCIR128F933D817,223.2372225797611,TRLFUXH128E0793EB4,213.41331729160493,TRGUCIR128F933D817,0.3770832505036231,TRBDCAH128EF362D31,0.3518716790406186,TRFUJVJ128F426F2A2,0.34801553757370124
TRDNAVT128F428A246,TRFUJVJ128F426F2A2,2195.0,TRQAWKR128F425EEC3,1431.0,TRDPGXU128F9339C2A,1338.0,TRFUJVJ128F426F2A2,2.426349999999999,TRQAWKR128F425EEC3,1.5166312500000005,TRDPGXU128F9339C2A,1.407065625000001,3,TRPZEWS128F92F585E,512.9132516498369,TRBJDUF128F92D74D1,501.95849512873235,TROPIPE128F92EEDC3,488.86152908262557,0,TRPZEWS128F92F585E,0.657535505639407,TRBJDUF128F92D74D1,0.6432944513954494,TRSPCDB128F1464F66,0.6290135716103537,0,3,0,0,0,0,2,TRDPGXU128F9339C2A,217.80725127478644,TRFUJVJ128F426F2A2,205.2427306223572,TRNVKOI128E0799173,196.97786630111403,TRNVKOI128E0799173,0.143090123265768,TRTLLMP128F9307700,0.13430349818047074,TRIOSDC128F931FF62,0.11730460810952266,TRBRMXM128F4262018,218.97554143675956,TRJUOGS12903CC5413,218.26694079025998,TRTLLMP128F9307700,215.17793815313064,TRTLLMP128F9307700,0.3386424327653138,TRJUOGS12903CC5413,0.33453118257541825,TRNVKOI128E0799173,0.3310972995691687
TRRHCOS128F4248193,TRTHNFG12903D0CE54,2235.0,TRZZQIP128F92EFEAD,2188.0,TRDOJIR128F42840C0,2053.0,TRTHNFG12903D0CE54,2.6939343750000058,TRZZQIP128F92EFEAD,2.654478125000013,TRDOJIR128F42840C0,2.4937999999999994,3,TRRQFHI128F42AC06B,672.589766282826,TRNIELN128F4275E78,646.4804727581226,TRMFTFY128F1496B64,640.5655931750979,0,TRRQFHI128F42AC06B,0.8433432581377369,TRNIELN128F4275E78,0.8110985297468967,TRMFTFY128F1496B64,0.8038636516652001,0,3,0,0,0,0,3,TRTHNFG12903D0CE54,527.3817911252643,TRIJHLY12903D0CE4D,491.052816446029,TRDVUEH12903D0FAA9,474.0229956910574,TRTHNFG12903D0CE54,0.6037886189690889,TRIJHLY12903D0CE4D,0.5598045650067991,TRDVUEH12903D0FAA9,0.5456112042510747,TRMFTFY128F1496B64,547.4962889940131,TRBHYTA128F93425AC,545.6249826928175,TRNIELN128F4275E78,539.3908674104778,TRMFTFY128F1496B64,0.6944424179063705,TRBHYTA128F93425AC,0.6926906419026801,TRNIELN128F4275E78,0.682725985910779
TRFGOUF128F9348838,TRFUJVJ128F426F2A2,3817.0,TRGLNKG128F9307689,3186.0,TRDPGXU128F9339C2A,3168.0,TRFUJVJ128F426F2A2,4.3296499999999964,TRGLNKG128F9307689,3.7122000000000064,TRWSYHO128F4282346,3.6588999999999925,2,TRFLMQX128F9341492,627.566880032266,TRFMMQY128F931855B,604.7403123361448,TRMQQGH128F9301E4B,604.7401099641448,0,TRFLMQX128F9341492,0.790234069658965,TRFMMQY128F931855B,0.7687326152611303,TRMQQGH128F9301E4B,0.7672056400262521,0,2,0,0,0,0,3,TRQIYYJ12903CC5B03,200.1361094886025,TRDPGXU128F9339C2A,198.12197357165164,TRFUJVJ128F426F2A2,167.90663789754277,TRQIYYJ12903CC5B03,0.16925638754537795,TRIVZNT128F92E5311,0.1556936934327961,TRDOQOV128F428C6FA,0.12183892231106863,TRDOQOV128F428C6FA,263.58257485528867,TRIVZNT128F92E5311,253.0401602568906,TRQOXXY128EF351AA1,237.62720278708457,TRDOQOV128F428C6FA,0.3769886539969388,TRIVZNT128F92E5311,0.36943077757185455,TRQIYYJ12903CC5B03,0.36171538701517797
TRQLICG12903CBFAFD,TRFUJVJ128F426F2A2,2963.0,TRWSYHO128F4282346,2877.0,TRGLNKG128F9307689,2360.0,TRFUJVJ128F426F2A2,3.3955499999999965,TRWSYHO128F4282346,3.3948312500000037,TRUGLTC128F4227B93,2.7672062500000028,2,TRWUNUL128F145C985,530.4365628450737,TRXTLLG128F930416B,512.0636841567061,TRHYECQ128F146E6E3,480.21668710158843,0,TRWUNUL128F145C985,0.6728692587949101,TRXTLLG128F930416B,0.6513328013771283,TRHYECQ128F146E6E3,0.612880444924604,0,2,0,0,0,0,3,TRGLNKG128F9307689,182.22274598018186,TRVZZRI128F14650C4,136.28218366141817,TRUCKFR12903CC5B00,126.0198863772553,TRGLNKG128F9307689,0.17021989562190756,TRUCKFR12903CC5B00,0.14024260238007397,TRVZZRI128F14650C4,0.13770841858261476,TRIYZBJ128F933D72E,317.35972481944225,TRBFTHL128C7196B42,310.59971108148574,TRPQUWE128F42B1B53,307.63392873150514,TRIYZBJ128F933D72E,0.4167538207935682,TRBFTHL128C7196B42,0.4076260866728643,TRPQUWE128F42B1B53,0.4049864397425945
TREKDZI128F146A972,TRFUJVJ128F426F2A2,5488.0,TRUGLTC128F4227B93,4568.0,TRVLIZK128F428845E,4255.0,TRFUJVJ128F426F2A2,6.285000000000017,TRUGLTC128F4227B93,5.443593750000014,TRVLIZK128F428845E,5.098437499999994,3,TRLZRCQ128F425E102,619.9505029207487,TRLNCCP128F426504E,603.8267140193418,TREWIVO128E0782339,597.4317700566417,0,TRLZRCQ128F425E102,0.7854551562363201,TRLNCCP128F426504E,0.7626239386627091,TREWIVO128E0782339,0.7564987115415288,0,3,0,0,0,0,3,TRFUJVJ128F426F2A2,194.7211486229674,TRDPGXU128F9339C2A,183.52688652886025,TRUGLTC128F4227B93,170.5456537707462,TRUGLTC128F4227B93,0.14935588437393743,TRETWII128F42503D0,0.13851744867795918,TRMNZBR128F424EF16,0.13705972404666236,TRJWAJC128F9327C4F,224.8846829739438,TRJFOVI128F92D6697,216.36623343507824,TRADWLM128F42678B1,215.57242971878205,TRJWAJC128F9327C4F,0.33139706999048885,TRJFOVI128F92D6697,0.32634682472543347,TRETWII128F42503D0,0.32185252509107937
TRJDXEG128E07820DB,TRFUJVJ128F426F2A2,2535.0,TREXCMT128F933D825,2189.0,TRLTYLK128F92FE6FF,2163.0,TRFUJVJ128F426F2A2,2.793850000000002,TRLTYLK128F92FE6FF,2.585829687500003,TREXCMT128F933D825,2.564590624999996,3,TRDXSJQ128F92CEE86,462.51969844044385,TRLTYLK128F92FE6FF,435.38711926453817,TRNZNSR128F429F04B,429.064516340979,1,TRDXSJQ128F92CEE86,0.5880806944021267,TRLTYLK128F92FE6FF,0.554978867028928,TRNZNSR128F429F04B,0.551834497937665,1,3,1,1,1,1,3,TRDPGXU128F9339C2A,140.25476193103606,TRWTZGX128F149535F,125.71378939664868,TRZCHKB128F92CB740,119.48027610319457,TRWTZGX128F149535F,0.12520797139388073,TRNHIAZ128E0786F68,0.12210072293359005,TRCCNSW128F14622D1,0.12027650049953514,TRTLVCG128F42B0063,296.407258302801,TRCCNSW128F14622D1,255.96059928755022,TRNHIAZ128E0786F68,240.46324147378695,TRTLVCG128F42B0063,0.39843622535198664,TRCCNSW128F14622D1,0.349443518783483,TRNHIAZ128E0786F68,0.3240540740484016
TRKHYKB128E0789D42,TRFUJVJ128F426F2A2,4973.0,TRWSYHO128F4282346,3977.0,TRDPGXU128F9339C2A,3941.0,TRFUJVJ128F426F2A2,5.740149999999999,TRWSYHO128F4282346,4.6601031250000045,TRDPGXU128F9339C2A,4.528098437499989,3,TRTMJLR128F1463837,615.0308632556629,TRPFDHQ128F42B97F9,610.6440653828927,TRABMIY128F426EA8F,598.1000472578208,0,TRTMJLR128F1463837,0.7784636791500714,TRPFDHQ128F42B97F9,0.77258069039817,TRABMIY128F426EA8F,0.754821056135441,0,3,0,0,0,0,3,TRFUJVJ128F426F2A2,211.9446562309737,TRDPGXU128F9339C2A,153.7747806104696,TRTYLFM12903CD2C97,151.9469941663279,TRQQLZD128F425E9BC,0.12917428477166631,TRUHRRC128F42638F1,0.12747507319858428,TRSIBBE128F1492FDC,0.12550655139736702,TRUHRRC128F42638F1,254.10124934603266,TRFRZZC128F935F71A,231.54417876941704,TRDUHPG128F92FEEEA,229.0918618165579,TRUHRRC128F42638F1,0.3484527872996233,TRFRZZC128F935F71A,0.33505775312550373,TRDUHPG128F92FEEEA,0.3132452574519866
TRDVELE128F932810A,TRFUJVJ128F426F2A2,2450.0,TRDPGXU128F9339C2A,2066.0,TRFLWJZ128F425C9E4,1452.0,TRFUJVJ128F426F2A2,2.6232000000000024,TRDPGXU128F9339C2A,2.2151234375000035,TRFLWJZ128F425C9E4,1.586695312499998,3,TRKVITQ128F4271B31,469.94516019297265,TRORMHQ128F92CB796,461.4627998098067,TRCIVXK128F426936A,455.73763754152407,0,TRKVITQ128F4271B31,0.6116343519536278,TRORMHQ128F92CB796,0.5962167831877467,TRJSEVX128F14633FD,0.5930172769734592,0,3,0,0,0,0,2,TRDPGXU128F9339C2A,291.499155547731,TRNVKOI128E0799173,253.58065044235784,TRFUJVJ128F426F2A2,228.1096056234685,TRNVKOI128E0799173,0.18326197395722643,TRZYBSS128F145806B,0.16428957822979007,TRBERRB128F932D534,0.16242402316332874,TRROQBU128F9321DB6,199.00962516429868,TRVWXMR128F9318BFC,197.38310377404514,TRNVKOI128E0799173,193.79593630380953,TRNVKOI128E0799173,0.35117143462214406,TRROQBU128F9321DB6,0.325374604617568,TRGXGMH128F92F5B48,0.32027673991826316
TRCONIY128F932A7DA,TRFUJVJ128F426F2A2,5271.0,TRDPGXU128F9339C2A,4785.0,TRWSYHO128F4282346,3872.0,TRFUJVJ128F426F2A2,6.1103499999999995,TRDPGXU128F9339C2A,5.581174999999998,TRCHZXW128E079288A,4.533075000000007,2,TRDPGXU128F9339C2A,635.2708881082958,TRXYREI128F4261E8F,634.4690801642801,TROSKLK128F145806A,631.6418343186951,1,TRDPGXU128F9339C2A,0.8014098433669898,TRXYREI128F4261E8F,0.8009351075131131,TROSKLK128F145806A,0.7979321421748253,1,2,1,1,1,1,3,TRDPGXU128F9339C2A,211.23711852180938,TRFUJVJ128F426F2A2,184.39767452744385,TRQWDRK128F4241A32,174.42818306878928,TRPUUSG128E07953B7,0.14470447904783668,TRDPGXU128F9339C2A,0.12355456229408139,TRGUCIR128F933D817,0.12342127619551027,TRBRHEV128E0793885,249.92881233753283,TRDLXGN128F92CEE6E,236.11017463098386,TRDJCNG128F9339544,211.48540713116415,TRBRHEV128E0793885,0.3510737631613514,TRDLXGN128F92CEE6E,0.3074314118978006,TRNEENS128F423DF9F,0.2989050055709694
TRWULBB128F42670A3,TRFUJVJ128F426F2A2,4341.0,TRWSYHO128F4282346,3105.0,TRGLNKG128F9307689,2922.0,TRFUJVJ128F426F2A2,5.026050000000001,TRWSYHO128F4282346,3.6197062499999952,TRGLNKG128F9307689,3.407540625,3,TRPBTSJ128F42A3168,629.0352733357156,TRQYUKJ12903C9A1CE,617.7864671833771,TRGLJRY128F14841E2,604.4761172867213,0,TRPBTSJ128F42A3168,0.7944302817928415,TRQYUKJ12903C9A1CE,0.7804209889691062,TRCJTUB128F92FFC36,0.7612256605901778,0,3,0,0,0,0,2,TRDPGXU128F9339C2A,171.6754043162,TRFUJVJ128F426F2A2,160.8110976532455,TRGUBSR128E0786082,146.7499938519748,TRKIRIG128E0791EB7,0.13712001802892446,TRVOSYJ128F426A939,0.12290678942994336,TRIHMNV128EF35EF90,0.107538654482156,TRABOIH128F9300B06,247.11659521513326,TRFUFZZ128F92CDE0E,214.78546008207343,TRNCJEJ12903CF4162,209.67683862413026,TRABOIH128F9300B06,0.3502561814223951,TRFUFZZ128F92CDE0E,0.321433603072285,TRKIRIG128E0791EB7,0.31671292102201903
TROQFYY128F429DBA0,TRFUJVJ128F426F2A2,4587.0,TRDPGXU128F9339C2A,4306.0,TRCHZXW128E079288A,3493.0,TRFUJVJ128F426F2A2,5.197849999999996,TRDPGXU128F9339C2A,4.9343390624999985,TRBEBJO128C719646B,4.086892187499996,2,TRDPGXU128F9339C2A,647.5845594778552,TREBQOW128F92C4549,630.9644671136028,TRJPNAE128F425FAFB,630.8187092596971,1,TRDPGXU128F9339C2A,0.8217607082764979,TRJPNAE128F425FAFB,0.8015094165955842,TREBQOW128F92C4549,0.7984623757492492,1,2,1,1,1,1,3,TRDPGXU128F9339C2A,346.9930511785368,TRFUJVJ128F426F2A2,244.50318121265198,TRGLNKG128F9307689,218.37582505217588,TRDPGXU128F9339C2A,0.22731610372320862,TREBUTR128F427DAF6,0.1392082490380143,TRQAWKR128F425EEC3,0.1372559738029859,TRLKEFU128F422C555,207.96234250577513,TRDPGXU128F9339C2A,195.2969832181541,TRZQZRN128F4262039,178.7288499526767,TRDPGXU128F9339C2A,0.36709339286069853,TRLKEFU128F422C555,0.3301674271986283,TRUWCIM128F14A3A92,0.3118916902678038
TRHFADH128F92E2BE3,TRFUJVJ128F426F2A2,2509.0,TRWSYHO128F4282346,2423.0,TRDPGXU128F9339C2A,2104.0,TRFUJVJ128F426F2A2,2.8855499999999954,TRWSYHO128F4282346,2.8649093749999923,TRGLNKG128F9307689,2.4227984374999956,2,TRYYRLU12903D082FF,590.4904431044022,TRDHLOW128F429BA29,573.84641466641,TRRVFNZ12903CD476D,567.029987918561,0,TRYYRLU12903D082FF,0.7476291582548186,TRDHLOW128F429BA29,0.7271239409724597,TRRVFNZ12903CD476D,0.7173548088939216,0,2,0,0,0,0,3,TRDPGXU128F9339C2A,102.41011576851919,TRHSMEG128F42BC646,94.54485739345975,TRFUJVJ128F426F2A2,88.76150463766541,TRHSMEG128F42BC646,0.0820259979750646,TRXQXZS128F4227318,0.08184766923353523,TRNBNBL128F4264B26,0.07851610723020189,TRSBQYY128F93411A1,221.72349265629845,TRPJAPP128EF35A1AC,187.75381613205744,TRUIKPU128F9317416,187.04184746444972,TRSBQYY128F93411A1,0.29447738350061825,TRNBNBL128F4264B26,0.26685521757751,TRRRBHV128F1463A85,0.26310801609352785
TROAQBZ128F9326213,TRDPGXU128F9339C2A,4649.0,TRFUJVJ128F426F2A2,4646.0,TRCHZXW128E079288A,4144.0,TRDPGXU128F9339C2A,5.201520312499998,TRFUJVJ128F426F2A2,5.078399999999999,TRCHZXW128E079288A,4.719854687499997,3,TREBPOO128F4297132,514.9187740278242,TRGOLAX128F92F87BF,514.6752883347507,TRBWKZD128F428AAEB,513.2562658844781,0,TRBWKZD128F428AAEB,0.6615110333655913,TRGOLAX128F92F87BF,0.6610239550759045,TREBPOO128F4297132,0.6587729878647447,0,3,0,0,0,0,3,TRDPGXU128F9339C2A,271.06536328733443,TRFUJVJ128F426F2A2,254.6676783877678,TRCHZXW128E079288A,230.83041311739836,TRVNSDW128F933BB4F,0.1671154686098438,TRZCHKB128F92CB740,0.1668547576026217,TRGOKCU128F92EF28C,0.1633270945806921,TRIREPZ128F92FFFF8,214.94092030055887,TRNFMUA128F42BB325,197.34823938476302,TRSKZBE128F932B633,176.89486884811896,TRIREPZ128F92FFFF8,0.31373785516137764,TRNFMUA128F42BB325,0.304295401013469,TRZCHKB128F92CB740,0.2879553994000553
TRVZCTL128E078F0BE,TRFUJVJ128F426F2A2,5431.0,TRHGZOJ128F14A2ED0,4639.0,TRGLNKG128F9307689,4343.0,TRFUJVJ128F426F2A2,6.073449999999998,TRHGZOJ128F14A2ED0,5.412915624999985,TRYOUMI128E078F4DE,5.120710937500015,2,TRUCKFR12903CC5B00,566.2499952832189,TRDNBHN128F148C54E,492.3296211061639,TRWUNUL128F145C985,486.5422984332599,0,TRUCKFR12903CC5B00,0.7176919689742273,TRDNBHN128F148C54E,0.627924595508214,TRMWVDI128F92FFA8A,0.6207378400836331,0,2,0,0,0,0,2,TRDPGXU128F9339C2A,201.54261518242103,TRFUJVJ128F426F2A2,175.29892870459494,TRGLNKG128F9307689,170.29327336124425,TRUDNCD128E078F6F3,0.15069402227299677,TRSIDWB128E0785510,0.14398789449849947,TRZCHKB128F92CB740,0.138678599430622,TRKJSXZ128F148AF12,270.92222598573477,TRQZFNY128F1483C0A,270.776882660448,TRYDNTB128F9331278,252.96220119956078,TRYDNTB128F9331278,0.37032918696298256,TRKJSXZ128F148AF12,0.36874226060216514,TRSIDWB128E0785510,0.3552581489494393
TRAERPT128F931103E,TRFUJVJ128F426F2A2,5512.0,TRDPGXU128F9339C2A,4177.0,TRWSYHO128F4282346,4150.0,TRFUJVJ128F426F2A2,6.255200000000001,TRWSYHO128F4282346,4.772637500000007,TRDPGXU128F9339C2A,4.690381250000002,3,TRQKPHI12903CE4D44,493.9961866687276,TRTATZQ128F427EDD0,486.63711307122355,TRAURYK128F92C490D,483.75953912239174,0,TRQKPHI12903CE4D44,0.6317245601863423,TRTATZQ128F427EDD0,0.6220350993992969,TRAURYK128F92C490D,0.6179537643526559,0,3,0,0,0,0,3,TRFUJVJ128F426F2A2,214.62083933110952,TRKHTKI128F92EA339,168.65677196373127,TRDPGXU128F9339C2A,165.67780179929264,TRPYXDO128F92E6DCD,0.1566111567028914,TRYOUMI128E078F4DE,0.15484964170225876,TRSOZDW128F9318C00,0.15340439974003928,TRZNHJN128F4293FC2,260.4996409605075,TRYOUMI128E078F4DE,241.47757949145466,TRPYXDO128F92E6DCD,233.1193052025009,TRZNHJN128F4293FC2,0.3710027060439447,TRYOUMI128E078F4DE,0.34690990926691856,TRPYXDO128F92E6DCD,0.33866717258723233
TRQXTQT128E0781DA7,TRWSYHO128F4282346,2633.0,TRDPGXU128F9339C2A,2473.0,TRFUJVJ128F426F2A2,2374.0,TRWSYHO128F4282346,3.0056562499999946,TRDPGXU128F9339C2A,2.7257968749999986,TRINMBD128F92F6211,2.5717656250000034,2,TRUEGMJ128F148D40C,460.1172469608478,TRBUESY128F92F81F6,457.5723531491041,TRLJPRR128F1466819,436.62318042347226,0,TRUEGMJ128F148D40C,0.5869260451657785,TRBUESY128F92F81F6,0.5821427032702406,TRLJPRR128F1466819,0.5641824284529502,0,2,0,0,0,0,3,TRDXXCE128F92C4DA3,196.20071875185616,TRDPGXU128F9339C2A,194.54167325487194,TRCHZXW128E079288A,180.49878615497374,TRDXXCE128F92C4DA3,0.19937321421600016,TRGJXNX128F92F8757,0.13824288372902477,TRLQIJS128F92D9533,0.13495798565135783,TRDXXCE128F92C4DA3,239.782680078917,TRFHJIZ128F4240B3C,220.41835515186352,TRZRXXR128F424B82D,214.47337814181668,TRDXXCE128F92C4DA3,0.34429651111524195,TRFHJIZ128F4240B3C,0.30982097721786406,TRZRXXR128F424B82D,0.3055071868079065
TRAUYZG12903CDA4E9,TRFUJVJ128F426F2A2,7508.0,TRDPGXU128F9339C2A,6756.0,TRWSYHO128F4282346,6284.0,TRFUJVJ128F426F2A2,8.566200000000004,TRDPGXU128F9339C2A,7.760256249999995,TRWSYHO128F4282346,7.319887499999993,3,TRSTJFQ128F428DA21,644.1485863274999,TRWXSWA128F1456793,630.9623987210931,TRBWKZD128F428AAEB,624.6569360170308,0,TRSTJFQ128F428DA21,0.811090689424452,TRWXSWA128F1456793,0.7967035442383458,TRBWKZD128F428AAEB,0.7912724714500076,0,3,0,0,0,0,3,TRFUJVJ128F426F2A2,288.486348133931,TRQIYYJ12903CC5B03,226.69557573769475,TRDPGXU128F9339C2A,221.04041914268103,TRIWDKR128F429D9EE,0.17634429369424467,TRGNBCC128F92F6218,0.1661815419664056,TRQIYYJ12903CC5B03,0.1599447362112007,TRIBZVH128F934B68D,214.8765259254115,TRIWDKR128F429D9EE,212.2488858000453,TRMDDVE128F145691B,210.27849932832498,TRIWDKR128F429D9EE,0.34690591175314717,TRMDDVE128F145691B,0.327380563149161,TRHSDIV128F92DF74D,0.32089615392878396
TRGESLP12903CE31C8,TRFUJVJ128F426F2A2,6716.0,TRWSYHO128F4282346,6492.0,TRGLNKG128F9307689,4885.0,TRFUJVJ128F426F2A2,7.762500000000018,TRWSYHO128F4282346,7.701640625000007,TREBGAA128E078FC52,5.825039062500021,2,TRPBTSJ128F42A3168,595.2981678741814,TRNHSZN128F930FF03,590.2742947552825,TRAXJDA128F92E111E,573.4959989741028,0,TRPBTSJ128F42A3168,0.7536153983852064,TRNHSZN128F930FF03,0.7473253085125915,TRAXJDA128F92E111E,0.7251740232902367,0,2,0,0,0,0,3,TRDPGXU128F9339C2A,217.96399879387747,TRFUJVJ128F426F2A2,211.7983066816239,TRCHZXW128E079288A,205.6497376055973,TRUWZJQ128F145E9F7,0.17230139510669518,TRCCMND128E0792EB5,0.1576047083599704,TRKGUFM128F429E58A,0.14770340674413285,TROFEHI12903CC582C,251.4485317722783,TRDUPRE128F92E9E79,212.68735952791155,TRAGNDA128F425C197,210.49568151770856,TROFEHI12903CC582C,0.35695410967711794,TRDUPRE128F92E9E79,0.32084322832318596,TRCCMND128E0792EB5,0.3114968345559171
TRPAYRK128E0792986,TRFUJVJ128F426F2A2,4959.0,TRGUCIR128F933D817,4298.0,TRBVPVV128F425F14F,4243.0,TRFUJVJ128F426F2A2,5.603049999999993,TRGUCIR128F933D817,5.0908375000000134,TRBVPVV128F425F14F,5.068626562499989,3,TRYXRXL128F427F13A,548.5793625592174,TRTYLFM12903CD2C97,534.9199321105378,TRYAPRE128F425EE39,534.8643775214084,0,TRYXRXL128F427F13A,0.6938261070099185,TRTYLFM12903CD2C97,0.6816632591373338,TRYAPRE128F425EE39,0.6806678579502222,0,3,0,0,0,0,3,TRFUJVJ128F426F2A2,220.30824589571273,TRQWDRK128F4241A32,219.52012204574984,TRDPGXU128F9339C2A,206.95337647040944,TRQDCPN128F1453C8B,0.16244663487062344,TRZARUP128F9348146,0.1513258827059631,TRQWDRK128F4241A32,0.14764773210531046,TRMRFNP128F4298E83,254.40072600457404,TRQDCPN128F1453C8B,234.8329084378779,TRKFQSN128F92F4B66,209.1311160652748,TRMRFNP128F4298E83,0.3526212131816878,TRQDCPN128F1453C8B,0.3413954463335779,TRITTVU128F930320C,0.29823634342328487
TRKMXIA128F4299423,TRFUJVJ128F426F2A2,2391.0,TRWSYHO128F4282346,2099.0,TREBGAA128E078FC52,1814.0,TRFUJVJ128F426F2A2,2.7748500000000025,TRWSYHO128F4282346,2.4839593749999964,TREBGAA128E078FC52,2.1888859375000034,3,TRGNWZK128F42960A4,597.1086309601417,TRWNUXN128F93095BF,589.1196995472867,TRVFPAQ12903CBB680,583.9572880768793,0,TRGNWZK128F42960A4,0.7539599172690951,TRWNUXN128F93095BF,0.7443406805485832,TRVFPAQ12903CBB680,0.7396256980430455,0,3,0,0,0,0,3,TRFUJVJ128F426F2A2,116.1694125063013,TRGNBCC128F92F6218,83.89587812150121,TRLVRJP128F93519FB,82.22789580015247,TRNPNMG128F4262570,0.08054142353336687,TRKWRAU12903CE858E,0.07816115160229321,TRMSKUO128F1461C50,0.07475357315923904,TRJZQSM128F92C4D1B,219.56968417268902,TRXUOEC128F92CC669,214.71338874464746,TRKWRAU12903CE858E,209.93807523446281,TRJZQSM128F92C4D1B,0.30673757707145743,TRXUOEC128F92CC669,0.2958728403748722,TRKWRAU12903CE858E,0.2930640522733713
TRTQRHY128F4241AFD,TRFUJVJ128F426F2A2,5229.0,TRDPGXU128F9339C2A,4046.0,TRBEBJO128C719646B,3444.0,TRFUJVJ128F426F2A2,5.906049999999996,TRDPGXU128F9339C2A,4.530478124999993,TRBEBJO128C719646B,3.9911843749999907,3,TRQCXUL128E078A9D6,542.8408829519204,TRGLGNR128F1487A6F,534.2412179665826,TRTBRQA128F427EE09,532.1062243928185,0,TRQCXUL128E078A9D6,0.6995095732471781,TRTBRQA128F427EE09,0.6827983773603467,TRGLGNR128F1487A6F,0.6821591001210576,0,3,0,0,0,0,3,TRFUJVJ128F426F2A2,297.1820211326169,TRDPGXU128F9339C2A,283.87411716621716,TRZCJFR128F42A12E8,193.4908152460557,TRZCJFR128F42A12E8,0.15102618996457287,TRNQDAJ128F92F4AE0,0.15026681810394593,TRFUJVJ128F426F2A2,0.14556676255433382,TRENWLW128F92CE693,199.73185100592912,TRSSBFP128F14641AB,194.0753880360927,TRXAVWC128F425C763,193.56468820288532,TRENWLW128F92CE693,0.30510264553929917,TRXAVWC128F425C763,0.30492043236405975,TRSSBFP128F14641AB,0.2925568950997795
TRXIEYZ128E078891B,TRFUJVJ128F426F2A2,4719.0,TRWSYHO128F4282346,4640.0,TREBGAA128E078FC52,4321.0,TRWSYHO128F4282346,5.576034375000002,TRFUJVJ128F426F2A2,5.556049999999996,TREBGAA128E078FC52,5.275298437499983,3,TRTALMG128F42921BC,632.2521615798107,TRFLMQX128F9341492,629.3135199645435,TROWYLI128F4263DB4,626.7068571512723,0,TRTALMG128F42921BC,0.7947222995250784,TRFLMQX128F9341492,0.7910766026911562,TROWYLI128F4263DB4,0.7877065265735056,0,3,0,0,0,0,3,TRMTJJT128F14636D9,102.44242251896485,TRUWZJQ128F145E9F7,100.66777959591332,TRVWFVQ128F9316F97,93.8978257601632,TRMTJJT128F14636D9,0.11426199619727488,TRZPXAH12903CEBB8E,0.09947436309919494,TRRYCLJ128F42A56FF,0.09914184347530229,TRMTJJT128F14636D9,308.3070470506049,TRZPXAH12903CEBB8E,288.1613799298587,TRTJMLU128F92EC7C1,251.16466027908268,TRMTJJT128F14636D9,0.41072733163090114,TRZPXAH12903CEBB8E,0.3841206571628474,TRRXHUS128F4289B89,0.3405485902399533
TRTGMIX128EF35E2B9,TRFUJVJ128F426F2A2,4296.0,TRUGLTC128F4227B93,3898.0,TRWSYHO128F4282346,3534.0,TRFUJVJ128F426F2A2,4.903100000000003,TRUGLTC128F4227B93,4.656178124999987,TRWSYHO128F4282346,4.112365625000006,3,TRJQCQT128F428E44D,604.9059801290987,TRDDDBI128F4266C96,550.4773826429474,TRFQOYT128F428CB18,546.5748368490518,0,TRJQCQT128F428E44D,0.7653227497600648,TRDDDBI128F4266C96,0.7006864206843921,TRFQOYT128F428CB18,0.6970056264866659,0,3,0,0,0,0,3,TRDJOCY128F4294CD5,154.52471869048895,TRFUJVJ128F426F2A2,152.34778900942342,TRKGULH128F428C170,142.65345293503458,TRCTLQY128F92F1539,0.12206006214754499,TRDJOCY128F4294CD5,0.11723855999777166,TRMYVVL128F92E865E,0.11693956625248997,TRDDDBI128F4266C96,238.88585761108004,TRRSOKD128E0794DE3,238.00406396068425,TRXNDGR12903CF82E9,226.7017258013634,TRDDDBI128F4266C96,0.3415864999955494,TRRSOKD128E0794DE3,0.32933202966418107,TRXNDGR12903CF82E9,0.327584359367888
TRHPKWO128F92E01D5,TRFUJVJ128F426F2A2,9419.0,TRDPGXU128F9339C2A,6572.0,TRWSYHO128F4282346,6061.0,TRFUJVJ128F426F2A2,10.77325000000001,TRDPGXU128F9339C2A,7.378304687499998,TRWSYHO128F4282346,6.9223906250000065,3,TRTBRQA128F427EE09,634.6916454466952,TRFFJLM128F148BCEF,633.7160011101713,TRUYMCX128F428CCD1,626.0270778905128,0,TRFFJLM128F148BCEF,0.8061828556434271,TRTBRQA128F427EE09,0.804429407966123,TRUYMCX128F428CCD1,0.7972870340363347,0,3,0,0,0,0,3,TRFUJVJ128F426F2A2,423.92301783541114,TRCHZXW128E079288A,412.5907251709131,TRDUSIG12903CA5FCB,379.2132861876628,TRDUSIG12903CA5FCB,0.20287991022240703,TRTLIKK128E07862DA,0.20109640696643807,TRCHZXW128E079288A,0.2007950005326072,TRWNSOH128F428C406,238.56216671662327,TRCPSEW128F4257487,190.9396674404944,TRLNRAF128F428C40C,187.4104321836035,TRWNSOH128F428C406,0.3762801589889655,TRLNRAF128F428C40C,0.3245185941547026,TRDUSIG12903CA5FCB,0.32311350548653345
TRDMUWU128E078EDDB,TRCHZXW128E079288A,5761.0,TRKLJAG128F42B31CF,5532.0,TRXHFMI128F429B2F2,5293.0,TRCHZXW128E079288A,6.928356250000011,TRKLJAG128F42B31CF,6.782812500000035,TRXHFMI128F429B2F2,6.469668750000003,3,TRZKMDX128F4277845,681.799941911656,TREHMYJ128F42BA1E6,654.1813095661236,TRUSIQC128F4253677,651.9568724067941,0,TRZKMDX128F4277845,0.854320402942529,TREHMYJ128F42BA1E6,0.8202833315542979,TRUSIQC128F4253677,0.8176680877007546,0,3,0,0,0,0,3,TRPURWU12903CA4A31,142.38900708251722,TROMMRU128F4250C74,125.17750510831897,TRLIMRE128F92E08B5,119.29956563019947,TRPURWU12903CA4A31,0.15064988865126488,TRLIMRE128F92E08B5,0.12420280985159972,TRNIHFO128F92E082B,0.11583288116989264,TRNIHFO128F92E082B,255.58103393130122,TRZUSDT128F4264391,236.25542479390077,TRPURWU12903CA4A31,231.59099271205517,TRNIHFO128F92E082B,0.34902580601532535,TRZUSDT128F4264391,0.33112767084481226,TRPURWU12903CA4A31,0.32478711829288587
TRXEAZB128E078EDCE,TRDPGXU128F9339C2A,1654.0,TRFLWJZ128F425C9E4,1620.0,TRFUJVJ128F426F2A2,1569.0,TRFLWJZ128F425C9E4,1.8947109375000089,TRDPGXU128F9339C2A,1.8578453125000012,TRFUJVJ128F426F2A2,1.7105499999999947,3,TRSYKVM128F14922FF,428.0981638380369,TRJATQE12903CB4F22,394.99280992428345,TROTNTX12903CE452F,393.5310099549338,0,TRSYKVM128F14922FF,0.5449923084908624,TROTNTX12903CE452F,0.5030027606581198,TRJATQE12903CB4F22,0.502848558997199,0,3,0,0,0,0,3,TRXMQNH128F4287D61,162.70602691447817,TRFEGNP128F93462CB,149.04111699627452,TRXDWYK128F425C160,148.99969686245336,TRXMQNH128F4287D61,0.18693365692834468,TRXDWYK128F425C160,0.1593068006972158,TRLZVNA128F1474A16,0.15506693948605724,TRLVNQX128F42975E7,335.15374337348936,TRAAHBS128F429F76A,331.5825659336834,TRCCBDW128F92CD25E,326.29395113962613,TRLVNQX128F42975E7,0.4289492249151803,TRAAHBS128F429F76A,0.42753047382327286,TRCCBDW128F92CD25E,0.4185292448046304
TRLKNKC128F42BC213,TRZZQIP128F92EFEAD,3476.0,TRDOJIR128F42840C0,3220.0,TRBVPVV128F425F14F,1979.0,TRZZQIP128F92EFEAD,4.2261343750000036,TRDOJIR128F42840C0,3.918049999999992,TRBVPVV128F425F14F,2.3048968749999976,3,TRGRUXY128F9310866,469.1658612258927,TRCJENI128E0781B04,430.7203251995125,TRDOJIR128F42840C0,430.3049446414556,1,TRGRUXY128F9310866,0.5984292252518563,TRCYYII12903CB5FCA,0.5492418123628318,TRCJENI128E0781B04,0.5465566391201769,0,3,1,0,1,0,2,TRDPGXU128F9339C2A,176.576924009299,TRFUJVJ128F426F2A2,144.7436881953949,TRXSBES128F429496F,144.0695971103457,TRXSBES128F429496F,0.13548085437213553,TRXRHWV128F93089CB,0.12702445636276155,TRRZAAK128F9302FCA,0.1236372792675537,TRFEZUB128F42729D9,214.1864372463891,TRUPZNC128F1465C56,205.43285929485148,TRXRHWV128F93089CB,203.78958146655214,TRFEZUB128F42729D9,0.2993210323684099,TRXRHWV128F93089CB,0.2976949243976111,TRUPZNC128F1465C56,0.2939884026738101
TRVQBRZ128F423EEDC,TRFUJVJ128F426F2A2,3474.0,TRDPGXU128F9339C2A,3262.0,TRWSYHO128F4282346,2985.0,TRFUJVJ128F426F2A2,3.9170000000000043,TRDPGXU128F9339C2A,3.7216640625000035,TRWSYHO128F4282346,3.453171874999997,3,TRDSUZH128F425BAC3,606.586469628602,TRTVTYS128E0792887,604.9777531657493,TROSKLK128F145806A,603.9690898344043,0,TRDSUZH128F425BAC3,0.7702018377557985,TRTVTYS128E0792887,0.7697022889326173,TRFOGZN128F42882B5,0.7676113742511766,0,3,0,0,0,0,2,TRFUJVJ128F426F2A2,264.3781450692848,TRDPGXU128F9339C2A,209.5434401497894,TRHGZOJ128F14A2ED0,180.66547951701543,TRFUJVJ128F426F2A2,0.16356062560088347,TRDFOXO128F42BBDCD,0.1302572286906179,TRHGZOJ128F14A2ED0,0.12955084075369608,TRXFHRD128F930527E,230.07408069397323,TRYHZAC128F92F674B,213.79988592002576,TRQOKTX128E07818DC,196.96348358258413,TRNMYKI128F932ACEB,0.32582054583107256,TRFUJVJ128F426F2A2,0.32448215281739695,TRXFHRD128F930527E,0.32146837063344785
TRBNXZS12903D0A686,TREAUAV128EF33FE50,2005.0,TRSABJR128F429C84B,2000.0,TRRHCLC128F427D727,1840.0,TREAUAV128EF33FE50,2.4399874999999986,TRSABJR128F429C84B,2.4081624999999995,TRPNSHU128F428049F,2.2588562499999942,2,TRWMKRQ128F42A035D,555.4640338852687,TRTCVIR128F42607B3,493.07704812317854,TRFWOXD128F9300A13,490.61276257390915,0,TRWMKRQ128F42A035D,0.696014386308457,TRTCVIR128F42607B3,0.6197551352362225,TRFWOXD128F9300A13,0.6164114922991636,0,2,0,0,0,0,3,TRWZUDO128F1495E26,83.79730184552692,TRFFJLM128F148BCEF,81.1703874161026,TRFUJVJ128F426F2A2,81.11178433128131,TRVKXNN128F4226056,0.07557766788046115,TRVJKQQ12903CA7C5C,0.07473732095617656,TRKDCLW12903CD47A6,0.07066956962847497,TRGBCZF128E079440F,234.1824848068045,TRIPIME128F934BC06,198.74399676652223,TRTATPW128F428D14E,193.58212715523103,TRGBCZF128E079440F,0.3102906675389302,TRTATPW128F428D14E,0.2649470575356275,TRIPIME128F934BC06,0.2585691294803201
TRGGBKA128F428E461,TRDPGXU128F9339C2A,1264.0,TROIJDA128F9341E70,1222.0,TRCHZXW128E079288A,1219.0,TROIJDA128F9341E70,1.4720140625000047,TRDPGXU128F9339C2A,1.4703640624999996,TRCHZXW128E079288A,1.4410109375000002,3,TRGZDBB128F4270A4C,579.5312632383215,TRCDUMA128F427D458,572.8779159313125,TRPEAPG128F4294CC0,566.35642834394,0,TRGZDBB128F4270A4C,0.7305466957501099,TRCDUMA128F427D458,0.7234409976117012,TRPEAPG128F4294CC0,0.7154168297111289,0,3,0,0,0,0,3,TRWZUDO128F1495E26,66.43499529158382,TRBXSJT12903CC7DAA,56.53697506436717,TRHPZQI128F428204F,56.142830607619175,TRBXSJT12903CC7DAA,0.06183323033911564,TRHPZQI128F428204F,0.06156297884827891,TRPMWXN128E0792C24,0.06126834660795652,TRBXSJT12903CC7DAA,258.29552250307756,TRHPZQI128F428204F,238.77299615795235,TRTATPW128F428D14E,229.90392149728993,TRBXSJT12903CC7DAA,0.3500052399973628,TRHPZQI128F428204F,0.3249942827587003,TRTATPW128F428D14E,0.3081864383882161
TRICQHX128F93269FC,TRFUJVJ128F426F2A2,3248.0,TRDPGXU128F9339C2A,2799.0,TRGLNKG128F9307689,2409.0,TRFUJVJ128F426F2A2,3.710400000000003,TRDPGXU128F9339C2A,3.2063875,TRGLNKG128F9307689,2.7972624999999978,3,TREZUTJ128F4250CFF,542.3081383149199,TRNVKOI128E0799173,539.7041938054736,TRUVRBS128F42A34DD,527.8077813118896,0,TREZUTJ128F4250CFF,0.6896120792620495,TRNVKOI128E0799173,0.68744313583429,TRUVRBS128F42A34DD,0.6718526262720028,0,3,0,0,0,0,3,TRGLNKG128F9307689,171.038395677466,TRKGULH128F428C170,160.10712042640915,TRBCSDW128F424D686,152.26869540570866,TRBCSDW128F424D686,0.16049489732867936,TRAYJOF128F92F9EEA,0.13746441990318792,TRQKCQX128F1456854,0.13236471358771662,TROVKZW128F427CA18,234.7782415557234,TRTQOXV128E0786E3C,233.34261342948935,TRVPMVK128EF34E085,214.59596783127037,TRTQOXV128E0786E3C,0.32690647470676226,TROVKZW128F427CA18,0.31275264745318765,TRVPMVK128EF34E085,0.30880126872952374
TRAFWEV128F428D391,TRFGJLT128F1491125,1168.0,TRCETEN128F42AD6D0,932.0,TRIJLHF128F9322FE4,909.0,TRFGJLT128F1491125,1.3925750000000077,TRCETEN128F42AD6D0,1.101925,TRIJLHF128F9322FE4,1.0764374999999997,3,TRYPVSX128F427362D,395.0348241261294,TRDZATL128F4260FFB,324.7526370114585,TROTJIT128F145E017,317.91936218319466,0,TRYPVSX128F427362D,0.5072720027291517,TRDZATL128F4260FFB,0.42177577027464075,TROTJIT128F145E017,0.41322160742060193,0,3,0,0,0,0,3,TRHYJKU128F9351A14,123.10739078764252,TRFEGNP128F93462CB,120.78723568455844,TRLUXWO128F14618D6,111.24979590364873,TRHYJKU128F9351A14,0.10742784246192455,TRZOLLI128F14B1014,0.09530914415794099,TRLILXS128F930773F,0.09523566440643746,TRXGLHP128F92E5AFD,228.39415162242454,TRBFURZ128EF34C0B0,208.04897968674183,TRFLJNE12903CB44F1,207.87678412958752,TRXGLHP128F92E5AFD,0.28992223362970865,TRFLJNE12903CB44F1,0.2871015638168888,TRBFURZ128EF34C0B0,0.2654071157477848
TRJRIBM128E0788E18,TRFUJVJ128F426F2A2,5496.0,TRWSYHO128F4282346,4564.0,TRDPGXU128F9339C2A,4194.0,TRFUJVJ128F426F2A2,6.391599999999999,TRWSYHO128F4282346,5.392349999999991,TRDPGXU128F9339C2A,4.842424999999999,3,TROXHLM128F4266510,636.1583047969227,TRZCHKB128F92CB740,617.8956422802403,TRGLNKG128F9307689,613.6707668029844,0,TROXHLM128F4266510,0.8039964189580877,TRZCHKB128F92CB740,0.7826352889810418,TRGLNKG128F9307689,0.7773461322803495,0,3,0,0,0,0,3,TRGLNKG128F9307689,180.59359843536154,TRDPGXU128F9339C2A,168.1217382789589,TRFUJVJ128F426F2A2,151.74766735840075,TRGLNKG128F9307689,0.12959290007427607,TRQXYGU128E079236A,0.11340731851338966,TREAKLH128F42B002D,0.11165409991569847,TRPZVBC128F14884AC,242.1065666729445,TRVZCTL128E078F0BE,230.0015099917945,TRZNHJN128F4293FC2,215.8228774255388,TRPZVBC128F14884AC,0.3407964155459448,TRVZCTL128E078F0BE,0.3374242766942529,TRZNHJN128F4293FC2,0.3267809030579963
TRIVTJA128F92C1E80,TRDPGXU128F9339C2A,5072.0,TRFUJVJ128F426F2A2,4981.0,TRCHZXW128E079288A,3802.0,TRDPGXU128F9339C2A,5.772585937499998,TRFUJVJ128F426F2A2,5.54775,TRXHFMI128F429B2F2,4.4724921875000065,2,TRMRNDW128F4292475,535.0137745811395,TREFTIM128F149E6AD,533.3349853980966,TRLXGCW128F42714E2,530.2316162817401,0,TRMRNDW128F4292475,0.6872381079484433,TRLXGCW128F42714E2,0.6811183880332392,TRDPGXU128F9339C2A,0.6807915148652416,1,2,0,1,0,1,2,TRDPGXU128F9339C2A,277.92667765937495,TRFUJVJ128F426F2A2,217.11182780416368,TRMTSMP128F92F621B,210.0037522776183,TRMTSMP128F92F621B,0.17116654462347675,TRNSSZD128E0784696,0.16184206971209086,TRJISRM128F9328AD4,0.14793188649592362,TRDSYNA128F92E839D,219.24186714324154,TRNSSZD128E0784696,217.20058748170248,TRCBUIM12903CF475B,213.03564244499273,TRMTSMP128F92F621B,0.3251490959396633,TRDSYNA128F92E839D,0.31993276805138277,TRBAKQW128F42662AA,0.3197311966414818
TRFLRXQ128F4280CCC,TRFUJVJ128F426F2A2,3523.0,TRDPGXU128F9339C2A,2279.0,TRFLWJZ128F425C9E4,1809.0,TRFUJVJ128F426F2A2,3.934549999999997,TRDPGXU128F9339C2A,2.4563687499999993,TRFLWJZ128F425C9E4,2.0174062500000014,3,TRTVXUZ128F1466475,539.333960945071,TRFVYRV128F42BBAA0,490.0259481621007,TRUVVFR128F4248609,482.0625047596379,0,TRTVXUZ128F1466475,0.6941691458972855,TRFVYRV128F42BBAA0,0.6360508790162288,TRUVVFR128F4248609,0.6276982836863315,0,3,0,0,0,0,3,TRFUJVJ128F426F2A2,205.95394383667886,TRIPIMD128F92D3E12,187.58490474069114,TRDPGXU128F9339C2A,181.86958714618083,TRAMTEH128F930D496,0.1803849736214544,TRIPIMD128F92D3E12,0.17947325125660954,TRKSSMT128E07948E7,0.15706808788329474,TRAJQIF128F92CD28A,247.48158662845023,TRAMTEH128F930D496,243.2278130012891,TRKSSMT128E07948E7,236.41199945670337,TRKSSMT128E07948E7,0.3358668460858979,TRAMTEH128F930D496,0.33555657579203924,TRAJQIF128F92CD28A,0.3346984703563308
TRYBPGK128F4255BE3,TRFUJVJ128F426F2A2,7670.0,TRWSYHO128F4282346,6745.0,TREBGAA128E078FC52,6282.0,TRFUJVJ128F426F2A2,9.079200000000004,TRWSYHO128F4282346,8.099059374999982,TREBGAA128E078FC52,7.665685937499992,3,TRLQBZP12903CECC4A,651.9543447399598,TREIANS128F147AD97,651.8017523514243,TRCTLQY128F92F1539,650.2688461439203,0,TRLQBZP12903CECC4A,0.8193274341404784,TREIANS128F147AD97,0.8188116606805397,TRCTLQY128F92F1539,0.817231008371945,0,3,0,0,0,0,3,TRAUNHR128F92DBBC1,141.12281677311742,TRHSGWF128F92E4F0B,136.41648554920948,TRDPGXU128F9339C2A,133.9063174198266,TRHSGWF128F92E4F0B,0.14514478711538603,TRAUNHR128F92DBBC1,0.13260936787443725,TRTCLFS128E0799AD4,0.11112550546954596,TRAVHOD12903CFCDBC,239.33730711346567,TRHSGWF128F92E4F0B,228.737189427681,TRPOKET12903CB2D00,205.18217241757858,TRAVHOD12903CFCDBC,0.3295784382183358,TRHSGWF128F92E4F0B,0.3198544655362284,TRIWNZP128F4264D70,0.28808374585232194
TRGXNCJ128F425FB1C,TRDPGXU128F9339C2A,570.0,TRCHZXW128E079288A,522.0,TRRSNPA128F148C45E,477.0,TRDPGXU128F9339C2A,0.65095,TRCHZXW128E079288A,0.6060499999999994,TRRSNPA128F148C45E,0.5633999999999997,3,TRMSQFN128F4294259,507.0969722716344,TRBGXIH128E0783797,464.04991133667147,TRSXWOE12903CA7F6E,451.0660622408421,0,TRMSQFN128F4294259,0.644044563029919,TRBGXIH128E0783797,0.5921780421560326,TRSXWOE12903CA7F6E,0.5784299846612481,0,3,0,0,0,0,3,TRLCWTH128F92C7F82,56.85558563186577,TRETTPG128F9343EE4,54.165557217523634,TRCHZXW128E079288A,48.01866708090246,TRLCWTH128F92C7F82,0.05899877115813846,TRETTPG128F9343EE4,0.049276596915856785,TRHGOBH128F92E8673,0.048468928549948484,TREPXPO128F42576D0,199.5990805486681,TRYLJVY128F4246873,196.94778356764223,TRLCWTH128F92C7F82,173.642738896095,TREPXPO128F42576D0,0.2667678376851668,TRYLJVY128F4246873,0.2559140682024051,TRLCWTH128F92C7F82,0.24843192478837733
TRFNRGN128E0791E0E,TRFUJVJ128F426F2A2,4443.0,TRWSYHO128F4282346,3252.0,TRDPGXU128F9339C2A,3012.0,TRFUJVJ128F426F2A2,5.066150000000004,TRWSYHO128F4282346,3.7463375,TRDPGXU128F9339C2A,3.3572312499999977,3,TRPYKXK128F145F107,505.83450992277625,TRSMHTC128F4282341,503.86313904797254,TRBEEEO128F146B9F1,490.01443627090566,0,TRSMHTC128F4282341,0.6478263358315635,TRPYKXK128F145F107,0.6445612454740545,TRBEEEO128F146B9F1,0.6304138813128498,0,3,0,0,0,0,3,TRXDWYK128F425C160,287.67059513275706,TRFEGNP128F93462CB,263.64053424815455,TRDPGXU128F9339C2A,244.54756575801645,TRXDWYK128F425C160,0.28996747860824934,TRXMQNH128F4287D61,0.2547594541160234,TRNWQYN128F4284F1D,0.2390030098927848,TRLVNQX128F42975E7,359.9345620514997,TRCCBDW128F92CD25E,350.23905349763675,TRVDLAQ128F14A2B19,320.0349879243574,TRLVNQX128F42975E7,0.46515414541999806,TRCCBDW128F92CD25E,0.454627475680727,TRVDLAQ128F14A2B19,0.4251838263537401
TROLTZX128E0791C1A,TRFUJVJ128F426F2A2,3227.0,TRBVPVV128F425F14F,3205.0,TRGUCIR128F933D817,3145.0,TRBVPVV128F425F14F,3.855553124999998,TRGUCIR128F933D817,3.750724999999999,TRFUJVJ128F426F2A2,3.651950000000003,3,TROERMK128F4293EDD,644.2345963874999,TRRBOOS128F42726FE,570.1049932519471,TRREWHC128F42BAA2D,569.9332393077012,0,TROERMK128F4293EDD,0.8101077396977312,TRREWHC128F42BAA2D,0.721850688965359,TRRBOOS128F42726FE,0.7214450813240924,0,3,0,0,0,0,3,TRYCBLK12903CE6A0E,168.76403710595486,TRFUJVJ128F426F2A2,140.43526306966928,TRGOKCU128F92EF28C,138.5704572094769,TRYCBLK12903CE6A0E,0.13305635660729906,TRGOKCU128F92EF28C,0.11966802819133765,TRPFDGQ128F428006B,0.1189547134424669,TRLDJAG128F42B5321,228.48873182127895,TRPFDGQ128F428006B,223.36852370271362,TRZJDWU128E0792F7D,212.1601603716717,TRLDJAG128F42B5321,0.32753588338044926,TRPFDGQ128F428006B,0.32561546217782694,TRGOKCU128F92EF28C,0.3043279472224643
TRJZZCN128E07938C5,TRFUJVJ128F426F2A2,7001.0,TRWSYHO128F4282346,6435.0,TREBGAA128E078FC52,5628.0,TRFUJVJ128F426F2A2,8.118750000000023,TRWSYHO128F4282346,7.630390625000007,TREBGAA128E078FC52,6.802539062500021,3,TRVLDOB128F4279768,547.5183095994142,TRFBASZ128F42317D3,538.4069080177502,TRPYPOE128F4248543,535.8444094997324,0,TRVLDOB128F4279768,0.6934422098783025,TRFBASZ128F42317D3,0.6826999556404979,TRFQTEX128E078E92D,0.6781740625850733,0,3,0,0,0,0,2,TRFUJVJ128F426F2A2,217.88503077001866,TRCHZXW128E079288A,177.14766409123047,TRDGICW128F42963E2,173.18502070978016,TRJYSJS128EF356B75,0.15298598281264436,TRWAMJL128F92D124B,0.15205849711662306,TRCBAMW128EF3435A0,0.13601348544983569,TRWWUSA12903CF1CD2,251.03833574461657,TRWAMJL128F92D124B,247.23179141613792,TRWJNEC128E079654F,244.36233927428373,TRWWUSA12903CF1CD2,0.34660816841290354,TRWAMJL128F92D124B,0.33680073039527303,TRWJNEC128E079654F,0.33621684335833607
TRCZLLQ128E0792778,TRFUJVJ128F426F2A2,5843.0,TRWSYHO128F4282346,5555.0,TREBGAA128E078FC52,4630.0,TRFUJVJ128F426F2A2,6.728750000000015,TRWSYHO128F4282346,6.567968750000015,TREBGAA128E078FC52,5.576171875000013,3,TRMEKRF12903CC80A6,567.775430345964,TRTVTYS128E0792887,561.5433040622896,TRDPNYI12903D0517A,556.3967817333602,0,TRMEKRF12903CC80A6,0.7191572913316754,TRTVTYS128E0792887,0.7142202978242902,TRDHLOW128F429BA29,0.7064460518795056,0,3,0,0,0,0,2,TRFUJVJ128F426F2A2,225.7761115544357,TRCHZXW128E079288A,185.04805956399974,TRDPGXU128F9339C2A,173.83920565049195,TRFUJVJ128F426F2A2,0.13794575173829493,TRPIELK128F931F06C,0.1287297690066327,TRDPNYI12903D0517A,0.12604903360051997,TRKVLUS128EF345FD0,245.6118772018462,TRPSYVF128F428A446,239.75893354800024,TRDPNYI12903D0517A,234.67623263554378,TRPSYVF128F428A446,0.34977862876956956,TRDPNYI12903D0517A,0.34448317925452543,TRKVLUS128EF345FD0,0.3347328997010867
TRUIAKW128F428C787,TRFUJVJ128F426F2A2,2221.0,TRDPGXU128F9339C2A,1948.0,TRGUCIR128F933D817,1874.0,TRFUJVJ128F426F2A2,2.396749999999999,TRGUCIR128F933D817,2.1630624999999997,TRDPGXU128F9339C2A,2.117632812499998,3,TRWNNIJ128F429F912,519.8406963766795,TRLXIWQ128F428AB13,506.73699389942095,TRXTAPD128F145A606,503.6536469677144,0,TRWNNIJ128F429F912,0.6596681150755037,TRLXIWQ128F428AB13,0.6553116452402609,TRXTAPD128F145A606,0.6538628246021678,0,3,0,0,0,0,3,TRDPGXU128F9339C2A,183.77214582843692,TRFUJVJ128F426F2A2,178.28464862977103,TRZCHKB128F92CB740,155.59717040785745,TRVPMVK128EF34E085,0.12410853717862996,TRZCHKB128F92CB740,0.11037092441681409,TRBDCAH128EF362D31,0.1009780288701819,TRVPMVK128EF34E085,226.1539983388862,TRVJPQP128F426CE9C,204.00184904773946,TRKWHZC128F1462476,198.1890959432369,TRVPMVK128EF34E085,0.33851567562030105,TRKWHZC128F1462476,0.3156802658110082,TRVJPQP128F426CE9C,0.31484201778647425
TRCRHFK128F427FD8F,TRFUJVJ128F426F2A2,3707.0,TRDPGXU128F9339C2A,2735.0,TRWSYHO128F4282346,2468.0,TRFUJVJ128F426F2A2,4.274949999999997,TRDPGXU128F9339C2A,3.118693750000002,TRWSYHO128F4282346,2.850512499999999,3,TRFFJLM128F148BCEF,594.8935521593137,TREHMUM12903CA8188,584.1403183380722,TRBWQCV128F1460B80,579.3024827747574,0,TRFFJLM128F148BCEF,0.7577498803644956,TREHMUM12903CA8188,0.7458850623957862,TRBWQCV128F1460B80,0.7401553649414182,0,3,0,0,0,0,3,TRDPGXU128F9339C2A,189.50465507593367,TRFUJVJ128F426F2A2,169.70168944369354,TRDUSIG12903CA5FCB,144.1905618600006,TRSYQHR128F428AC34,0.10588376701980334,TRDPGXU128F9339C2A,0.09718878772214973,TRZCJFR128F42A12E8,0.08851305684596703,TRREGLL128E078E740,173.04609890694744,TRDSVXN12903CF230F,164.82758880039773,TRCYEZX128F9336C8E,164.65304988390398,TRSYQHR128F428AC34,0.29575181554392166,TROXHLM128F4266510,0.28330288522469327,TRAZHNL12903CC1B6C,0.27931955230834976
TRMOUUU128F14ADE16,TRFUJVJ128F426F2A2,5271.0,TRWSYHO128F4282346,4153.0,TRDPGXU128F9339C2A,3679.0,TRFUJVJ128F426F2A2,6.14485,TRWSYHO128F4282346,4.901146874999994,TREBGAA128E078FC52,4.339354687499994,2,TRNHSZN128F930FF03,640.7218513153149,TRWNUXN128F93095BF,632.3524175530697,TRVFPAQ12903CBB680,630.3614566184447,0,TRNHSZN128F930FF03,0.8082816309693984,TRWNUXN128F93095BF,0.7967210771082904,TRVFPAQ12903CBB680,0.796042228096731,0,2,0,0,0,0,3,TRFUJVJ128F426F2A2,216.8876534274578,TRDPGXU128F9339C2A,171.26667589756943,TRCHZXW128E079288A,164.51182305143635,TRFUJVJ128F426F2A2,0.1167936570035503,TRRIKJJ128F426F559,0.11032549636641646,TRVVBPB128F4250C72,0.11010499628087937,TRNMHLT128F933D65F,218.50160565228944,TREKYIF128F4262226,212.5463365983207,TRTKXNY12903CB661C,203.45114347387658,TRTKXNY12903CB661C,0.32188410174789894,TRNMHLT128F933D65F,0.31632612315311903,TREKYIF128F4262226,0.3148464525868579
TRCURQD128F427C75B,TRBVPVV128F425F14F,5163.0,TRGUCIR128F933D817,4137.0,TRFUJVJ128F426F2A2,3732.0,TRBVPVV128F425F14F,6.200470312500006,TRGUCIR128F933D817,4.867837500000005,TREXCMT128F933D825,4.333678125000009,2,TRJHAQR12903CA7194,495.90475244933026,TRHSWOG128F4257515,487.77370392841493,TRBVPVV128F425F14F,485.46701894689005,1,TRJHAQR12903CA7194,0.628830735698054,TRHSWOG128F4257515,0.6196653660624779,TRBVPVV128F425F14F,0.6156384251057921,1,2,1,1,1,1,3,TRFUJVJ128F426F2A2,267.1063199210202,TRQQLZD128F425E9BC,230.11727621602972,TRDPGXU128F9339C2A,211.51589746994097,TRQQLZD128F425E9BC,0.22198991708225393,TRSIBBE128F1492FDC,0.16418672216160174,TRLLYKL128F426F270,0.15699817875119393,TRSGMQI128F93583DA,230.7045358400135,TRQQLZD128F425E9BC,206.7261725929018,TRHSWOG128F4257515,190.59939565846693,TRSGMQI128F93583DA,0.3263915710679241,TRQQLZD128F425E9BC,0.3108313792447694,TRETQJL128F149199F,0.2853046956524085
TRRKJGZ128F148128F,TRFUJVJ128F426F2A2,5348.0,TRDPGXU128F9339C2A,5240.0,TRCHZXW128E079288A,4451.0,TRFUJVJ128F426F2A2,5.978900000000002,TRDPGXU128F9339C2A,5.959504687500007,TRCHZXW128E079288A,5.118120312499988,3,TRQXNHC12903CD80BA,555.3129056343247,TRISBQQ128F93217A2,553.9372399867943,TRBCRNY128F931D755,546.0533081886775,0,TRQXNHC12903CD80BA,0.7084196530693658,TRISBQQ128F93217A2,0.7072370898212105,TRILLIR128F429E5D7,0.6977719503390314,0,3,0,0,0,0,2,TRDPGXU128F9339C2A,282.12235174966094,TRFUJVJ128F426F2A2,248.36073773464767,TRCHZXW128E079288A,216.3424124959524,TRDPGXU128F9339C2A,0.1742205427785197,TRQAWKR128F425EEC3,0.17364270841560664,TRDJOCY128F4294CD5,0.16567552901870844,TRAZBSP128F147E924,270.11199275343364,TRBCRNY128F931D755,246.72440382950992,TRFYBJS128F145F5FA,227.00357344882062,TRAZBSP128F147E924,0.35668843048060195,TRBCRNY128F931D755,0.3519111176959091,TRFYBJS128F145F5FA,0.33546167128735865
